candidate,columns,n_columns,n_samples,mi_nats
all_species_day_88,FSH_day_88|PGF_day_88|P4_day_88|E2_day_88|INH_day_88|IGF1_day_88|Insulin_day_88|Glucose_day_88|Glucagon_day_88,9,7874,1.4386920465782893
all_species_day_89,FSH_day_89|PGF_day_89|P4_day_89|E2_day_89|INH_day_89|IGF1_day_89|Insulin_day_89|Glucose_day_89|Glucagon_day_89,9,7874,1.4200918678198953
all_species_day_66,FSH_day_66|PGF_day_66|P4_day_66|E2_day_66|INH_day_66|IGF1_day_66|Insulin_day_66|Glucose_day_66|Glucagon_day_66,9,7874,1.4125527229644597
all_species_day_90,FSH_day_90|PGF_day_90|P4_day_90|E2_day_90|INH_day_90|IGF1_day_90|Insulin_day_90|Glucose_day_90|Glucagon_day_90,9,7874,1.4053515230677043
all_species_day_83,FSH_day_83|PGF_day_83|P4_day_83|E2_day_83|INH_day_83|IGF1_day_83|Insulin_day_83|Glucose_day_83|Glucagon_day_83,9,7874,1.403387101989484
all_species_day_67,FSH_day_67|PGF_day_67|P4_day_67|E2_day_67|INH_day_67|IGF1_day_67|Insulin_day_67|Glucose_day_67|Glucagon_day_67,9,7874,1.3950831687130467
all_species_day_68,FSH_day_68|PGF_day_68|P4_day_68|E2_day_68|INH_day_68|IGF1_day_68|Insulin_day_68|Glucose_day_68|Glucagon_day_68,9,7874,1.3846584409387805
all_species_day_61,FSH_day_61|PGF_day_61|P4_day_61|E2_day_61|INH_day_61|IGF1_day_61|Insulin_day_61|Glucose_day_61|Glucagon_day_61,9,7874,1.3739539547113608
all_species_day_69,FSH_day_69|PGF_day_69|P4_day_69|E2_day_69|INH_day_69|IGF1_day_69|Insulin_day_69|Glucose_day_69|Glucagon_day_69,9,7874,1.3654361114494815
all_species_day_82,FSH_day_82|PGF_day_82|P4_day_82|E2_day_82|INH_day_82|IGF1_day_82|Insulin_day_82|Glucose_day_82|Glucagon_day_82,9,7874,1.347996901521718
all_species_day_84,FSH_day_84|PGF_day_84|P4_day_84|E2_day_84|INH_day_84|IGF1_day_84|Insulin_day_84|Glucose_day_84|Glucagon_day_84,9,7874,1.336864536312012
all_species_day_70,FSH_day_70|PGF_day_70|P4_day_70|E2_day_70|INH_day_70|IGF1_day_70|Insulin_day_70|Glucose_day_70|Glucagon_day_70,9,7874,1.335742175789603
all_species_day_62,FSH_day_62|PGF_day_62|P4_day_62|E2_day_62|INH_day_62|IGF1_day_62|Insulin_day_62|Glucose_day_62|Glucagon_day_62,9,7874,1.3263250347857873
all_species_day_85,FSH_day_85|PGF_day_85|P4_day_85|E2_day_85|INH_day_85|IGF1_day_85|Insulin_day_85|Glucose_day_85|Glucagon_day_85,9,7874,1.2932339317390635
all_species_day_60,FSH_day_60|PGF_day_60|P4_day_60|E2_day_60|INH_day_60|IGF1_day_60|Insulin_day_60|Glucose_day_60|Glucagon_day_60,9,7874,1.287923502848951
all_species_day_63,FSH_day_63|PGF_day_63|P4_day_63|E2_day_63|INH_day_63|IGF1_day_63|Insulin_day_63|Glucose_day_63|Glucagon_day_63,9,7874,1.2876368805209637
all_species_day_86,FSH_day_86|PGF_day_86|P4_day_86|E2_day_86|INH_day_86|IGF1_day_86|Insulin_day_86|Glucose_day_86|Glucagon_day_86,9,7874,1.2587231640559615
all_species_day_71,FSH_day_71|PGF_day_71|P4_day_71|E2_day_71|INH_day_71|IGF1_day_71|Insulin_day_71|Glucose_day_71|Glucagon_day_71,9,7874,1.2501844423495143
all_species_day_72,FSH_day_72|PGF_day_72|P4_day_72|E2_day_72|INH_day_72|IGF1_day_72|Insulin_day_72|Glucose_day_72|Glucagon_day_72,9,7874,1.2399152538671832
all_species_day_73,FSH_day_73|PGF_day_73|P4_day_73|E2_day_73|INH_day_73|IGF1_day_73|Insulin_day_73|Glucose_day_73|Glucagon_day_73,9,7874,1.238572696237231
all_species_day_64,FSH_day_64|PGF_day_64|P4_day_64|E2_day_64|INH_day_64|IGF1_day_64|Insulin_day_64|Glucose_day_64|Glucagon_day_64,9,7874,1.2312054047056975
all_species_day_65,FSH_day_65|PGF_day_65|P4_day_65|E2_day_65|INH_day_65|IGF1_day_65|Insulin_day_65|Glucose_day_65|Glucagon_day_65,9,7874,1.2114034889687506
all_species_day_74,FSH_day_74|PGF_day_74|P4_day_74|E2_day_74|INH_day_74|IGF1_day_74|Insulin_day_74|Glucose_day_74|Glucagon_day_74,9,7874,1.2081177275101815
all_species_day_87,FSH_day_87|PGF_day_87|P4_day_87|E2_day_87|INH_day_87|IGF1_day_87|Insulin_day_87|Glucose_day_87|Glucagon_day_87,9,7874,1.2040131554813218
all_species_day_75,FSH_day_75|PGF_day_75|P4_day_75|E2_day_75|INH_day_75|IGF1_day_75|Insulin_day_75|Glucose_day_75|Glucagon_day_75,9,7874,1.1729963315367087
all_species_day_80,FSH_day_80|PGF_day_80|P4_day_80|E2_day_80|INH_day_80|IGF1_day_80|Insulin_day_80|Glucose_day_80|Glucagon_day_80,9,7874,1.1571467956309505
all_species_day_58,FSH_day_58|PGF_day_58|P4_day_58|E2_day_58|INH_day_58|IGF1_day_58|Insulin_day_58|Glucose_day_58|Glucagon_day_58,9,7874,1.128263633040099
all_species_day_77,FSH_day_77|PGF_day_77|P4_day_77|E2_day_77|INH_day_77|IGF1_day_77|Insulin_day_77|Glucose_day_77|Glucagon_day_77,9,7874,1.1009138073207492
all_species_day_81,FSH_day_81|PGF_day_81|P4_day_81|E2_day_81|INH_day_81|IGF1_day_81|Insulin_day_81|Glucose_day_81|Glucagon_day_81,9,7874,1.0992709435807058
all_species_day_79,FSH_day_79|PGF_day_79|P4_day_79|E2_day_79|INH_day_79|IGF1_day_79|Insulin_day_79|Glucose_day_79|Glucagon_day_79,9,7874,1.0938310940025229
all_species_day_59,FSH_day_59|PGF_day_59|P4_day_59|E2_day_59|INH_day_59|IGF1_day_59|Insulin_day_59|Glucose_day_59|Glucagon_day_59,9,7874,1.0824997741780358
all_species_day_78,FSH_day_78|PGF_day_78|P4_day_78|E2_day_78|INH_day_78|IGF1_day_78|Insulin_day_78|Glucose_day_78|Glucagon_day_78,9,7874,1.0747030959424748
all_species_day_55,FSH_day_55|PGF_day_55|P4_day_55|E2_day_55|INH_day_55|IGF1_day_55|Insulin_day_55|Glucose_day_55|Glucagon_day_55,9,7874,1.0652597061583329
all_species_day_57,FSH_day_57|PGF_day_57|P4_day_57|E2_day_57|INH_day_57|IGF1_day_57|Insulin_day_57|Glucose_day_57|Glucagon_day_57,9,7874,1.063691049045877
all_species_day_76,FSH_day_76|PGF_day_76|P4_day_76|E2_day_76|INH_day_76|IGF1_day_76|Insulin_day_76|Glucose_day_76|Glucagon_day_76,9,7874,1.0622095672556657
all_species_day_56,FSH_day_56|PGF_day_56|P4_day_56|E2_day_56|INH_day_56|IGF1_day_56|Insulin_day_56|Glucose_day_56|Glucagon_day_56,9,7874,1.0432971745869946
Insulin_day_79,Insulin_day_79,1,7874,0.40239601866540653
Insulin_day_56,Insulin_day_56,1,7874,0.40239601866540653
Insulin_day_70,Insulin_day_70,1,7874,0.40239601866540653
Insulin_day_71,Insulin_day_71,1,7874,0.40239601866540653
Insulin_day_78,Insulin_day_78,1,7874,0.40239601866540653
Insulin_day_64,Insulin_day_64,1,7874,0.40239601866540653
Insulin_day_77,Insulin_day_77,1,7874,0.40239601866540653
Insulin_day_61,Insulin_day_61,1,7874,0.40239601866540653
Insulin_day_72,Insulin_day_72,1,7874,0.40239601866540653
Insulin_day_86,Insulin_day_86,1,7874,0.40239601866540653
Insulin_day_73,Insulin_day_73,1,7874,0.40239601866540653
Insulin_day_76,Insulin_day_76,1,7874,0.40239601866540653
Insulin_day_89,Insulin_day_89,1,7874,0.40239601866540653
Insulin_day_62,Insulin_day_62,1,7874,0.40239601866540653
Insulin_day_63,Insulin_day_63,1,7874,0.40239601866540653
Insulin_day_57,Insulin_day_57,1,7874,0.40239601866540653
Insulin_day_75,Insulin_day_75,1,7874,0.40239601866540653
Insulin_day_87,Insulin_day_87,1,7874,0.40239601866540653
Insulin_day_60,Insulin_day_60,1,7874,0.40239601866540653
Insulin_day_85,Insulin_day_85,1,7874,0.40239601866540653
Insulin_day_82,Insulin_day_82,1,7874,0.40239601866540653
Insulin_day_59,Insulin_day_59,1,7874,0.40239601866540653
Insulin_day_66,Insulin_day_66,1,7874,0.40239601866540653
Insulin_day_67,Insulin_day_67,1,7874,0.40239601866540653
Insulin_day_58,Insulin_day_58,1,7874,0.40239601866540653
Insulin_day_90,Insulin_day_90,1,7874,0.40239601866540653
Insulin_day_83,Insulin_day_83,1,7874,0.40239601866540653
Insulin_day_84,Insulin_day_84,1,7874,0.40239601866540653
Insulin_day_68,Insulin_day_68,1,7874,0.40239601866540653
Insulin_day_80,Insulin_day_80,1,7874,0.40239601866540653
Insulin_day_74,Insulin_day_74,1,7874,0.40239601866540653
Insulin_day_88,Insulin_day_88,1,7874,0.40239601866540653
Insulin_day_69,Insulin_day_69,1,7874,0.40239601866540653
Insulin_day_55,Insulin_day_55,1,7874,0.40239601866540653
Insulin_day_81,Insulin_day_81,1,7874,0.40239601866540653
Insulin_day_65,Insulin_day_65,1,7874,0.40239601866540653
Glucose_day_68,Glucose_day_68,1,7874,0.2871002439213548
Glucose_day_70,Glucose_day_70,1,7874,0.2871002439213548
Glucose_day_87,Glucose_day_87,1,7874,0.2871002439213548
Glucose_day_67,Glucose_day_67,1,7874,0.2871002439213548
Glucose_day_63,Glucose_day_63,1,7874,0.2871002439213548
Glucose_day_73,Glucose_day_73,1,7874,0.2871002439213548
Glucose_day_71,Glucose_day_71,1,7874,0.2871002439213548
Glucose_day_88,Glucose_day_88,1,7874,0.2871002439213548
Glucose_day_64,Glucose_day_64,1,7874,0.2871002439213548
Glucose_day_72,Glucose_day_72,1,7874,0.2871002439213548
Glucose_day_65,Glucose_day_65,1,7874,0.2871002439213548
Glucose_day_56,Glucose_day_56,1,7874,0.2871002439213548
Glucose_day_69,Glucose_day_69,1,7874,0.2871002439213548
Glucose_day_66,Glucose_day_66,1,7874,0.2871002439213548
Glucose_day_74,Glucose_day_74,1,7874,0.2871002439213548
Glucose_day_82,Glucose_day_82,1,7874,0.2871002439213548
Glucose_day_59,Glucose_day_59,1,7874,0.2871002439213548
Glucose_day_84,Glucose_day_84,1,7874,0.2871002439213548
Glucose_day_81,Glucose_day_81,1,7874,0.2871002439213548
Glucose_day_58,Glucose_day_58,1,7874,0.2871002439213548
Glucose_day_80,Glucose_day_80,1,7874,0.2871002439213548
Glucose_day_79,Glucose_day_79,1,7874,0.2871002439213548
Glucose_day_60,Glucose_day_60,1,7874,0.2871002439213548
Glucose_day_75,Glucose_day_75,1,7874,0.2871002439213548
Glucose_day_85,Glucose_day_85,1,7874,0.2871002439213548
Glucose_day_90,Glucose_day_90,1,7874,0.2871002439213548
Glucose_day_83,Glucose_day_83,1,7874,0.2871002439213548
Glucose_day_78,Glucose_day_78,1,7874,0.2871002439213548
Glucose_day_77,Glucose_day_77,1,7874,0.2871002439213548
Glucose_day_61,Glucose_day_61,1,7874,0.2871002439213548
Glucose_day_89,Glucose_day_89,1,7874,0.2871002439213548
Glucose_day_57,Glucose_day_57,1,7874,0.2871002439213548
Glucose_day_86,Glucose_day_86,1,7874,0.2871002439213548
Glucose_day_55,Glucose_day_55,1,7874,0.2871002439213548
Glucose_day_76,Glucose_day_76,1,7874,0.2871002439213548
Glucose_day_62,Glucose_day_62,1,7874,0.2871002439213548
P4_day_56,P4_day_56,1,7874,0.2744445526111736
FSH_day_57,FSH_day_57,1,7874,0.2725458533396843
P4_day_57,P4_day_57,1,7874,0.27246727919928304
P4_day_72,P4_day_72,1,7874,0.2724078439284483
P4_day_71,P4_day_71,1,7874,0.2710905637175909
P4_day_55,P4_day_55,1,7874,0.2710566664140508
P4_day_69,P4_day_69,1,7874,0.27102573589132284
P4_day_73,P4_day_73,1,7874,0.27051718196890384
P4_day_70,P4_day_70,1,7874,0.26909791462854926
FSH_day_79,FSH_day_79,1,7874,0.26885861937461897
INH_day_59,INH_day_59,1,7874,0.26864318734588366
P4_day_58,P4_day_58,1,7874,0.26656996851760795
P4_day_74,P4_day_74,1,7874,0.2663525431387228
P4_day_59,P4_day_59,1,7874,0.26452546411106326
P4_day_75,P4_day_75,1,7874,0.2632741054022798
P4_day_68,P4_day_68,1,7874,0.2613904772048805
P4_day_76,P4_day_76,1,7874,0.2609415024273929
IGF1_day_70,IGF1_day_70,1,7874,0.25979583377005966
P4_day_81,P4_day_81,1,7874,0.25911656368544556
P4_day_77,P4_day_77,1,7874,0.2584971447012485
P4_day_90,P4_day_90,1,7874,0.2578990333171358
P4_day_78,P4_day_78,1,7874,0.25460707451488673
P4_day_79,P4_day_79,1,7874,0.253294201922742
IGF1_day_68,IGF1_day_68,1,7874,0.2531771067242019
P4_day_89,P4_day_89,1,7874,0.25117805968903006
P4_day_80,P4_day_80,1,7874,0.2507975543426664
PGF_day_75,PGF_day_75,1,7874,0.25056990016379643
P4_day_67,P4_day_67,1,7874,0.24944148012481016
IGF1_day_69,IGF1_day_69,1,7874,0.24899272315929188
IGF1_day_90,IGF1_day_90,1,7874,0.24732818007642088
FSH_day_68,FSH_day_68,1,7874,0.2468937119615191
IGF1_day_85,IGF1_day_85,1,7874,0.24405197598037276
INH_day_74,INH_day_74,1,7874,0.23962149482303552
FSH_day_90,FSH_day_90,1,7874,0.2346952715453039
IGF1_day_71,IGF1_day_71,1,7874,0.23392945544342147
IGF1_day_84,IGF1_day_84,1,7874,0.23379259934754693
FSH_day_82,FSH_day_82,1,7874,0.23333059968506653
E2_day_74,E2_day_74,1,7874,0.23272599051192167
IGF1_day_63,IGF1_day_63,1,7874,0.22822751416813247
IGF1_day_83,IGF1_day_83,1,7874,0.22768491095940568
IGF1_day_89,IGF1_day_89,1,7874,0.22747850490219967
FSH_day_72,FSH_day_72,1,7874,0.2267199662665913
P4_day_84,P4_day_84,1,7874,0.22671603372494964
IGF1_day_67,IGF1_day_67,1,7874,0.22596459412732628
P4_day_88,P4_day_88,1,7874,0.22565005628809587
PGF_day_83,PGF_day_83,1,7874,0.22524517834748536
P4_day_82,P4_day_82,1,7874,0.22459741309326198
PGF_day_81,PGF_day_81,1,7874,0.22396451123780992
INH_day_73,INH_day_73,1,7874,0.22365653319898193
IGF1_day_62,IGF1_day_62,1,7874,0.22355534459119752
IGF1_day_72,IGF1_day_72,1,7874,0.2220516265589083
PGF_day_84,PGF_day_84,1,7874,0.22191164887990134
P4_day_62,P4_day_62,1,7874,0.22185946696829895
P4_day_66,P4_day_66,1,7874,0.22178986466669848
P4_day_83,P4_day_83,1,7874,0.22160664133626007
P4_day_60,P4_day_60,1,7874,0.22065878451945586
PGF_day_85,PGF_day_85,1,7874,0.21885932953789755
E2_day_70,E2_day_70,1,7874,0.21873880270967128
PGF_day_87,PGF_day_87,1,7874,0.21847308148190336
PGF_day_59,PGF_day_59,1,7874,0.2182939062538125
IGF1_day_64,IGF1_day_64,1,7874,0.21828928811486925
E2_day_73,E2_day_73,1,7874,0.2182841793044723
P4_day_61,P4_day_61,1,7874,0.2178275934155014
PGF_day_88,PGF_day_88,1,7874,0.2165978487106024
INH_day_88,INH_day_88,1,7874,0.21649857446116094
IGF1_day_86,IGF1_day_86,1,7874,0.2163131888863994
PGF_day_86,PGF_day_86,1,7874,0.21628117878060849
E2_day_89,E2_day_89,1,7874,0.2160205509670856
INH_day_89,INH_day_89,1,7874,0.2160141383484575
E2_day_88,E2_day_88,1,7874,0.21529389431183432
E2_day_80,E2_day_80,1,7874,0.21515172414779826
PGF_day_89,PGF_day_89,1,7874,0.21463576734730339
FSH_day_74,FSH_day_74,1,7874,0.21450943626977192
E2_day_69,E2_day_69,1,7874,0.2143550063001065
IGF1_day_61,IGF1_day_61,1,7874,0.21397263267919797
PGF_day_82,PGF_day_82,1,7874,0.21389020750790344
INH_day_80,INH_day_80,1,7874,0.21380523448164546
E2_day_90,E2_day_90,1,7874,0.21325732156038235
E2_day_68,E2_day_68,1,7874,0.21261812294825333
FSH_day_75,FSH_day_75,1,7874,0.21252967997545902
PGF_day_90,PGF_day_90,1,7874,0.2124972826627456
IGF1_day_88,IGF1_day_88,1,7874,0.2104731690237749
E2_day_77,E2_day_77,1,7874,0.21010565407934223
P4_day_85,P4_day_85,1,7874,0.21004898582741482
PGF_day_62,PGF_day_62,1,7874,0.21001669329843153
E2_day_67,E2_day_67,1,7874,0.20807114738011023
P4_day_63,P4_day_63,1,7874,0.2076179183852105
INH_day_66,INH_day_66,1,7874,0.20715821603038975
INH_day_90,INH_day_90,1,7874,0.20712388870267517
INH_day_79,INH_day_79,1,7874,0.20640247232368658
FSH_day_60,FSH_day_60,1,7874,0.2062415498075314
INH_day_67,INH_day_67,1,7874,0.2061013760735726
E2_day_72,E2_day_72,1,7874,0.20596843023548495
FSH_day_71,FSH_day_71,1,7874,0.2058561734025126
PGF_day_63,PGF_day_63,1,7874,0.20567377782997198
FSH_day_63,FSH_day_63,1,7874,0.20498498014898026
PGF_day_61,PGF_day_61,1,7874,0.20425429118712302
INH_day_68,INH_day_68,1,7874,0.20372604422378693
INH_day_58,INH_day_58,1,7874,0.2036451331922411
E2_day_76,E2_day_76,1,7874,0.2032211396702266
E2_day_58,E2_day_58,1,7874,0.2030844100938527
E2_day_87,E2_day_87,1,7874,0.2026716539195288
FSH_day_81,FSH_day_81,1,7874,0.20230282074279593
FSH_day_69,FSH_day_69,1,7874,0.20070182936144576
E2_day_66,E2_day_66,1,7874,0.20063242444871499
P4_day_87,P4_day_87,1,7874,0.20014438744156848
FSH_day_78,FSH_day_78,1,7874,0.20009671151266772
PGF_day_64,PGF_day_64,1,7874,0.19887380476815686
PGF_day_69,PGF_day_69,1,7874,0.19858956563310848
PGF_day_66,PGF_day_66,1,7874,0.1980088075112434
IGF1_day_82,IGF1_day_82,1,7874,0.197737590948865
E2_day_79,E2_day_79,1,7874,0.1977003974459386
FSH_day_70,FSH_day_70,1,7874,0.19765851502121023
INH_day_69,INH_day_69,1,7874,0.1972131531722212
PGF_day_65,PGF_day_65,1,7874,0.19662782522838818
PGF_day_70,PGF_day_70,1,7874,0.19659191971348022
PGF_day_72,PGF_day_72,1,7874,0.1962844919604727
PGF_day_71,PGF_day_71,1,7874,0.19618829538045013
PGF_day_68,PGF_day_68,1,7874,0.19532785661434993
E2_day_86,E2_day_86,1,7874,0.1937849507455116
E2_day_75,E2_day_75,1,7874,0.1937812489357249
FSH_day_88,FSH_day_88,1,7874,0.19349552046396923
PGF_day_67,PGF_day_67,1,7874,0.19322376731037139
FSH_day_89,FSH_day_89,1,7874,0.1930904811749965
FSH_day_80,FSH_day_80,1,7874,0.19284149936988548
PGF_day_74,PGF_day_74,1,7874,0.19269738816260684
INH_day_57,INH_day_57,1,7874,0.19258929471608255
E2_day_55,E2_day_55,1,7874,0.19197099662065398
E2_day_83,E2_day_83,1,7874,0.19157334776004475
PGF_day_60,PGF_day_60,1,7874,0.19150027343034637
INH_day_70,INH_day_70,1,7874,0.19149889159448819
FSH_day_87,FSH_day_87,1,7874,0.19147288662906092
FSH_day_59,FSH_day_59,1,7874,0.19127968849985422
E2_day_82,E2_day_82,1,7874,0.1912096481035448
E2_day_62,E2_day_62,1,7874,0.19089849734688968
INH_day_86,INH_day_86,1,7874,0.190654981006821
INH_day_71,INH_day_71,1,7874,0.19062076492057933
FSH_day_86,FSH_day_86,1,7874,0.19003559932171932
IGF1_day_65,IGF1_day_65,1,7874,0.1891035278275428
FSH_day_56,FSH_day_56,1,7874,0.18867015064884463
INH_day_77,INH_day_77,1,7874,0.18801115732399154
FSH_day_77,FSH_day_77,1,7874,0.18752789167117712
IGF1_day_66,IGF1_day_66,1,7874,0.18688023243904794
E2_day_85,E2_day_85,1,7874,0.1863594481505011
FSH_day_84,FSH_day_84,1,7874,0.1857296696802777
INH_day_76,INH_day_76,1,7874,0.18450927719244703
INH_day_85,INH_day_85,1,7874,0.18246461350773835
P4_day_86,P4_day_86,1,7874,0.18051275639921371
INH_day_64,INH_day_64,1,7874,0.17909106556360577
FSH_day_58,FSH_day_58,1,7874,0.17906959621242713
E2_day_57,E2_day_57,1,7874,0.17853974650642357
INH_day_83,INH_day_83,1,7874,0.17767264809617167
IGF1_day_73,IGF1_day_73,1,7874,0.1772470007943685
INH_day_78,INH_day_78,1,7874,0.17696746051099765
E2_day_64,E2_day_64,1,7874,0.17561306297111123
FSH_day_83,FSH_day_83,1,7874,0.17404876898376465
PGF_day_58,PGF_day_58,1,7874,0.1739549208661728
P4_day_65,P4_day_65,1,7874,0.17382170850722822
INH_day_82,INH_day_82,1,7874,0.17347685934138468
INH_day_63,INH_day_63,1,7874,0.17337925462444304
E2_day_60,E2_day_60,1,7874,0.17151200609352912
E2_day_61,E2_day_61,1,7874,0.1713120298284494
P4_day_64,P4_day_64,1,7874,0.17061016680445995
FSH_day_65,FSH_day_65,1,7874,0.17023314540729295
E2_day_65,E2_day_65,1,7874,0.16979728379130954
FSH_day_67,FSH_day_67,1,7874,0.16965368063476127
FSH_day_66,FSH_day_66,1,7874,0.1673003045539101
FSH_day_55,FSH_day_55,1,7874,0.16474749148354206
E2_day_63,E2_day_63,1,7874,0.16262272292235203
FSH_day_73,FSH_day_73,1,7874,0.1624787386365547
E2_day_81,E2_day_81,1,7874,0.161806408892053
INH_day_55,INH_day_55,1,7874,0.1599882756553157
INH_day_84,INH_day_84,1,7874,0.1587333282716905
IGF1_day_87,IGF1_day_87,1,7874,0.15834578703603164
FSH_day_64,FSH_day_64,1,7874,0.15719715310544302
FSH_day_62,FSH_day_62,1,7874,0.15669024009157617
E2_day_78,E2_day_78,1,7874,0.1554842570403796
IGF1_day_60,IGF1_day_60,1,7874,0.1521999392960236
FSH_day_61,FSH_day_61,1,7874,0.15216131586929293
INH_day_75,INH_day_75,1,7874,0.14954494267956697
PGF_day_80,PGF_day_80,1,7874,0.14411831493477223
INH_day_56,INH_day_56,1,7874,0.14364107126099768
INH_day_61,INH_day_61,1,7874,0.14092196700758564
INH_day_65,INH_day_65,1,7874,0.13379062493059735
INH_day_72,INH_day_72,1,7874,0.12674857897645708
IGF1_day_74,IGF1_day_74,1,7874,0.12536893160393703
INH_day_60,INH_day_60,1,7874,0.12245573633716589
INH_day_62,INH_day_62,1,7874,0.12187494197830695
INH_day_81,INH_day_81,1,7874,0.11386894079785037
PGF_day_76,PGF_day_76,1,7874,0.11315670076593953
E2_day_56,E2_day_56,1,7874,0.11080942684852069
E2_day_59,E2_day_59,1,7874,0.10550949682374622
IGF1_day_75,IGF1_day_75,1,7874,0.07840472863711767
FSH_day_85,FSH_day_85,1,7874,0.06649956138488733
INH_day_87,INH_day_87,1,7874,0.061289055895949573
PGF_day_77,PGF_day_77,1,7874,0.053748122791214215
PGF_day_78,PGF_day_78,1,7874,0.05250389120136134
PGF_day_79,PGF_day_79,1,7874,0.05123483679390617
E2_day_84,E2_day_84,1,7874,0.0425100392703186
PGF_day_73,PGF_day_73,1,7874,0.04042231225363402
FSH_day_76,FSH_day_76,1,7874,0.040262168601158166
IGF1_day_76,IGF1_day_76,1,7874,0.03821144328647996
E2_day_71,E2_day_71,1,7874,0.024006540801249088
Glucagon_day_70,Glucagon_day_70,1,7874,0.020388761599122063
Glucagon_day_69,Glucagon_day_69,1,7874,0.020388761599122063
Glucagon_day_56,Glucagon_day_56,1,7874,0.020388761599122063
Glucagon_day_71,Glucagon_day_71,1,7874,0.020388761599122063
Glucagon_day_68,Glucagon_day_68,1,7874,0.020388761599122063
Glucagon_day_66,Glucagon_day_66,1,7874,0.020388761599122063
Glucagon_day_88,Glucagon_day_88,1,7874,0.020388761599122063
Glucagon_day_67,Glucagon_day_67,1,7874,0.020388761599122063
Glucagon_day_65,Glucagon_day_65,1,7874,0.020388761599122063
Glucagon_day_64,Glucagon_day_64,1,7874,0.020388761599122063
Glucagon_day_63,Glucagon_day_63,1,7874,0.020388761599122063
Glucagon_day_62,Glucagon_day_62,1,7874,0.020388761599122063
Glucagon_day_61,Glucagon_day_61,1,7874,0.020388761599122063
Glucagon_day_89,Glucagon_day_89,1,7874,0.020388761599122063
Glucagon_day_57,Glucagon_day_57,1,7874,0.020388761599122063
Glucagon_day_60,Glucagon_day_60,1,7874,0.020388761599122063
Glucagon_day_59,Glucagon_day_59,1,7874,0.020388761599122063
Glucagon_day_58,Glucagon_day_58,1,7874,0.020388761599122063
Glucagon_day_72,Glucagon_day_72,1,7874,0.020388761599122063
Glucagon_day_74,Glucagon_day_74,1,7874,0.020388761599122063
Glucagon_day_87,Glucagon_day_87,1,7874,0.020388761599122063
Glucagon_day_78,Glucagon_day_78,1,7874,0.020388761599122063
Glucagon_day_55,Glucagon_day_55,1,7874,0.020388761599122063
Glucagon_day_82,Glucagon_day_82,1,7874,0.020388761599122063
Glucagon_day_81,Glucagon_day_81,1,7874,0.020388761599122063
Glucagon_day_84,Glucagon_day_84,1,7874,0.020388761599122063
Glucagon_day_80,Glucagon_day_80,1,7874,0.020388761599122063
Glucagon_day_79,Glucagon_day_79,1,7874,0.020388761599122063
Glucagon_day_73,Glucagon_day_73,1,7874,0.020388761599122063
Glucagon_day_85,Glucagon_day_85,1,7874,0.020388761599122063
Glucagon_day_90,Glucagon_day_90,1,7874,0.020388761599122063
Glucagon_day_77,Glucagon_day_77,1,7874,0.020388761599122063
Glucagon_day_83,Glucagon_day_83,1,7874,0.020388761599122063
Glucagon_day_75,Glucagon_day_75,1,7874,0.020388761599122063
Glucagon_day_86,Glucagon_day_86,1,7874,0.020388761599122063
Glucagon_day_76,Glucagon_day_76,1,7874,0.020388761599122063
IGF1_day_77,IGF1_day_77,1,7874,0.016856498970192035
IGF1_day_78,IGF1_day_78,1,7874,0.011454364227363456
PGF_day_56,PGF_day_56,1,7874,0.006201524321189922
IGF1_day_56,IGF1_day_56,1,7874,0.005875407539454258
PGF_day_57,PGF_day_57,1,7874,0.004754938617255178
IGF1_day_79,IGF1_day_79,1,7874,0.003303762477848693
PGF_day_55,PGF_day_55,1,7874,0.002472767959236677
IGF1_day_55,IGF1_day_55,1,7874,0.0015766517452089346
IGF1_day_80,IGF1_day_80,1,7874,0.0
IGF1_day_81,IGF1_day_81,1,7874,0.0
IGF1_day_57,IGF1_day_57,1,7874,0.0
IGF1_day_59,IGF1_day_59,1,7874,0.0
IGF1_day_58,IGF1_day_58,1,7874,0.0
