target_grid,prior_density,posterior_density
0.49725058620595963,181.63824817589622,181.691940684044
0.497264368892255,181.64109420260576,181.69451856853453
0.4972781515785504,181.64392648191458,181.6970826920914
0.49729193426484575,181.64674501322014,181.69963305413043
0.49730571695114106,181.64954979585818,181.7021696540712
0.49731949963743644,181.65234082918892,181.70469249133708
0.4973332823237318,181.65511811258656,181.70720156535336
0.4973470650100272,181.65788164543818,181.70969687555066
0.49736084769632255,181.66063142706236,181.71217842135678
0.4973746303826179,181.66336745686945,181.71464620221047
0.4973884130689133,181.66608973425755,181.7171002175494
0.49740219575520866,181.66879825854198,181.71954046681324
0.497415978441504,181.67149302916732,181.72196694944975
0.49742976112779935,181.67417404549877,181.7243796649023
0.4974435438140947,181.67684130691973,181.72677861262562
0.4974573265003901,181.67949481282034,181.7291637920715
0.49747110918668547,181.68213456262444,181.73153520269673
0.49748489187298084,181.6847605557055,181.7338928439639
0.4974986745592762,181.6873727914585,181.73623671533528
0.4975124572455716,181.6899712693157,181.73856681627518
0.4975262399318669,181.69255598868315,181.74088314625524
0.49754002261816227,181.6951269489546,181.74318570474884
0.49755380530445764,181.69768414953035,181.74547449122863
0.497567587990753,181.700227589882,181.74774950517627
0.4975813706770484,181.7027572693897,181.75001074607218
0.49759515336334376,181.70527318748256,181.75225821340445
0.49760893604963913,181.7077753436138,181.75449190665896
0.4976227187359345,181.71026373717652,181.75671182532722
0.4976365014222298,181.7127383676298,181.75891796890338
0.4976502841085252,181.7151992344005,181.76111033688971
0.49766406679482056,181.71764633691262,181.76328892878087
0.49767784948111593,181.72007967464796,181.7654537440833
0.4976916321674113,181.72249924701617,181.7676047823057
0.4977054148537067,181.72490505349018,181.76974204295695
0.49771919754000205,181.7272970935039,181.77186552554969
0.4977329802262974,181.7296753665226,181.7739752296041
0.49774676291259273,181.73203987202015,181.77607115463485
0.4977605455988881,181.73439060944668,181.77815330016583
0.4977743282851835,181.73672757825202,181.78022166572612
0.49778811097147885,181.73905077791477,181.78227625084324
0.4978018936577742,181.741360207893,181.78431705504664
0.4978156763440696,181.74365586768997,181.7863440778759
0.49782945903036496,181.74593775677255,181.7883573188691
0.49784324171666033,181.74820587461195,181.7903567775647
0.49785702440295565,181.7504602207093,181.7923424535084
0.497870807089251,181.7527007945243,181.7943143462495
0.4978845897755464,181.7549275955508,181.79627245533803
0.49789837246184177,181.75714062331164,181.7982167803303
0.49791215514813714,181.75933987729266,181.80014732078237
0.4979259378344325,181.76152535696554,181.80206407625258
0.4979397205207279,181.7636970618627,181.8039670463051
0.49795350320702325,181.76585499147532,181.80585623050834
0.49796728589331857,181.76799914530534,181.80773162843067
0.49798106857961394,181.77012952290244,181.80959323964643
0.4979948512659093,181.77224612374707,181.81144106373006
0.4980086339522047,181.774348947349,181.81327510026443
0.49802241663850005,181.77643799325605,181.8150953488269
0.4980361993247954,181.77851326096513,181.81690180900674
0.4980499820110908,181.78057475002961,181.81869448038987
0.49806376469738617,181.78262245998252,181.82047336257213
0.4980775473836815,181.78465639032694,181.8222384551419
0.49809133006997686,181.78667654063312,181.82398975770377
0.49810511275627223,181.78868291043528,181.82572726985512
0.4981188954425676,181.7906754992754,181.82745099120467
0.49813267812886297,181.79265430666078,181.8291609213537
0.49814646081515834,181.79461933218863,181.83085705991536
0.4981602435014537,181.79657057539677,181.83253940650485
0.4981740261877491,181.79850803583417,181.83420796073736
0.4981878088740444,181.80043171306977,181.8358627222346
0.4982015915603398,181.80234160667166,181.83750369061778
0.49821537424663515,181.8042377161679,181.83913086551638
0.4982291569329305,181.8061200411782,181.8407442465541
0.4982429396192259,181.80798858124416,181.84234383337107
0.49825672230552126,181.8098433359469,181.84392962559858
0.49827050499181663,181.8116843048586,181.84550162287354
0.498284287678112,181.81351148754948,181.84705982484098
0.4982980703644073,181.81532488362836,181.84860423114625
0.4983118530507027,181.81712449268915,181.85013484143536
0.49832563573699806,181.8189103142901,181.85165165536546
0.49833941842329343,181.82068234805755,181.8531546725838
0.4983532011095888,181.82244059354898,181.85464389275072
0.4983669837958842,181.82418505041502,181.85611931552947
0.49838076648217955,181.825915718201,181.85758094057968
0.4983945491684749,181.82763259653908,181.85902876757268
0.49840833185477024,181.82933568505342,181.86046279617727
0.4984221145410656,181.83102498334563,181.86188302606539
0.498435897227361,181.83270049102262,181.8632894569147
0.49844967991365635,181.83436220770227,181.86468208840657
0.4984634625999517,181.83601013300682,181.86606092022
0.4984772452862471,181.83764426656396,181.86742595204396
0.49849102797254247,181.83926460804258,181.86877718356834
0.49850481065883784,181.8408711569998,181.87011461448222
0.49851859334513315,181.84246391311206,181.87143824448398
0.4985323760314285,181.84404287600313,181.87274807326943
0.4985461587177239,181.84560804534124,181.8740441005425
0.49855994140401927,181.84715942073672,181.87532632600582
0.49857372409031464,181.84869700183563,181.87659474936984
0.49858750677661,181.85022078833538,181.87784937034462
0.4986012894629054,181.85173077980946,181.87909018864264
0.49861507214920076,181.8532269759951,181.8803172039863
0.49862885483549607,181.85470937650254,181.88153041608987
0.49864263752179144,181.85617798100898,181.88272982468078
0.4986564202080868,181.85763278917526,181.88391542948574
0.4986702028943822,181.85907380069648,181.88508723023187
0.49868398558067756,181.86050101518575,181.886245226657
0.49869776826697293,181.86191443236714,181.8873894184936
0.4987115509532683,181.86331405190745,181.88851980548344
0.4987253336395637,181.864699873467,181.88963638736692
0.498739116325859,181.8660718967683,181.8907391638894
0.49875289901215436,181.86743012147562,181.89182813480298
0.49876668169844973,181.86877454728227,181.892903299858
0.4987804643847451,181.87010517387105,181.89396465880597
0.4987942470710405,181.87142200096517,181.89501221141208
0.49880802975733585,181.87272502825758,181.8960459574334
0.4988218124436312,181.87401425542313,181.89706589663373
0.4988355951299266,181.87528968219533,181.89807202878234
0.4988493778162219,181.87655130829054,181.89906435365046
0.4988631605025173,181.87779913340367,181.90004287101203
0.49887694318881265,181.87903315726086,181.90100758064057
0.498890725875108,181.88025337954295,181.90195848232136
0.4989045085614034,181.881459800057,181.90289557583765
0.49891829124769876,181.88265241844655,181.90381886097242
0.49893207393399414,181.88383123445163,181.90472833751596
0.4989458566202895,181.884996247847,181.9056240052642
0.4989596393065848,181.88614745833544,181.90650586400972
0.4989734219928802,181.88728486567248,181.90737391355302
0.49898720467917557,181.88840846957615,181.9082281536985
0.49900098736547094,181.88951826980153,181.90906858424765
0.4990147700517663,181.89061426608066,181.90989520501304
0.4990285527380617,181.8916964582176,181.91070801580204
0.49904233542435705,181.8927648459242,181.91150701643232
0.4990561181106524,181.89381942892354,181.912292206722
0.49906990079694774,181.8948602070497,181.91306358649018
0.4990836834832431,181.8958871800156,181.91382115556488
0.4990974661695385,181.89690034758183,181.91456491376942
0.49911124885583386,181.8978997095632,181.91529486093646
0.4991250315421292,181.89888526569786,181.9160109968991
0.4991388142284246,181.89985701576262,181.91671332149545
0.49915259691471997,181.9008149595646,181.91740183456514
0.49916637960101534,181.90175909683845,181.9180765359487
0.49918016228731066,181.90268942739917,181.918737425496
0.49919394497360603,181.9036059510365,181.91938450305523
0.4992077276599014,181.9045086675252,181.9200177684779
0.4992215103461968,181.90539757666645,181.92063722162177
0.49923529303249214,181.90627267828364,181.92124286234358
0.4992490757187875,181.9071339721387,181.9218346905075
0.4992628584050829,181.90798145805095,181.92241270597586
0.49927664109137826,181.9088151358177,181.92297690862043
0.4992904237776736,181.90963500527516,181.92352729831035
0.49930420646396895,181.9104410662312,181.92406387492167
0.4993179891502643,181.91123331846083,181.9245866383302
0.4993317718365597,181.91201176181812,181.92509558842002
0.49934555452285506,181.91277639615947,181.9255907250719
0.49935933720915043,181.9135272212334,181.9260720481736
0.4993731198954458,181.91426423691613,181.926539557618
0.4993869025817412,181.9149874430291,181.92699325329698
0.4994006852680365,181.91569683945542,181.92743313510599
0.49941446795433186,181.9163924259314,181.9278592029467
0.49942825064062724,181.91707420239266,181.92827145672055
0.4994420333269226,181.91774216861631,181.92866989633544
0.499455816013218,181.91839632449327,181.92905452169927
0.49946959869951335,181.91903666988998,181.92942533272537
0.4994833813858087,181.9196632045837,181.92978232932876
0.4994971640721041,181.9202759285219,181.9301255114263
0.4995109467583994,181.92087484149454,181.930454878944
0.4995247294446948,181.9214599434192,181.93077043180097
0.49953851213099015,181.92203123413026,181.9310721699324
0.4995522948172855,181.92258871350734,181.93136009326372
0.4995660775035809,181.9231323814111,181.9316342017325
0.49957986018987627,181.92366223774656,181.93189449527412
0.49959364287617164,181.92417828235253,181.93214097383202
0.499607425562467,181.92468051514098,181.9323736373478
0.4996212082487623,181.92516893600293,181.93259248576717
0.4996349909350577,181.92564354481132,181.93279751904592
0.49964877362135307,181.92610434145706,181.93298873713206
0.49966255630764844,181.9265513258307,181.93316613998306
0.4996763389939438,181.92698449783654,181.93332972756096
0.4996901216802392,181.92740385739404,181.93347949982657
0.49970390436653456,181.92780940438146,181.9336154567458
0.49971768705282993,181.9282011387213,181.93373759828535
0.49973146973912524,181.92857906031142,181.93384592442266
0.4997452524254206,181.92894316908348,181.93394043512822
0.499759035111716,181.92929346495168,181.93402113038556
0.49977281779801136,181.92962994781487,181.9340880101714
0.49978660048430673,181.9299526176074,181.93414107447092
0.4998003831706021,181.93026147429293,181.9341803232769
0.4998141658568975,181.9305565177381,181.93420575657368
0.49982794854319285,181.93083774792674,181.93421737436134
0.49984173122948816,181.93110516475184,181.93421517663322
0.49985551391578353,181.9313587681877,181.93419916339266
0.4998692966020789,181.93159855815458,181.93416933464138
0.4998830792883743,181.93182453460722,181.9341256903862
0.49989686197466965,181.93203669749093,181.93406823063813
0.499910644660965,181.93223504676251,181.9339969554102
0.4999244273472604,181.93241958237107,181.93391186471808
0.49993821003355576,181.93259030428348,181.93381295858086
0.4999519927198511,181.93274721245356,181.9337002370219
0.49996577540614645,181.93289030685742,181.9335737000665
0.4999795580924418,181.93301958742404,181.93343334774315
0.4999933407787372,181.9331350541699,181.9332791800853
0.5000071234650325,181.9332367070641,181.93311119712686
0.5000209061513279,181.93332454604413,181.93292939890648
0.5000346888376233,181.9333985711271,181.93273378546422
0.5000484715239186,181.9334587822965,181.93252435684587
0.500062254210214,181.93350517951177,181.9323011131012
0.5000760368965094,181.9335377627714,181.9320640542773
0.5000898195828047,181.93355653209028,181.93181318042963
0.5001036022691001,181.93356148743598,181.93154849161465
0.5001173849553955,181.93355262882392,181.93126998789546
0.5001311676416909,181.93352995625764,181.93097766933158
0.5001449503279862,181.933493469723,181.93067153599338
0.5001587330142816,181.93344316925996,181.9303515879492
0.500172515700577,181.93337905482596,181.9300178252718
0.5001862983868723,181.9333011265058,181.9296702480364
0.5002000810731677,181.9332093842632,181.9293088563209
0.5002138637594631,181.93310382816273,181.92893365021186
0.5002276464457583,181.93298445816797,181.92854462979233
0.5002414291320537,181.93285127437755,181.92814179515028
0.5002552118183491,181.93270427676043,181.92772514637952
0.5002689945046445,181.9325434653953,181.92729468357237
0.5002827771909398,181.93236884030551,181.9268504068275
0.5002965598772352,181.93218040151285,181.9263923162499
0.5003103425635306,181.9319781490637,181.9259204119377
0.500324125249826,181.93176208300156,181.92543469400374
0.5003379079361213,181.93153220340733,181.9249351625553
0.5003516906224167,181.93128851031918,181.9244218177079
0.5003654733087121,181.9310310037719,181.9238946595787
0.5003792559950074,181.93075968385418,181.9233536882876
0.5003930386813028,181.93047455058587,181.92279890395557
0.5004068213675982,181.9301756040959,181.9222303067112
0.5004206040538935,181.929862844377,181.9216478966853
0.5004343867401889,181.92953627156027,181.92105167400743
0.5004481694264842,181.92919588567835,181.92044163881553
0.5004619521127796,181.92884168684503,181.91981779124563
0.5004757347990749,181.92847367510993,181.91918013144604
0.5004895174853703,181.9280918506005,181.91852865955556
0.5005033001716657,181.92769621334136,181.9178633757253
0.500517082857961,181.927286763484,181.91718428010822
0.5005308655442564,181.9268635010516,181.91649137285555
0.5005446482305518,181.92642642622815,181.91578465412843
0.5005584309168472,181.9259755390401,181.91506412408629
0.5005722136031425,181.92551083962027,181.9143297828927
0.5005859962894379,181.92503232808454,181.91358163071737
0.5005997789757333,181.92454000452278,181.91281966772766
0.5006135616620286,181.9240338690572,181.91204389409748
0.500627344348324,181.9235139217827,181.91125431000734
0.5006411270346194,181.92298016285326,181.91045091563294
0.5006549097209148,181.92243259235977,181.90963371115893
0.50066869240721,181.9218712104441,181.9088026967717
0.5006824750935054,181.9212960172208,181.90795787266018
0.5006962577798008,181.9207070128452,181.90709923901602
0.5007100404660961,181.92010419741752,181.90622679603544
0.5007238231523915,181.9194875711009,181.90534054391804
0.5007376058386869,181.9188571340186,181.90444048286514
0.5007513885249822,181.91821288631883,181.90352661308214
0.5007651712112776,181.91755482818095,181.90259893477622
0.500778953897573,181.9168829597012,181.90165744815894
0.5007927365838684,181.91619728105232,181.900702153444
0.5008065192701637,181.9154977924257,181.8997330508531
0.5008203019564591,181.91478449394322,181.89875014060033
0.5008340846427545,181.91405738575017,181.89775342291514
0.5008478673290498,181.91331646806617,181.89674289802306
0.5008616500153452,181.91256174101116,181.89571856615217
0.5008754327016406,181.91179320479162,181.8946804275379
0.5008892153879358,181.91101085956387,181.89362848241836
0.5009029980742312,181.91021470549833,181.89256273102956
0.5009167807605266,181.90940474280285,181.89148317361503
0.500930563446822,181.90858097162442,181.89038981042157
0.5009443461331173,181.90774339218362,181.88928264169888
0.5009581288194127,181.90689200466446,181.8881616676978
0.5009719115057081,181.9060268092631,181.88702688867485
0.5009856941920035,181.90514780615362,181.8858783048873
0.5009994768782988,181.9042549955786,181.88471591659894
0.5010132595645942,181.90334837769942,181.8835397240691
0.5010270422508896,181.90242795273542,181.8823497275725
0.5010408249371849,181.90149372093114,181.8811459273762
0.5010546076234803,181.90054568240538,181.8799283237569
0.5010683903097757,181.89958383749715,181.8786969169887
0.501082172996071,181.8986081863383,181.87745170735533
0.5010959556823664,181.8976187291791,181.8761926951392
0.5011097383686617,181.89661546626203,181.87491988062564
0.501123521054957,181.89559839777397,181.8736332641043
0.5011373037412524,181.89456752397945,181.87233284587245
0.5011510864275478,181.8935228450965,181.8710186262223
0.5011648691138432,181.89246436136534,181.86969060545383
0.5011786518001385,181.8913920730528,181.8683487838702
0.5011924344864339,181.89030598037246,181.86699316177706
0.5012062171727293,181.8892060835991,181.86562373948402
0.5012199998590247,181.88809238292643,181.86424051730097
0.50123378254532,181.88696487867426,181.86284349554325
0.5012475652316154,181.88582357105255,181.86143267453085
0.5012613479179108,181.88466846035743,181.86000805458218
0.5012751306042061,181.883499546839,181.8585696360254
0.5012889132905015,181.8823168307406,181.85711741918632
0.5013026959767969,181.88112031237742,181.85565140439414
0.5013164786630923,181.8799099919777,181.8541715919843
0.5013302613493875,181.87868586982742,181.85267798229359
0.5013440440356829,181.87744794624092,181.85117057566484
0.5013578267219783,181.8761962214468,181.849649372435
0.5013716094082736,181.87493069576212,181.8481143729581
0.501385392094569,181.87365136946343,181.84656557757694
0.5013991747808644,181.87235824285472,181.8450029866488
0.5014129574671597,181.8710513162369,181.84342660052727
0.5014267401534551,181.8697305898724,181.8418364195721
0.5014405228397505,181.8683960640711,181.840232444145
0.5014543055260459,181.86704773917236,181.83861467461253
0.5014680882123412,181.8656856154655,181.83698311134248
0.5014818708986366,181.8643096932391,181.83533775470667
0.501495653584932,181.8629199728158,181.83367860507786
0.5015094362712273,181.8615164545254,181.83200566283526
0.5015232189575227,181.8600991386865,181.83031892836092
0.5015370016438181,181.85866802561833,181.82861840203822
0.5015507843301134,181.85722311564516,181.82690408425265
0.5015645670164087,181.8557644090686,181.8251759753966
0.5015783497027041,181.8542919062747,181.8234340758636
0.5015921323889995,181.85280560758142,181.82167838605034
0.5016059150752948,181.85130551329354,181.8199089063568
0.5016196977615902,181.84979162378698,181.81812563718339
0.5016334804478856,181.84826393941225,181.81632857893985
0.501647263134181,181.84672246046298,181.81451773203264
0.5016610458204763,181.84516718733053,181.81269309687528
0.5016748285067717,181.84359812038943,181.81085467388166
0.5016886111930671,181.8420152599624,181.80900246347363
0.5017023938793624,181.8404186064364,181.8071364660705
0.5017161765656578,181.83880816015815,181.8052566820993
0.5017299592519532,181.83718392147273,181.8033631119839
0.5017437419382486,181.8355458908043,181.8014557561594
0.5017575246245439,181.83389406846086,181.79953461505852
0.5017713073108392,181.8322284548706,181.79759968912003
0.5017850899971346,181.83054905041305,181.79565097878395
0.5017988726834299,181.828855855439,181.79368848449224
0.5018126553697253,181.82714887033268,181.79171220669565
0.5018264380560207,181.82542809550148,181.78972214583922
0.501840220742316,181.82369353136278,181.78771830237824
0.5018540034286114,181.82194517823103,181.7857006767702
0.5018677861149068,181.8201830366029,181.78366926947376
0.5018815688012022,181.81840710681857,181.7816240809529
0.5018953514874975,181.81661738930885,181.7795651116681
0.5019091341737929,181.8148138844425,181.77749236209394
0.5019229168600883,181.81299659267182,181.7754058326992
0.5019366995463836,181.8111655143886,181.77330552396035
0.501950482232679,181.80932064999814,181.7711914363562
0.5019642649189744,181.80746199995988,181.7690635703646
0.5019780476052698,181.805589564666,181.7669219264739
0.501991830291565,181.80370334455606,181.7647665051713
0.5020056129778604,181.80180334005757,181.76259730694554
0.5020193956641558,181.79988955161667,181.76041433228883
0.5020331783504511,181.7979619796313,181.75821758170355
0.5020469610367465,181.79602062457684,181.75600705568658
0.5020607437230419,181.79406548686552,181.75378275474105
0.5020745264093373,181.7920965669674,181.7515446793751
0.5020883090956326,181.7901138653129,181.7492928300958
0.502102091781928,181.78811738238252,181.74702720741615
0.5021158744682234,181.78610711857817,181.7447478118554
0.5021296571545187,181.78408307440657,181.74245464392828
0.5021434398408141,181.782045250324,181.74014770415866
0.5021572225271095,181.7799936467579,181.73782699307154
0.5021710052134049,181.77792826422413,181.7354925111952
0.5021847878997002,181.77584910314408,181.7331442590624
0.5021985705859956,181.7737561640318,181.7307822372041
0.5022123532722909,181.77164944733175,181.72840644616304
0.5022261359585862,181.7695289535659,181.72601688647507
0.5022399186448816,181.76739468316362,181.72361355868608
0.502253701331177,181.76524663665086,181.72119646334508
0.5022674840174723,181.7630848144956,181.71876560100094
0.5022812667037677,181.76090921718549,181.71632097220683
0.5022950493900631,181.75871984524576,181.71386257751843
0.5023088320763585,181.7565166991519,181.71139041749518
0.5023226147626538,181.75429977937637,181.7089044927033
0.5023363974489492,181.75206908652427,181.70640480370562
0.5023501801352446,181.74982462098194,181.7038913510695
0.5023639628215399,181.74756638333167,181.70136413536946
0.5023777455078353,181.7452943740823,181.69882315718226
0.5023915281941307,181.74300859373108,181.69626841708305
0.5024053108804261,181.74070904280535,181.6936999156551
0.5024190935667214,181.7383957218266,181.69111765348183
0.5024328762530167,181.73606863130982,181.68852163115386
0.5024466589393121,181.7337277718305,181.6859118492586
0.5024604416256074,181.73137314386437,181.6832883083923
0.5024742243119028,181.72900474798033,181.6806510091501
0.5024880069981982,181.72662258473417,181.6779999521319
0.5025017896844935,181.7242266546249,181.67533513794714
0.5025155723707889,181.72181695820726,181.67265656719528
0.5025293550570843,181.71939349606322,181.66996424048844
0.5025431377433797,181.7169562686957,181.66725815844194
0.502556920429675,181.71450527670035,181.66453832166485
0.5025707031159704,181.71204052061444,181.6618047307835
0.5025844858022658,181.7095620010018,181.659057386417
0.5025982684885612,181.70706971843822,181.6562962891891
0.5026120511748565,181.70456367347958,181.6535214397296
0.5026258338611519,181.70204386668917,181.65073283867133
0.5026396165474472,181.69951029863822,181.64793048664836
0.5026533992337425,181.69696296992467,181.64511438429474
0.5026671819200379,181.6944018811421,181.64228453225778
0.5026809646063333,181.69182703281956,181.63944093117533
0.5026947472926286,181.68923842557203,181.63658358169852
0.502708529978924,181.6866360600141,181.63371248447595
0.5027223126652194,181.68401993669775,181.6308276401606
0.5027360953515148,181.68139005624187,181.62792904941222
0.5027498780378101,181.67874641923498,181.62501671288538
