candidate,n_samples,mi_mean_nats,mi_sd_nats,n_repeats
all_species_day_55,100,0.32485585811215056,0.013461701776355752,5
all_species_day_55,200,0.49543317603695874,0.02192752650125276,5
all_species_day_55,300,0.5858179391944729,0.009346737356579952,5
all_species_day_55,389,0.6375622568943771,9.742167503148516e-16,5
FSH_day_55,100,0.12543625360199914,0.03210164331806219,5
FSH_day_55,200,0.16486090235556022,0.01345787068657766,5
FSH_day_55,300,0.1814505082815545,0.02156703760977303,5
FSH_day_55,389,0.17749951060896335,3.973993651728112e-16,5
PGF_day_55,100,0.04876441428920124,0.04315175341522147,5
PGF_day_55,200,0.04923298725651577,0.03229692680092195,5
PGF_day_55,300,0.019246883970027183,0.013477530759083218,5
PGF_day_55,389,0.02210771900198285,4.864778298943684e-16,5
P4_day_55,100,0.24118920500798052,0.04663907184281972,5
P4_day_55,200,0.24948642394781295,0.053587048510401344,5
P4_day_55,300,0.25352860558866863,0.015605049388346458,5
P4_day_55,389,0.24987327296830095,4.865149434140654e-16,5
E2_day_55,100,0.1527291279536996,0.03339930889531096,5
E2_day_55,200,0.1863490158302481,0.032424323727774096,5
E2_day_55,300,0.18622173482793336,0.03924922652964208,5
E2_day_55,389,0.19946377665689408,0.0,5
INH_day_55,100,0.15400726809907664,0.058088863337361095,5
INH_day_55,200,0.1436689065364048,0.03265603171867162,5
INH_day_55,300,0.1491297847390829,0.018537996701730525,5
INH_day_55,389,0.17409306381632933,3.973993651728112e-16,5
IGF1_day_55,100,0.000763360432913629,0.0017069258193285423,5
IGF1_day_55,200,0.0020801520143562515,0.004651361307633697,5
IGF1_day_55,300,0.030187507466204976,0.019285468013319134,5
IGF1_day_55,389,0.046919679285181815,0.0,5
Insulin_day_55,100,0.3017638210573937,0.07786489265313723,5
Insulin_day_55,200,0.34496434479947136,0.043612429042040664,5
Insulin_day_55,300,0.34412032124059755,0.02324248024542214,5
Insulin_day_55,389,0.35467284125124454,0.0,5
Glucose_day_55,100,0.17063281472388567,0.0253207494452015,5
Glucose_day_55,200,0.18957383786473586,0.038286295114126165,5
Glucose_day_55,300,0.17512709850256272,0.037841096749056585,5
Glucose_day_55,389,0.182360371957909,0.0,5
Glucagon_day_55,100,0.0047036484658127264,0.00936462246436431,5
Glucagon_day_55,200,0.013323534744126597,0.01858534864508341,5
Glucagon_day_55,300,0.015568513708311648,0.015614912191652007,5
Glucagon_day_55,389,0.01910046769348437,7.944124442562817e-16,5
all_species_day_56,100,0.31938643088463187,0.012392756939936446,5
all_species_day_56,200,0.4525815878841417,0.015755784448601956,5
all_species_day_56,300,0.5510560794395086,0.01392822202310482,5
all_species_day_56,389,0.6013528894428012,7.947987303456224e-16,5
FSH_day_56,100,0.14698982503200586,0.0366514309747735,5
FSH_day_56,200,0.1659806339947858,0.039796086881559806,5
FSH_day_56,300,0.1690779829918066,0.015280234228740539,5
FSH_day_56,389,0.18434198744096975,0.0,5
PGF_day_56,100,0.006083512675819058,0.009962178983711618,5
PGF_day_56,200,0.025514105756682604,0.021915255020278756,5
PGF_day_56,300,0.0127947317883228,0.019511545462134756,5
PGF_day_56,389,0.005250104437825342,4.864755102053756e-16,5
P4_day_56,100,0.210598529462899,0.0732105043724682,5
P4_day_56,200,0.2622349836329452,0.06438188370400832,5
P4_day_56,300,0.2476355266631499,0.041627904162879176,5
P4_day_56,389,0.2560225641237167,4.871083751574258e-16,5
E2_day_56,100,0.1219216445119324,0.048508134600841475,5
E2_day_56,200,0.08693979485517075,0.04379909551382978,5
E2_day_56,300,0.10940143514843452,0.019029612226654315,5
E2_day_56,389,0.09914071072683246,3.9721758608340127e-16,5
INH_day_56,100,0.1354188134800788,0.08947517350353865,5
INH_day_56,200,0.11203754521469005,0.025752182590675417,5
INH_day_56,300,0.14197247180025557,0.03585706999797504,5
INH_day_56,389,0.15653553707140766,1.0877919644084146e-15,5
IGF1_day_56,100,0.015992575604813198,0.015105535789208304,5
IGF1_day_56,200,0.019837877920725333,0.03225627758684068,5
IGF1_day_56,300,0.017488666617802195,0.01020213287555458,5
IGF1_day_56,389,0.02951020702189435,4.864778298943684e-16,5
Insulin_day_56,100,0.3087161703703737,0.06709350931420754,5
Insulin_day_56,200,0.2975520381428202,0.0229026110598891,5
Insulin_day_56,300,0.3593385266407024,0.019488441438934394,5
Insulin_day_56,389,0.3546728412512444,3.973993651728112e-16,5
Glucose_day_56,100,0.17052264599587125,0.09094709701908404,5
Glucose_day_56,200,0.20897100028366716,0.05443801508572616,5
Glucose_day_56,300,0.18933890378397605,0.016260065779546334,5
Glucose_day_56,389,0.182360371957909,0.0,5
Glucagon_day_56,100,0.005019993686806323,0.010295813798361964,5
Glucagon_day_56,200,0.011073558760613621,0.01530357911572902,5
Glucagon_day_56,300,0.029964647744009375,0.020742377582790034,5
Glucagon_day_56,389,0.01910046769348437,7.944124442562817e-16,5
all_species_day_57,100,0.33192130180335155,0.03603684368959542,5
all_species_day_57,200,0.48205656550836373,0.01666191940839013,5
all_species_day_57,300,0.5766261517712156,0.010095260802591639,5
all_species_day_57,389,0.6293265743872608,4.871083751574258e-16,5
FSH_day_57,100,0.22936238572891998,0.10638286594815306,5
FSH_day_57,200,0.2061890852798344,0.06722239732146677,5
FSH_day_57,300,0.21660603792481758,0.023108687212501568,5
FSH_day_57,389,0.2173510810810219,3.973993651728112e-16,5
PGF_day_57,100,0.011635930520637317,0.015353297114041736,5
PGF_day_57,200,0.06434417592392024,0.030873094305825195,5
PGF_day_57,300,0.02012800070054759,0.012694686867949802,5
PGF_day_57,389,0.00354839390458892,4.864753652244462e-16,5
P4_day_57,100,0.2891335129284748,0.0689076564749027,5
P4_day_57,200,0.248687611609677,0.04186253897598106,5
P4_day_57,300,0.2566502870915606,0.03892810461313017,5
P4_day_57,389,0.2577251972163843,0.0,5
E2_day_57,100,0.15260265856499977,0.055620852784815523,5
E2_day_57,200,0.15625362197099726,0.029886738602621553,5
E2_day_57,300,0.1632084536943843,0.019846485527847426,5
E2_day_57,389,0.16920234790650496,1.1581094996895894e-15,5
INH_day_57,100,0.13756801250282907,0.07192449260079882,5
INH_day_57,200,0.1539584403589629,0.03362709424053571,5
INH_day_57,300,0.1932470102326745,0.021751915251658222,5
INH_day_57,389,0.19350662943837893,0.0,5
IGF1_day_57,100,0.04810244754519406,0.032305845456568984,5
IGF1_day_57,200,0.03365655270103254,0.03332738489792749,5
IGF1_day_57,300,0.05077686728133397,0.03670135389509453,5
IGF1_day_57,389,0.043745138943593886,0.0,5
Insulin_day_57,100,0.3086471057212384,0.07872291309045039,5
Insulin_day_57,200,0.3237650153708532,0.0408598305063205,5
Insulin_day_57,300,0.3350776514253845,0.03029753076455283,5
Insulin_day_57,389,0.3546728412512442,4.871083751574258e-16,5
Glucose_day_57,100,0.15229539243945495,0.048706798483563234,5
Glucose_day_57,200,0.16646943811343604,0.0290477420523576,5
Glucose_day_57,300,0.17402023026440255,0.023769136648597415,5
Glucose_day_57,389,0.182360371957909,0.0,5
Glucagon_day_57,100,0.01063054202041105,0.023770614595307063,5
Glucagon_day_57,200,0.012037351051511002,0.024160371127253423,5
Glucagon_day_57,300,0.013311715820773885,0.00884556840120965,5
Glucagon_day_57,389,0.019100467693484724,0.0,5
all_species_day_58,100,0.39540249226329466,0.01943102374151023,5
all_species_day_58,200,0.5395723419414311,0.020697656112718624,5
all_species_day_58,300,0.6068695205323251,0.00855335976191552,5
all_species_day_58,389,0.6570069836350427,0.0,5
FSH_day_58,100,0.12585977161754744,0.030396023862551066,5
FSH_day_58,200,0.13061647006162005,0.02707419295332178,5
FSH_day_58,300,0.17198330576162046,0.015895541708983774,5
FSH_day_58,389,0.17338191534820097,9.730298868281309e-16,5
PGF_day_58,100,0.17502954441197965,0.018195487501850478,5
PGF_day_58,200,0.17672744855863892,0.03625490289883196,5
PGF_day_58,300,0.1896348472706503,0.024770954972699787,5
PGF_day_58,389,0.18543963662134696,4.865149434140654e-16,5
P4_day_58,100,0.22347655763541036,0.10961245070115734,5
P4_day_58,200,0.20133361163229146,0.017942165316752603,5
P4_day_58,300,0.23856447922040225,0.025798707600831555,5
P4_day_58,389,0.26529981514020146,3.973993651728112e-16,5
E2_day_58,100,0.14387050290464778,0.05037395104339485,5
E2_day_58,200,0.1335803287442822,0.05886699894640991,5
E2_day_58,300,0.17819714779791412,0.03472653389909203,5
E2_day_58,389,0.19717653089262938,3.973993651728112e-16,5
INH_day_58,100,0.13037073210155992,0.042967161171100596,5
INH_day_58,200,0.177094807068025,0.029482625733468836,5
INH_day_58,300,0.1849360869727704,0.022053461467776894,5
INH_day_58,389,0.19119974825162078,0.0,5
IGF1_day_58,100,0.04070347548934432,0.03572520290273834,5
IGF1_day_58,200,0.037071588573661704,0.021987178954031874,5
IGF1_day_58,300,0.05438169619328246,0.018531101354307654,5
IGF1_day_58,389,0.05419091830755818,1.0877919644084146e-15,5
Insulin_day_58,100,0.3172046260506681,0.07633378009788838,5
Insulin_day_58,200,0.32447417326722316,0.013356759747381732,5
Insulin_day_58,300,0.32210932260509056,0.01627922040170222,5
Insulin_day_58,389,0.3546728412512444,3.973993651728112e-16,5
Glucose_day_58,100,0.16958399091425386,0.028969907528215554,5
Glucose_day_58,200,0.1771700575570451,0.031751422347343454,5
Glucose_day_58,300,0.18812083472087354,0.024917963284381804,5
Glucose_day_58,389,0.18236037195790883,3.973993651728112e-16,5
Glucagon_day_58,100,0.0022103576128804647,0.004942509876984884,5
Glucagon_day_58,200,0.0,0.0,5
Glucagon_day_58,300,0.023871357988216955,0.01957684363861078,5
Glucagon_day_58,389,0.019100467693484013,9.729510204107512e-16,5
all_species_day_59,100,0.35199673018011846,0.011514829290951357,5
all_species_day_59,200,0.5085382310576714,0.013532866226555126,5
all_species_day_59,300,0.6007665882007345,0.007572075625642802,5
all_species_day_59,389,0.6546867649877649,4.871083751574258e-16,5
FSH_day_59,100,0.16883534471557943,0.05936908828762438,5
FSH_day_59,200,0.18646724940580697,0.02654341803584879,5
FSH_day_59,300,0.17402467144009445,0.010387045355148105,5
FSH_day_59,389,0.19049582858716896,0.0,5
PGF_day_59,100,0.1498778677170039,0.04988598513002688,5
PGF_day_59,200,0.15738600230667057,0.05494524313658456,5
PGF_day_59,300,0.17403935160138725,0.016214415267246672,5
PGF_day_59,389,0.17660834096285694,0.0,5
P4_day_59,100,0.1652282419204683,0.0733775486085869,5
P4_day_59,200,0.2532792423519769,0.03774766584592569,5
P4_day_59,300,0.23958620048146706,0.005116848003640283,5
P4_day_59,389,0.2577373499538737,3.973993651728112e-16,5
E2_day_59,100,0.11966159169131832,0.0277694388003162,5
E2_day_59,200,0.1288819197937924,0.04062274563977366,5
E2_day_59,300,0.14727076175519524,0.030918663324916437,5
E2_day_59,389,0.1575371533716087,7.944351721668025e-16,5
INH_day_59,100,0.22360588122621278,0.060204756893575885,5
INH_day_59,200,0.21390811793259826,0.030849759860819153,5
INH_day_59,300,0.19822671855857762,0.022469716404119416,5
INH_day_59,389,0.1976613304491437,0.0,5
IGF1_day_59,100,0.02068755969347773,0.02553751396271536,5
IGF1_day_59,200,0.03138088957878367,0.02117705886585333,5
IGF1_day_59,300,0.05840050805179544,0.022645775870595842,5
IGF1_day_59,389,0.054949444224298635,9.729556597887369e-16,5
Insulin_day_59,100,0.24232415367110693,0.033865929026768514,5
Insulin_day_59,200,0.3837632187836471,0.023356341058155865,5
Insulin_day_59,300,0.33954819931431146,0.023754378543978067,5
Insulin_day_59,389,0.35467284125124454,0.0,5
Glucose_day_59,100,0.15043317821378058,0.08289962226792935,5
Glucose_day_59,200,0.18128282489122718,0.05136361977755162,5
Glucose_day_59,300,0.19672117076760892,0.03428290266224973,5
Glucose_day_59,389,0.182360371957909,0.0,5
Glucagon_day_59,100,0.007200566653413176,0.006615280588397135,5
Glucagon_day_59,200,0.009066128006660712,0.01432820185247533,5
Glucagon_day_59,300,0.02190594957781151,0.021491103333065344,5
Glucagon_day_59,389,0.01910046769348437,7.944124442562817e-16,5
all_species_day_60,100,0.4562242561493569,0.024290591651628095,5
all_species_day_60,200,0.6130171474896461,0.01790271213091434,5
all_species_day_60,300,0.7200937872951835,0.017034747060108733,5
all_species_day_60,389,0.784012038579475,7.947987303456224e-16,5
FSH_day_60,100,0.16961851012066037,0.06767113978180968,5
FSH_day_60,200,0.1538904314177243,0.037667447062181274,5
FSH_day_60,300,0.16929217441095049,0.013791698289440265,5
FSH_day_60,389,0.14383084139146388,4.865149434140654e-16,5
PGF_day_60,100,0.16756626621525203,0.10843246189515854,5
PGF_day_60,200,0.14267600807618983,0.025559426797838708,5
PGF_day_60,300,0.14347155907536918,0.02307157443455669,5
PGF_day_60,389,0.1882362510190081,1.0877919644084146e-15,5
P4_day_60,100,0.16793026015002094,0.04429415818019441,5
P4_day_60,200,0.1864117409031735,0.025028039371027676,5
P4_day_60,300,0.20044314747467223,0.028519500964028683,5
P4_day_60,389,0.20985780740537496,0.0,5
E2_day_60,100,0.10418396242953083,0.05989377081342442,5
E2_day_60,200,0.1738373798344531,0.039967457653601934,5
E2_day_60,300,0.18116669746894215,0.027497031997100706,5
E2_day_60,389,0.18565773473266312,0.0,5
INH_day_60,100,0.07310762789553653,0.04448043661317595,5
INH_day_60,200,0.1298983827073828,0.040582849127236725,5
INH_day_60,300,0.1440341554421435,0.02943068449392837,5
INH_day_60,389,0.16153951015366186,0.0,5
IGF1_day_60,100,0.18644672716758298,0.0881831036830374,5
IGF1_day_60,200,0.1797325416002277,0.026128155215877746,5
IGF1_day_60,300,0.19081881081237756,0.024484876935251983,5
IGF1_day_60,389,0.16795912866327303,4.865149434140654e-16,5
Insulin_day_60,100,0.28636914308035166,0.05305321011476219,5
Insulin_day_60,200,0.3479166523916131,0.03097773976068087,5
Insulin_day_60,300,0.3468088348659343,0.03374682292294087,5
Insulin_day_60,389,0.35467284125124454,0.0,5
Glucose_day_60,100,0.14755211023075782,0.05669510724465043,5
Glucose_day_60,200,0.18920668176668407,0.03473777431500371,5
Glucose_day_60,300,0.18396772930196245,0.023555941463745657,5
Glucose_day_60,389,0.182360371957909,0.0,5
Glucagon_day_60,100,0.038765226031000743,0.04346184405479785,5
Glucagon_day_60,200,0.01850692702489969,0.03100097152632309,5
Glucagon_day_60,300,0.011463075788110011,0.014924323850687614,5
Glucagon_day_60,389,0.019100467693484013,9.729510204107512e-16,5
all_species_day_61,100,0.48946262948748875,0.019848800291591976,5
all_species_day_61,200,0.6825172125510258,0.02427256174760407,5
all_species_day_61,300,0.7634106190423262,0.013678981021113099,5
all_species_day_61,389,0.8384300800036023,4.871083751574258e-16,5
FSH_day_61,100,0.15318679391847176,0.0565755618277179,5
FSH_day_61,200,0.10837161682396826,0.021592523527928596,5
FSH_day_61,300,0.15958096693139828,0.022573509888000623,5
FSH_day_61,389,0.15800717063358186,4.865149434140654e-16,5
PGF_day_61,100,0.17884058607996317,0.07044017876151976,5
PGF_day_61,200,0.16088776242057304,0.01293601992311849,5
PGF_day_61,300,0.1525969406954605,0.03361859845462061,5
PGF_day_61,389,0.18578299529115938,0.0,5
P4_day_61,100,0.08776310886084601,0.03761135606400348,5
P4_day_61,200,0.16862396305435218,0.03265838801721684,5
P4_day_61,300,0.17431580997181886,0.019306229805772474,5
P4_day_61,389,0.19684032742024318,4.865149434140654e-16,5
E2_day_61,100,0.15668259399955903,0.052542848958869355,5
E2_day_61,200,0.15482629624161143,0.04522535299549567,5
E2_day_61,300,0.19087151161549798,0.01622190850071627,5
E2_day_61,389,0.2014469392582649,9.730298868281309e-16,5
INH_day_61,100,0.11530138140954219,0.10663265186503826,5
INH_day_61,200,0.12183528234185151,0.03117767643499628,5
INH_day_61,300,0.1399543967231681,0.03750110340443435,5
INH_day_61,389,0.14983637264207755,9.730298868281309e-16,5
IGF1_day_61,100,0.1548848723550682,0.048837498251600386,5
IGF1_day_61,200,0.16574222751378684,0.033670355130821686,5
IGF1_day_61,300,0.2051203379609543,0.02391125953608416,5
IGF1_day_61,389,0.19907227817703532,0.0,5
Insulin_day_61,100,0.3039146677140458,0.07636340181251966,5
Insulin_day_61,200,0.2949212503361943,0.025930111905872005,5
Insulin_day_61,300,0.33238553715277186,0.02314211567258443,5
Insulin_day_61,389,0.3546728412512442,4.871083751574258e-16,5
Glucose_day_61,100,0.17287575935408023,0.06430474205926853,5
Glucose_day_61,200,0.18135636454761422,0.03478610135627324,5
Glucose_day_61,300,0.19476815660470875,0.01907443397314046,5
Glucose_day_61,389,0.18236037195790883,3.973993651728112e-16,5
Glucagon_day_61,100,0.015158171281701627,0.02366871963908019,5
Glucagon_day_61,200,0.030947402519471902,0.03594412470546744,5
Glucagon_day_61,300,0.015853866840263287,0.013674196703340264,5
Glucagon_day_61,389,0.01910046769348437,7.944124442562817e-16,5
all_species_day_62,100,0.4476853852119168,0.02545517573555212,5
all_species_day_62,200,0.6645663203221901,0.04864412573789106,5
all_species_day_62,300,0.7496908744597143,0.016100470047280754,5
all_species_day_62,389,0.8038845724967907,4.002966042486721e-16,5
FSH_day_62,100,0.09091477425144809,0.05217352643782042,5
FSH_day_62,200,0.1537715167125821,0.05809499482869191,5
FSH_day_62,300,0.16063439819687594,0.03235514549697255,5
FSH_day_62,389,0.18343859687925762,3.973993651728112e-16,5
PGF_day_62,100,0.17756604921353514,0.05796790471416915,5
PGF_day_62,200,0.18557101992276603,0.027679370113010627,5
PGF_day_62,300,0.16117455410733666,0.01834309978175715,5
PGF_day_62,389,0.18954657748681214,0.0,5
P4_day_62,100,0.12394807809818538,0.020365427901157723,5
P4_day_62,200,0.17605189859843282,0.05119124360357734,5
P4_day_62,300,0.18582648418777784,0.014394119991564038,5
P4_day_62,389,0.19139502061144817,7.944351721668025e-16,5
E2_day_62,100,0.2506139620362017,0.1208429867216688,5
E2_day_62,200,0.1853366775582952,0.03339082364622886,5
E2_day_62,300,0.14245692628902357,0.01824732741365588,5
E2_day_62,389,0.17312038871632912,9.730298868281309e-16,5
INH_day_62,100,0.06210299455767263,0.03407588552184697,5
INH_day_62,200,0.12147625251494727,0.02865166945641667,5
INH_day_62,300,0.13686256224824317,0.02333649164796307,5
INH_day_62,389,0.1400407964448057,7.944351721668025e-16,5
IGF1_day_62,100,0.16260141488882845,0.04967600019881418,5
IGF1_day_62,200,0.18450994298753826,0.04342743518358226,5
IGF1_day_62,300,0.18402309148369334,0.025520011576357682,5
IGF1_day_62,389,0.21128972846093869,3.973993651728112e-16,5
Insulin_day_62,100,0.32318780357033533,0.09033827547803262,5
Insulin_day_62,200,0.34115339540691225,0.04739282230001872,5
Insulin_day_62,300,0.3425438022204423,0.016241771780813895,5
Insulin_day_62,389,0.3546728412512442,4.871083751574258e-16,5
Glucose_day_62,100,0.15360810413017312,0.03905915352687678,5
Glucose_day_62,200,0.21328576207011238,0.034520781531469175,5
Glucose_day_62,300,0.1544534216534977,0.012871339699330625,5
Glucose_day_62,389,0.182360371957909,0.0,5
Glucagon_day_62,100,0.017468708025311842,0.025682240313178003,5
Glucagon_day_62,200,0.013302746077796001,0.013073731950435678,5
Glucagon_day_62,300,0.017906285607009485,0.01789821207022875,5
Glucagon_day_62,389,0.01910046769348437,7.944124442562817e-16,5
all_species_day_63,100,0.4540531855417719,0.028203249695651866,5
all_species_day_63,200,0.6352699577731858,0.021098842218483176,5
all_species_day_63,300,0.7242896020229793,0.01372106023204552,5
all_species_day_63,389,0.7994611778166579,4.871083751574258e-16,5
FSH_day_63,100,0.1584822628108741,0.07034300210513511,5
FSH_day_63,200,0.14920194000927048,0.04854014634603692,5
FSH_day_63,300,0.19631141571124716,0.018576716668223026,5
FSH_day_63,389,0.2259756343985803,4.865149434140654e-16,5
PGF_day_63,100,0.1601845008960204,0.039396198412772164,5
PGF_day_63,200,0.2274556262890611,0.06341623538174619,5
PGF_day_63,300,0.1882083490067581,0.026499420094325342,5
PGF_day_63,389,0.18870696378356033,0.0,5
P4_day_63,100,0.13545079841062754,0.043127135434611295,5
P4_day_63,200,0.1504577492122623,0.04348682699553552,5
P4_day_63,300,0.20743849997215663,0.02749100464783068,5
P4_day_63,389,0.20325069334985474,3.973993651728112e-16,5
E2_day_63,100,0.11449671491181661,0.06144389481406523,5
E2_day_63,200,0.16979372222569503,0.028695133696744975,5
E2_day_63,300,0.16671378656365654,0.030568587440646566,5
E2_day_63,389,0.16935055148688125,7.944351721668025e-16,5
INH_day_63,100,0.10676636083148398,0.07464446232056976,5
INH_day_63,200,0.14069660866395423,0.03313721520954653,5
INH_day_63,300,0.1663913577919292,0.0424011327743746,5
INH_day_63,389,0.17854564707746726,7.944351721668025e-16,5
IGF1_day_63,100,0.2276256359432006,0.07283655691432056,5
IGF1_day_63,200,0.23842804962955988,0.061979607153918634,5
IGF1_day_63,300,0.252272930577243,0.023653769853124344,5
IGF1_day_63,389,0.2571723062788321,9.730298868281309e-16,5
Insulin_day_63,100,0.27361101586854525,0.057344469165220964,5
Insulin_day_63,200,0.3178253132873918,0.04405699175749978,5
Insulin_day_63,300,0.323206001457117,0.016869558353406044,5
Insulin_day_63,389,0.3546728412512444,3.973993651728112e-16,5
Glucose_day_63,100,0.1866107189819486,0.0906215271915425,5
Glucose_day_63,200,0.19425518119132157,0.048585795936101274,5
Glucose_day_63,300,0.1835759215608995,0.027331155109887612,5
Glucose_day_63,389,0.182360371957909,0.0,5
Glucagon_day_63,100,0.0064316835219374365,0.011765058001225065,5
Glucagon_day_63,200,0.008318860768319957,0.01139106947812354,5
Glucagon_day_63,300,0.027461381771272463,0.023039729066427938,5
Glucagon_day_63,389,0.01910046769348437,7.944124442562817e-16,5
all_species_day_64,100,0.45036268111821426,0.030571848526403204,5
all_species_day_64,200,0.6188433975480955,0.008602936647435215,5
all_species_day_64,300,0.7142188188443175,0.018592613534314437,5
all_species_day_64,389,0.7615516002019325,0.0,5
FSH_day_64,100,0.16879339116536815,0.08851269642609672,5
FSH_day_64,200,0.1546793037151762,0.02456744897181791,5
FSH_day_64,300,0.16948850544055122,0.016357529329117465,5
FSH_day_64,389,0.1687585900341178,9.730298868281309e-16,5
PGF_day_64,100,0.12646269472331378,0.08643153305943087,5
PGF_day_64,200,0.18909698608987605,0.041088615537640275,5
PGF_day_64,300,0.19692796902550516,0.03276274507634838,5
PGF_day_64,389,0.18422017328664636,7.43207042519283e-16,5
P4_day_64,100,0.14738347807063706,0.09125497140038694,5
P4_day_64,200,0.14385626355559822,0.071571582946044,5
P4_day_64,300,0.1622731858217586,0.0199811669475126,5
P4_day_64,389,0.14566167440123987,4.865149434140654e-16,5
E2_day_64,100,0.13528894577720169,0.04368494442803489,5
E2_day_64,200,0.164138110202917,0.02324864543771602,5
E2_day_64,300,0.16113986877563297,0.03770444363032789,5
E2_day_64,389,0.18239190920338455,0.0,5
INH_day_64,100,0.1423945643415788,0.06580807783406782,5
INH_day_64,200,0.18866145349362692,0.04188899170297901,5
INH_day_64,300,0.18309436958487577,0.029382334235870573,5
INH_day_64,389,0.1869366172932228,9.730298868281309e-16,5
IGF1_day_64,100,0.2653163199519433,0.030123934846454176,5
IGF1_day_64,200,0.2662610359373222,0.049563089877285256,5
IGF1_day_64,300,0.25017503309150174,0.026469448740108075,5
IGF1_day_64,389,0.2728756018557501,0.0,5
Insulin_day_64,100,0.23806754125313584,0.045279683276955175,5
Insulin_day_64,200,0.3165001715623236,0.052050638578221266,5
Insulin_day_64,300,0.33543252396634565,0.04478070220776888,5
Insulin_day_64,389,0.3546728412512444,3.973993651728112e-16,5
Glucose_day_64,100,0.16506765732258266,0.0595388481177196,5
Glucose_day_64,200,0.2081410095234501,0.03127522165935897,5
Glucose_day_64,300,0.19751407183307101,0.011876092496055903,5
Glucose_day_64,389,0.182360371957909,0.0,5
Glucagon_day_64,100,0.0,0.0,5
Glucagon_day_64,200,0.012502480880364254,0.011283371927408394,5
Glucagon_day_64,300,0.018244919761971977,0.017941044747873836,5
Glucagon_day_64,389,0.019100467693484724,0.0,5
all_species_day_65,100,0.4034761958148385,0.021245963126087362,5
all_species_day_65,200,0.5787428484436477,0.030019635657346916,5
all_species_day_65,300,0.6584413644804213,0.005535870162993536,5
all_species_day_65,389,0.7242586999066294,0.0,5
FSH_day_65,100,0.0976908117382255,0.04993310352364824,5
FSH_day_65,200,0.14294375870198603,0.039154291278447356,5
FSH_day_65,300,0.1638563663105904,0.03126831056072871,5
FSH_day_65,389,0.17591387916717238,0.0,5
PGF_day_65,100,0.16434845718637323,0.07105898759893636,5
PGF_day_65,200,0.15218158815594993,0.0394410600541915,5
PGF_day_65,300,0.164587722184379,0.01827951053185638,5
PGF_day_65,389,0.18389850419544942,7.944351721668025e-16,5
P4_day_65,100,0.1645961086567814,0.04163142469738793,5
P4_day_65,200,0.14675268999708865,0.026992052783388374,5
P4_day_65,300,0.15559217814692552,0.016697467442828774,5
P4_day_65,389,0.17552864620018055,3.973993651728112e-16,5
E2_day_65,100,0.1629351540293559,0.016583663698174187,5
E2_day_65,200,0.11720696468874454,0.023831473202996233,5
E2_day_65,300,0.13110619058101386,0.03305283878908143,5
E2_day_65,389,0.13287263112200254,0.0,5
INH_day_65,100,0.13792416385372555,0.08267776370743737,5
INH_day_65,200,0.15183630781470522,0.05329269624429447,5
INH_day_65,300,0.11205078953894602,0.032392184154125675,5
INH_day_65,389,0.12409905111000175,6.280369834735101e-16,5
IGF1_day_65,100,0.22009433950524357,0.06897883978587672,5
IGF1_day_65,200,0.23259198793147853,0.05292336031773242,5
IGF1_day_65,300,0.21249512516614785,0.03350594399802558,5
IGF1_day_65,389,0.23935763934522408,9.730298868281309e-16,5
Insulin_day_65,100,0.27953450391180185,0.0870759872259126,5
Insulin_day_65,200,0.33800440046209684,0.0596193420679864,5
Insulin_day_65,300,0.33254750143459066,0.0447663383199739,5
Insulin_day_65,389,0.3546728412512444,3.973993651728112e-16,5
Glucose_day_65,100,0.18147642396187322,0.06583355765223001,5
Glucose_day_65,200,0.17275014362900248,0.017865079575451408,5
Glucose_day_65,300,0.20029233348259953,0.0060667917620623865,5
Glucose_day_65,389,0.182360371957909,0.0,5
Glucagon_day_65,100,0.025214236846323602,0.026568013213095504,5
Glucagon_day_65,200,0.008538651999773527,0.01909300630770813,5
Glucagon_day_65,300,0.018742676111721222,0.015954314509198396,5
Glucagon_day_65,389,0.019100467693484724,0.0,5
all_species_day_66,100,0.511871644275599,0.02739960022944316,5
all_species_day_66,200,0.6935664296164784,0.02302399546203606,5
all_species_day_66,300,0.780936151519203,0.0188966013119981,5
all_species_day_66,389,0.8430363251497213,4.002966042486721e-16,5
FSH_day_66,100,0.1382235075153872,0.07992359561790982,5
FSH_day_66,200,0.15942955045694518,0.03131010460067033,5
FSH_day_66,300,0.18435763094983226,0.02854890453325095,5
FSH_day_66,389,0.16521153378268352,4.865149434140654e-16,5
PGF_day_66,100,0.1491481143150688,0.07924377474726971,5
PGF_day_66,200,0.16150169632204978,0.0254662511839879,5
PGF_day_66,300,0.18859602214173635,0.009147093930796601,5
PGF_day_66,389,0.18612341481235556,3.973993651728112e-16,5
P4_day_66,100,0.14042887663412795,0.031150486113572948,5
P4_day_66,200,0.2078723325370108,0.07981446923523651,5
P4_day_66,300,0.18454632394144993,0.031977985848284166,5
P4_day_66,389,0.18529072686191767,9.730298868281309e-16,5
E2_day_66,100,0.14960712609600346,0.04208495010609045,5
E2_day_66,200,0.18065395977507706,0.06726736486867102,5
E2_day_66,300,0.2156529638548717,0.03527465439297595,5
E2_day_66,389,0.19571801318365695,3.973993651728112e-16,5
INH_day_66,100,0.1418522902533544,0.04970921120895099,5
INH_day_66,200,0.1985594193960008,0.051295396143530264,5
INH_day_66,300,0.16068022276570523,0.030529203058547533,5
INH_day_66,389,0.19456699708306538,4.865149434140654e-16,5
IGF1_day_66,100,0.13264592324479452,0.0759623774322262,5
IGF1_day_66,200,0.1373249037139878,0.05857248629286599,5
IGF1_day_66,300,0.1393520192429305,0.03517580084621496,5
IGF1_day_66,389,0.1615039588344187,1.0877919644084146e-15,5
Insulin_day_66,100,0.34974367353213476,0.0752354368352246,5
Insulin_day_66,200,0.33298923959607973,0.04787250620476311,5
Insulin_day_66,300,0.34397875713944137,0.037570666076418346,5
Insulin_day_66,389,0.3546728412512444,3.973993651728112e-16,5
Glucose_day_66,100,0.14309739054550263,0.0675851983161254,5
Glucose_day_66,200,0.192657761651496,0.03989322927373171,5
Glucose_day_66,300,0.1861458598583603,0.04121867716949435,5
Glucose_day_66,389,0.182360371957909,0.0,5
Glucagon_day_66,100,0.01223450217027544,0.027357178523604593,5
Glucagon_day_66,200,0.020113166445219478,0.0304795181762695,5
Glucagon_day_66,300,0.02402072050876427,0.007104636180987662,5
Glucagon_day_66,389,0.01910046769348437,7.944124442562817e-16,5
all_species_day_67,100,0.5310238889248853,0.02081716867747929,5
all_species_day_67,200,0.6866345013491992,0.02081067781462193,5
all_species_day_67,300,0.7831492064029216,0.01012427383047512,5
all_species_day_67,389,0.8411245445913795,9.742167503148516e-16,5
FSH_day_67,100,0.13954328035003308,0.04812442452193509,5
FSH_day_67,200,0.1610154336854448,0.0199536416895953,5
FSH_day_67,300,0.16933616302550245,0.01173027235421835,5
FSH_day_67,389,0.16410034457130873,1.0877919644084146e-15,5
PGF_day_67,100,0.14209752244037066,0.08900848936621396,5
PGF_day_67,200,0.14116559524572345,0.042057696950993116,5
PGF_day_67,300,0.18019820052030616,0.018333913784529223,5
PGF_day_67,389,0.18761786201936062,4.865149434140654e-16,5
P4_day_67,100,0.13785384111371127,0.04046878900965492,5
P4_day_67,200,0.2135043462501695,0.020418102481366756,5
P4_day_67,300,0.21638454795210685,0.013467797952818628,5
P4_day_67,389,0.2318533016855433,0.0,5
E2_day_67,100,0.17482430641365382,0.037996017098643864,5
E2_day_67,200,0.1784621330567319,0.029213693166947222,5
E2_day_67,300,0.20165831611170493,0.033743504136926984,5
E2_day_67,389,0.19951227082590517,0.0,5
INH_day_67,100,0.18109442020937933,0.03444452758383319,5
INH_day_67,200,0.19480287475081629,0.039085440504269646,5
INH_day_67,300,0.15859610314069156,0.023207298096269795,5
INH_day_67,389,0.1974707683017911,1.0877919644084146e-15,5
IGF1_day_67,100,0.1898049369575606,0.04470626261851765,5
IGF1_day_67,200,0.19841959135038217,0.01906516823159363,5
IGF1_day_67,300,0.19976043127603801,0.019862537506822812,5
IGF1_day_67,389,0.21200862252430036,3.973993651728112e-16,5
Insulin_day_67,100,0.3484807224938985,0.03234552286899157,5
Insulin_day_67,200,0.3634578558165579,0.05085197265910424,5
Insulin_day_67,300,0.3574842992147005,0.03732334425107189,5
Insulin_day_67,389,0.3546728412512444,3.973993651728112e-16,5
Glucose_day_67,100,0.18122812919052275,0.06485818682494159,5
Glucose_day_67,200,0.16787318149760946,0.05035958338724589,5
Glucose_day_67,300,0.18311107566462342,0.011802215021133333,5
Glucose_day_67,389,0.182360371957909,0.0,5
Glucagon_day_67,100,0.00879007374225047,0.018646748004384397,5
Glucagon_day_67,200,0.030888855444409734,0.032665066981547565,5
Glucagon_day_67,300,0.005110441726794335,0.0070051159085322175,5
Glucagon_day_67,389,0.019100467693484724,0.0,5
all_species_day_68,100,0.5171638644362174,0.017970220543297735,5
all_species_day_68,200,0.7066243762807256,0.015868674681088955,5
all_species_day_68,300,0.7981522505569458,0.01470291443053366,5
all_species_day_68,389,0.8578706020055767,4.871083751574258e-16,5
FSH_day_68,100,0.2141625565748754,0.09379433641994342,5
FSH_day_68,200,0.23987774659945488,0.03696037779466018,5
FSH_day_68,300,0.21857573117361168,0.04033375630764215,5
FSH_day_68,389,0.22527227638698388,0.0,5
PGF_day_68,100,0.1483102796274139,0.07492721151600092,5
PGF_day_68,200,0.19241456616707103,0.0671500440342909,5
PGF_day_68,300,0.20398062572555417,0.02608436918279968,5
PGF_day_68,389,0.20219706804990878,0.0,5
P4_day_68,100,0.2044198957988499,0.04432755017377464,5
P4_day_68,200,0.20191262099773563,0.028010544527227062,5
P4_day_68,300,0.22714997052735839,0.004181067571583424,5
P4_day_68,389,0.24226524269004202,0.0,5
E2_day_68,100,0.18762650853544366,0.045833502320927685,5
E2_day_68,200,0.15243330314239553,0.030527954422454248,5
E2_day_68,300,0.21017029889598077,0.018512612340926906,5
E2_day_68,389,0.20241963342812302,9.730298868281309e-16,5
INH_day_68,100,0.1605840124614609,0.07085801615624614,5
INH_day_68,200,0.16610970248467485,0.03329944527934065,5
INH_day_68,300,0.18275328500492716,0.032988827097382885,5
INH_day_68,389,0.20237544146287742,7.944351721668025e-16,5
IGF1_day_68,100,0.156904300089764,0.0365544732016405,5
IGF1_day_68,200,0.2001662485160045,0.03247778223360382,5
IGF1_day_68,300,0.2323628559055555,0.016191628270154034,5
IGF1_day_68,389,0.23261164581178218,0.0,5
Insulin_day_68,100,0.3155548620942719,0.07449816468258043,5
Insulin_day_68,200,0.3462766827079621,0.025531983986973844,5
Insulin_day_68,300,0.3494863657409029,0.031267541698966235,5
Insulin_day_68,389,0.3546728412512442,4.871083751574258e-16,5
Glucose_day_68,100,0.14801809456150927,0.05326551790999071,5
Glucose_day_68,200,0.18740899598977306,0.01667418488082828,5
Glucose_day_68,300,0.16977912759747227,0.014287344174618721,5
Glucose_day_68,389,0.182360371957909,0.0,5
Glucagon_day_68,100,0.004783756550680707,0.006284122743575875,5
Glucagon_day_68,200,0.021503820839371458,0.021175082268263097,5
Glucagon_day_68,300,0.02283758388094821,0.015215344013021638,5
Glucagon_day_68,389,0.01910046769348437,7.944124442562817e-16,5
all_species_day_69,100,0.5389244228520248,0.031025614603289023,5
all_species_day_69,200,0.6739473301212078,0.008839801942818032,5
all_species_day_69,300,0.7864523288736945,0.015195698774090138,5
all_species_day_69,389,0.8479156366472875,9.742167503148516e-16,5
FSH_day_69,100,0.14025508361582606,0.049871450360018194,5
FSH_day_69,200,0.16000491498104488,0.030108786318577642,5
FSH_day_69,300,0.17222193746236308,0.012254630203840567,5
FSH_day_69,389,0.19941520574555902,4.865149434140654e-16,5
PGF_day_69,100,0.17694903342451465,0.02913289114654029,5
PGF_day_69,200,0.21603996088735614,0.0413157121608163,5
PGF_day_69,300,0.20499410724327854,0.035632374577715446,5
PGF_day_69,389,0.19656600982875183,0.0,5
P4_day_69,100,0.20989394992306795,0.07259243180574379,5
P4_day_69,200,0.22267066774379618,0.04477144919871915,5
P4_day_69,300,0.23455677567544858,0.02323110478291076,5
P4_day_69,389,0.25172033726200294,0.0,5
E2_day_69,100,0.2252355762607257,0.05143660680257044,5
E2_day_69,200,0.1885071270727165,0.05786737269128847,5
E2_day_69,300,0.19938410151525332,0.026963433859269744,5
E2_day_69,389,0.1998080625560938,9.730298868281309e-16,5
INH_day_69,100,0.127299520528641,0.058636687801523514,5
INH_day_69,200,0.1579435136119322,0.040384305761891774,5
INH_day_69,300,0.19769372586478476,0.037756595833922775,5
INH_day_69,389,0.2041870464341084,3.973993651728112e-16,5
IGF1_day_69,100,0.19991477306996294,0.05838492116731575,5
IGF1_day_69,200,0.17981831754983196,0.04194381768077061,5
IGF1_day_69,300,0.2228232407199613,0.023541566099714924,5
IGF1_day_69,389,0.24149011154600242,0.0,5
Insulin_day_69,100,0.3026763254848676,0.0669624870494659,5
Insulin_day_69,200,0.29901801884452334,0.027113896270020595,5
Insulin_day_69,300,0.34103367023010467,0.019659564404866246,5
Insulin_day_69,389,0.3546728412512442,4.871083751574258e-16,5
Glucose_day_69,100,0.1440781413275735,0.08937384521186761,5
Glucose_day_69,200,0.20228420403613825,0.04185658300118302,5
Glucose_day_69,300,0.18680400122821475,0.020501730492462202,5
Glucose_day_69,389,0.182360371957909,0.0,5
Glucagon_day_69,100,0.01665623020598588,0.021378369862544298,5
Glucagon_day_69,200,0.005721023225903466,0.005654302650860479,5
Glucagon_day_69,300,0.01966200499579802,0.011834683871546282,5
Glucagon_day_69,389,0.01910046769348437,7.944124442562817e-16,5
all_species_day_70,100,0.4693836063221509,0.02628450957644912,5
all_species_day_70,200,0.6772848030285721,0.021128904762919985,5
all_species_day_70,300,0.772457398275853,0.015850962714748434,5
all_species_day_70,389,0.8337062118526338,4.871083751574258e-16,5
FSH_day_70,100,0.16500401535756062,0.0768505620353909,5
FSH_day_70,200,0.1854220907146308,0.03285024609425969,5
FSH_day_70,300,0.19221352282867982,0.032124009723938765,5
FSH_day_70,389,0.19487948901181618,0.0,5
PGF_day_70,100,0.18473349903598368,0.041929173745769044,5
PGF_day_70,200,0.22182922173311895,0.027939801029719782,5
PGF_day_70,300,0.18436837087477348,0.02293857016269914,5
PGF_day_70,389,0.19420397033839265,0.0,5
P4_day_70,100,0.16461149866983185,0.061672830150342285,5
P4_day_70,200,0.21669391491112489,0.04106981610105232,5
P4_day_70,300,0.23872993136624815,0.025884254473320524,5
P4_day_70,389,0.2489546859069968,4.865149434140654e-16,5
E2_day_70,100,0.1481481339427159,0.0439650940188014,5
E2_day_70,200,0.21431428665608027,0.026373887381197968,5
E2_day_70,300,0.1897701368068036,0.034676422845133045,5
E2_day_70,389,0.20295765723355022,4.865149434140654e-16,5
INH_day_70,100,0.16598660932815523,0.07627977950601031,5
INH_day_70,200,0.18548394563102483,0.036906183837984594,5
INH_day_70,300,0.20215160647174385,0.01979255849161289,5
INH_day_70,389,0.20610409553453835,0.0,5
IGF1_day_70,100,0.18515733287720798,0.14319484096264767,5
IGF1_day_70,200,0.1693494102954384,0.039849445717489974,5
IGF1_day_70,300,0.20405012874121448,0.036296833275914465,5
IGF1_day_70,389,0.1971968465323707,4.865149434140654e-16,5
Insulin_day_70,100,0.2750135243046728,0.057563670055531896,5
Insulin_day_70,200,0.35264153126249287,0.048648398793060516,5
Insulin_day_70,300,0.3480992101975147,0.026898752318015848,5
Insulin_day_70,389,0.35467284125124454,0.0,5
Glucose_day_70,100,0.1433635828269743,0.054940175389299684,5
Glucose_day_70,200,0.15738843677359213,0.03631964318513098,5
Glucose_day_70,300,0.17334421433400352,0.007982172738334584,5
Glucose_day_70,389,0.182360371957909,0.0,5
Glucagon_day_70,100,0.018346729717247,0.01570638770389676,5
Glucagon_day_70,200,0.02728932666359043,0.04446823742702982,5
Glucagon_day_70,300,0.01889557906869701,0.015608083465619513,5
Glucagon_day_70,389,0.01910046769348437,7.944124442562817e-16,5
all_species_day_71,100,0.4148869667903304,0.05272662651520446,5
all_species_day_71,200,0.5916198762497731,0.025261017207195858,5
all_species_day_71,300,0.6736606813745833,0.015628524937245723,5
all_species_day_71,389,0.7408265857504294,4.871083751574258e-16,5
FSH_day_71,100,0.15508730450071068,0.03431782055385261,5
FSH_day_71,200,0.18754702126976178,0.037626267711706386,5
FSH_day_71,300,0.17656129926703806,0.02250164545339369,5
FSH_day_71,389,0.19762060405142828,3.973993651728112e-16,5
PGF_day_71,100,0.13870512999147114,0.05151359124409579,5
PGF_day_71,200,0.22363587541774682,0.048004443869596215,5
PGF_day_71,300,0.20378901190794937,0.021071286144373157,5
PGF_day_71,389,0.19700136530388832,7.944351721668025e-16,5
P4_day_71,100,0.16775341537415045,0.05964091863617043,5
P4_day_71,200,0.23677597432183523,0.010525840698678105,5
P4_day_71,300,0.23148065681088353,0.027014939362241676,5
P4_day_71,389,0.2555736193890155,3.973993651728112e-16,5
E2_day_71,100,1.4171288005648819e-05,3.168796330935818e-05,5
E2_day_71,200,0.021468483229839207,0.02382129734573797,5
E2_day_71,300,0.04236229161428735,0.021438968898214113,5
E2_day_71,389,0.03035650189667809,9.729510204107512e-16,5
INH_day_71,100,0.13785415147875657,0.03181623636955033,5
INH_day_71,200,0.14664096405652707,0.03914072008591267,5
INH_day_71,300,0.17109833375091538,0.016225662347674384,5
INH_day_71,389,0.19454586138942176,0.0,5
IGF1_day_71,100,0.2587914572415849,0.04311571191528381,5
IGF1_day_71,200,0.19905733880286594,0.06148683747166141,5
IGF1_day_71,300,0.2021526089974266,0.02568393311522806,5
IGF1_day_71,389,0.19954000221621015,0.0,5
Insulin_day_71,100,0.30336836715935755,0.07234083256275965,5
Insulin_day_71,200,0.33370377827666947,0.018894542603640124,5
Insulin_day_71,300,0.3367001116158706,0.03469136249015154,5
Insulin_day_71,389,0.3546728412512442,7.947987303456224e-16,5
Glucose_day_71,100,0.15983749112547355,0.06974320305508995,5
Glucose_day_71,200,0.17281969681332435,0.021056361998509358,5
Glucose_day_71,300,0.19566814237247546,0.020117986402636595,5
Glucose_day_71,389,0.182360371957909,0.0,5
Glucagon_day_71,100,0.006294797420696519,0.008813025556717587,5
Glucagon_day_71,200,0.01769102810783778,0.017219091215049484,5
Glucagon_day_71,300,0.0276346770864766,0.024808583422042063,5
Glucagon_day_71,389,0.01910046769348437,7.944124442562817e-16,5
all_species_day_72,100,0.3899015795110216,0.03939279086168686,5
all_species_day_72,200,0.571373957776623,0.018351568169910234,5
all_species_day_72,300,0.6605733273444399,0.01263427326549449,5
all_species_day_72,389,0.7144720798683084,4.002966042486721e-16,5
FSH_day_72,100,0.17914328895340664,0.07667649317919994,5
FSH_day_72,200,0.19986936823056495,0.042326830756134796,5
FSH_day_72,300,0.16018852388663962,0.025402683382746864,5
FSH_day_72,389,0.1735142568006589,0.0,5
PGF_day_72,100,0.23909258614296397,0.04711189785574307,5
PGF_day_72,200,0.15134708750148923,0.04062104303675448,5
PGF_day_72,300,0.16325410917459618,0.012021163638450757,5
PGF_day_72,389,0.14759423151668544,9.730298868281309e-16,5
P4_day_72,100,0.1972733298879465,0.09382221410777487,5
P4_day_72,200,0.24094298907631995,0.056243622829897144,5
P4_day_72,300,0.2441132319901648,0.01669971499405028,5
P4_day_72,389,0.24965137217696576,0.0,5
E2_day_72,100,0.1437436244149616,0.06942395228692448,5
E2_day_72,200,0.17630247313489847,0.02605869993925698,5
E2_day_72,300,0.19209421937034996,0.02018214395462148,5
E2_day_72,389,0.19482995930166513,0.0,5
INH_day_72,100,0.06135802721362538,0.010891706021006475,5
INH_day_72,200,0.08213299036364656,0.04089490448019777,5
INH_day_72,300,0.05828962495513057,0.01651703128091735,5
INH_day_72,389,0.04472582047360962,0.0,5
IGF1_day_72,100,0.16175949378996304,0.05996138753858415,5
IGF1_day_72,200,0.2107394370604112,0.03226901037068075,5
IGF1_day_72,300,0.21059850726317747,0.01911343636803966,5
IGF1_day_72,389,0.2395369127352364,7.944351721668025e-16,5
Insulin_day_72,100,0.3341259972015077,0.05719197645405728,5
Insulin_day_72,200,0.3416785775844737,0.046777653426353316,5
Insulin_day_72,300,0.34184694364316426,0.03687174190047818,5
Insulin_day_72,389,0.35467284125124454,0.0,5
Glucose_day_72,100,0.1717482509952056,0.031851757817330295,5
Glucose_day_72,200,0.20573241905000508,0.03945992794789968,5
Glucose_day_72,300,0.19735474634953382,0.013416155866718099,5
Glucose_day_72,389,0.182360371957909,0.0,5
Glucagon_day_72,100,0.0,0.0,5
Glucagon_day_72,200,0.014800732820173934,0.01899459748760713,5
Glucagon_day_72,300,0.027838255459542792,0.02178505337097926,5
Glucagon_day_72,389,0.01910046769348437,7.944124442562817e-16,5
all_species_day_73,100,0.4047887230419228,0.024325259422609297,5
all_species_day_73,200,0.5988566351210188,0.009165621269746977,5
all_species_day_73,300,0.6868724357584881,0.010579325563595074,5
all_species_day_73,389,0.7386340634551445,0.0,5
FSH_day_73,100,0.13083754009998855,0.05000965958159815,5
FSH_day_73,200,0.15801316192894319,0.04747865666909954,5
FSH_day_73,300,0.19772178843410995,0.019504741277305844,5
FSH_day_73,389,0.2132786397787106,9.730298868281309e-16,5
PGF_day_73,100,0.016066666666668006,0.015134969669857019,5
PGF_day_73,200,0.019233201796768996,0.016816584379809946,5
PGF_day_73,300,0.036731818634306815,0.0076262367602436265,5
PGF_day_73,389,0.035659102145323196,0.0,5
P4_day_73,100,0.18549646692613653,0.04499030848067711,5
P4_day_73,200,0.2354603006907654,0.0154905443221953,5
P4_day_73,300,0.23023303266482245,0.049991626510015444,5
P4_day_73,389,0.24828897232746616,0.0,5
E2_day_73,100,0.17014622358683162,0.05734829628509008,5
E2_day_73,200,0.16373198405129763,0.04753616570136116,5
E2_day_73,300,0.17988410047427958,0.03532392893954774,5
E2_day_73,389,0.1775207088329928,9.730298868281309e-16,5
INH_day_73,100,0.20401933477283835,0.052727143122073994,5
INH_day_73,200,0.1576226332210247,0.027208642695487013,5
INH_day_73,300,0.18097033104876167,0.01700067656368815,5
INH_day_73,389,0.1750832811291428,7.43207042519283e-16,5
IGF1_day_73,100,0.15980724606923716,0.0591665478155671,5
IGF1_day_73,200,0.17992383343984172,0.008487193392596046,5
IGF1_day_73,300,0.1758592968993204,0.035127064467175964,5
IGF1_day_73,389,0.18624360907353718,4.865149434140654e-16,5
Insulin_day_73,100,0.27857984478634046,0.06863354385898372,5
Insulin_day_73,200,0.32199287637602564,0.037775180129126125,5
Insulin_day_73,300,0.34469218793410833,0.024558265701464663,5
Insulin_day_73,389,0.3546728412512444,3.973993651728112e-16,5
Glucose_day_73,100,0.13370209359037996,0.07582630324647223,5
Glucose_day_73,200,0.17723670106425243,0.039536956468874104,5
Glucose_day_73,300,0.19799392277794076,0.008121318253383572,5
Glucose_day_73,389,0.18236037195790863,4.865149434140654e-16,5
Glucagon_day_73,100,0.0,0.0,5
Glucagon_day_73,200,0.007064305331174125,0.010750010030648094,5
Glucagon_day_73,300,0.03581736063170578,0.013466599844594987,5
Glucagon_day_73,389,0.019100467693484013,9.729510204107512e-16,5
all_species_day_74,100,0.4131556065922915,0.03681882020365129,5
all_species_day_74,200,0.5928360561244386,0.01734391073263438,5
all_species_day_74,300,0.679703875402671,0.014407297668901474,5
all_species_day_74,389,0.7315748930386603,9.742167503148516e-16,5
FSH_day_74,100,0.13788299842181734,0.04826620687829319,5
FSH_day_74,200,0.16224266044571695,0.036175082364193145,5
FSH_day_74,300,0.18693545648295373,0.014098593230445898,5
FSH_day_74,389,0.19172725102974758,3.973993651728112e-16,5
PGF_day_74,100,0.12310339123060317,0.06082247575902095,5
PGF_day_74,200,0.15286916518495025,0.03857906818067314,5
PGF_day_74,300,0.19280694093163184,0.02344244612665272,5
PGF_day_74,389,0.18653316261944788,4.865149434140654e-16,5
P4_day_74,100,0.1827014351354473,0.047606671600142335,5
P4_day_74,200,0.25298896799653825,0.024542770126163887,5
P4_day_74,300,0.25289987281945,0.008108799702770834,5
P4_day_74,389,0.25211580496115926,1.191874962812805e-15,5
E2_day_74,100,0.15353702612372705,0.027954002965527993,5
E2_day_74,200,0.16525377563693588,0.057150828989101156,5
E2_day_74,300,0.19713205234018077,0.03458682458369172,5
E2_day_74,389,0.1733079740881415,7.944351721668025e-16,5
INH_day_74,100,0.20417190362671142,0.07114542694230108,5
INH_day_74,200,0.18737373923772793,0.045879197805355425,5
INH_day_74,300,0.18422001466760704,0.011628556052433783,5
INH_day_74,389,0.18372202621938846,7.944351721668025e-16,5
IGF1_day_74,100,0.09578600497256655,0.044224575328349794,5
IGF1_day_74,200,0.09990675707387986,0.038607092696622776,5
IGF1_day_74,300,0.12087023219350197,0.010498117027514048,5
IGF1_day_74,389,0.13103764522875264,7.944351721668025e-16,5
Insulin_day_74,100,0.25404783277769083,0.07207483516367137,5
Insulin_day_74,200,0.3563367697593298,0.03489729897445384,5
Insulin_day_74,300,0.33468397702506697,0.011824868637594096,5
Insulin_day_74,389,0.35467284125124454,0.0,5
Glucose_day_74,100,0.16418615158655073,0.07240782303607164,5
Glucose_day_74,200,0.17218602810047087,0.037757685643001394,5
Glucose_day_74,300,0.19985441629564776,0.01167318638585083,5
Glucose_day_74,389,0.182360371957909,0.0,5
Glucagon_day_74,100,0.02278884320940495,0.022231988766114465,5
Glucagon_day_74,200,0.011247206516420683,0.014390857006466284,5
Glucagon_day_74,300,0.020494919783932274,0.014637733505513936,5
Glucagon_day_74,389,0.01910046769348437,7.944124442562817e-16,5
all_species_day_75,100,0.392985085533596,0.014964455063600309,5
all_species_day_75,200,0.5709000568726103,0.0019275021158041232,5
all_species_day_75,300,0.6607715751274397,0.009233945605419376,5
all_species_day_75,389,0.7116320393408723,4.871083751574258e-16,5
FSH_day_75,100,0.18290156431038743,0.08489097790198556,5
FSH_day_75,200,0.14723795874235446,0.03601424604318202,5
FSH_day_75,300,0.18987467563154806,0.023312367553334393,5
FSH_day_75,389,0.1763114937448078,0.0,5
PGF_day_75,100,0.19604307973512433,0.07423926774193901,5
PGF_day_75,200,0.1846220004648659,0.05574330746303997,5
PGF_day_75,300,0.21794924530648566,0.011916407563609958,5
PGF_day_75,389,0.2189690438363275,1.1916325557808115e-15,5
P4_day_75,100,0.20563605515593936,0.06642670497797679,5
P4_day_75,200,0.2447095195138825,0.03448222825164984,5
P4_day_75,300,0.2287291740099578,0.02720128709198367,5
P4_day_75,389,0.25133296712765263,4.871083751574258e-16,5
E2_day_75,100,0.12040738676568771,0.05030594207620113,5
E2_day_75,200,0.18321600608951466,0.029984603828177366,5
E2_day_75,300,0.21275760636128566,0.010689637573170326,5
E2_day_75,389,0.19669880919954377,7.944351721668025e-16,5
INH_day_75,100,0.06713267968105825,0.07894937732616325,5
INH_day_75,200,0.13672157543420943,0.041820117759055746,5
INH_day_75,300,0.15181061334285334,0.026231911540570897,5
INH_day_75,389,0.19156334182342327,0.0,5
IGF1_day_75,100,0.050874432069530864,0.035039281654747415,5
IGF1_day_75,200,0.057982249054855474,0.05267533420277537,5
IGF1_day_75,300,0.012990479523359078,0.014832720054550604,5
IGF1_day_75,389,0.036553823813245324,4.864778298943684e-16,5
Insulin_day_75,100,0.27737784225664563,0.05674648283852073,5
Insulin_day_75,200,0.29535108284971034,0.042661554558446474,5
Insulin_day_75,300,0.35491244641585046,0.02354742989714965,5
Insulin_day_75,389,0.3546728412512444,3.973993651728112e-16,5
Glucose_day_75,100,0.18974159643807162,0.11490667454827322,5
Glucose_day_75,200,0.17600830625572178,0.028351344344106463,5
Glucose_day_75,300,0.18881521551533548,0.023230899631161515,5
Glucose_day_75,389,0.18236037195790883,3.973993651728112e-16,5
Glucagon_day_75,100,0.014711544193121994,0.021970874650541806,5
Glucagon_day_75,200,0.007522031379580696,0.0077888231789497745,5
Glucagon_day_75,300,0.025111608926708228,0.02936352009299904,5
Glucagon_day_75,389,0.01910046769348437,7.944124442562817e-16,5
all_species_day_76,100,0.33628555013275835,0.028263460091481875,5
all_species_day_76,200,0.4888167615715435,0.019173101261870194,5
all_species_day_76,300,0.5796585304317814,0.015931349402555924,5
all_species_day_76,389,0.6390208504706442,4.871083751574258e-16,5
FSH_day_76,100,0.04061152390626503,0.061294979562031955,5
FSH_day_76,200,0.041651517726153206,0.03983299244672657,5
FSH_day_76,300,0.036896159643816165,0.022029455141009503,5
FSH_day_76,389,0.04883700891621121,4.864778298943684e-16,5
PGF_day_76,100,0.14300812469373572,0.08119395756415643,5
PGF_day_76,200,0.14252081288913682,0.01255273589959928,5
PGF_day_76,300,0.1485523848234987,0.02374012359927743,5
PGF_day_76,389,0.15776264896032632,0.0,5
P4_day_76,100,0.2467075905121602,0.0708390512076977,5
P4_day_76,200,0.22485716639261727,0.041569187382681096,5
P4_day_76,300,0.2299965346620283,0.029658498033978485,5
P4_day_76,389,0.2500298999566752,9.730298868281309e-16,5
E2_day_76,100,0.1599745075326542,0.03956319226510971,5
E2_day_76,200,0.14026827835922492,0.012194178939827317,5
E2_day_76,300,0.19167446532660418,0.01975133176777924,5
E2_day_76,389,0.19812215393249116,3.973993651728112e-16,5
INH_day_76,100,0.1295232764867354,0.0700894741093645,5
INH_day_76,200,0.1528059810570337,0.03156515679819859,5
INH_day_76,300,0.18006392520821687,0.02917424730099909,5
INH_day_76,389,0.19901637783082435,4.865149434140654e-16,5
IGF1_day_76,100,0.05196167437568313,0.040653103905137176,5
IGF1_day_76,200,0.05297356276482699,0.028426400752092705,5
IGF1_day_76,300,0.041402128658024215,0.007850132882356009,5
IGF1_day_76,389,0.04708856221533857,9.729556597887369e-16,5
Insulin_day_76,100,0.31488433073323796,0.0323643239463769,5
Insulin_day_76,200,0.3191974435987747,0.028967304906132536,5
Insulin_day_76,300,0.338303917459932,0.030110178795609246,5
Insulin_day_76,389,0.35467284125124454,0.0,5
Glucose_day_76,100,0.15371331742350058,0.02885676437311013,5
Glucose_day_76,200,0.16184214781025547,0.011018543780759974,5
Glucose_day_76,300,0.1863739379564649,0.028707051004514327,5
Glucose_day_76,389,0.182360371957909,0.0,5
Glucagon_day_76,100,0.001180479354384012,0.0026396320824377153,5
Glucagon_day_76,200,0.008143427065372855,0.011863295828084238,5
Glucagon_day_76,300,0.019811730789219516,0.017847046859125575,5
Glucagon_day_76,389,0.01910046769348437,7.944124442562817e-16,5
all_species_day_77,100,0.3778702814316734,0.04910370914051055,5
all_species_day_77,200,0.5174250820475018,0.024351433182787596,5
all_species_day_77,300,0.5942008543975177,0.011576554780715434,5
all_species_day_77,389,0.6527527184279031,7.947987303456224e-16,5
FSH_day_77,100,0.13420041953517536,0.058881838059226456,5
FSH_day_77,200,0.17532426651016236,0.05382543536248873,5
FSH_day_77,300,0.1731733386798428,0.017033249166854517,5
FSH_day_77,389,0.18057873923330323,4.865149434140654e-16,5
PGF_day_77,100,0.047977507953435604,0.047729926211653506,5
PGF_day_77,200,0.08371927803137957,0.03391211697170664,5
PGF_day_77,300,0.04601776958713159,0.022853707219253484,5
PGF_day_77,389,0.04985583590560427,0.0,5
P4_day_77,100,0.18094876371280327,0.045429650655116095,5
P4_day_77,200,0.23697674127011936,0.027498959478157572,5
P4_day_77,300,0.2245756191008354,0.020423748446388,5
P4_day_77,389,0.2502081394990297,3.973993651728112e-16,5
E2_day_77,100,0.17720576844441743,0.04685979389669737,5
E2_day_77,200,0.17153069075998673,0.028823030878413838,5
E2_day_77,300,0.1873306023377145,0.022392751212882252,5
E2_day_77,389,0.1904024677642182,0.0,5
INH_day_77,100,0.13229706050740705,0.10590418080624908,5
INH_day_77,200,0.15611666538867547,0.040212539955588315,5
INH_day_77,300,0.16760862985457053,0.032211649585641745,5
INH_day_77,389,0.19029120084117376,4.865149434140654e-16,5
IGF1_day_77,100,0.02748349320930856,0.03668242655302308,5
IGF1_day_77,200,0.060413655359889164,0.039757929462633866,5
IGF1_day_77,300,0.02197739088858839,0.008500534836621774,5
IGF1_day_77,389,0.0443770641652792,0.0,5
Insulin_day_77,100,0.26097732405131424,0.06647285425910608,5
Insulin_day_77,200,0.34350062532874154,0.030422483918705497,5
Insulin_day_77,300,0.3416485304574858,0.015915015504244644,5
Insulin_day_77,389,0.35467284125124454,0.0,5
Glucose_day_77,100,0.19370993697656616,0.05724924832015701,5
Glucose_day_77,200,0.16654210742770098,0.051445198585438605,5
Glucose_day_77,300,0.17384156495639652,0.021961847365157123,5
Glucose_day_77,389,0.182360371957909,0.0,5
Glucagon_day_77,100,0.004414784948635742,0.009871759251192436,5
Glucagon_day_77,200,0.02509775523778579,0.016733068966154407,5
Glucagon_day_77,300,0.015432607315135627,0.020840671502128014,5
Glucagon_day_77,389,0.019100467693484013,9.729510204107512e-16,5
all_species_day_78,100,0.3494695104461464,0.038480709255115486,5
all_species_day_78,200,0.4720358879474791,0.028476682917662713,5
all_species_day_78,300,0.5826843572922094,0.0052073504448409795,5
all_species_day_78,389,0.6287851405766528,4.871083751574258e-16,5
FSH_day_78,100,0.1680344344241668,0.05278767518152121,5
FSH_day_78,200,0.16898158263826027,0.03194516581178002,5
FSH_day_78,300,0.1747332227859383,0.028991239383797735,5
FSH_day_78,389,0.20495669021895146,0.0,5
PGF_day_78,100,0.07789969030697605,0.03479279917027047,5
PGF_day_78,200,0.08120086442515681,0.03564968968027962,5
PGF_day_78,300,0.06884831613905451,0.013992937586725224,5
PGF_day_78,389,0.046546068770416046,3.9721758608340127e-16,5
P4_day_78,100,0.20846992186347837,0.06223923361756408,5
P4_day_78,200,0.2610699563888875,0.037112742280837954,5
P4_day_78,300,0.23106321522196965,0.027084448382761105,5
P4_day_78,389,0.2504901538251417,7.947987303456224e-16,5
E2_day_78,100,0.154936716022171,0.054901368091522455,5
E2_day_78,200,0.18606264284040447,0.032418102783221596,5
E2_day_78,300,0.21041833536373797,0.033378896107928435,5
E2_day_78,389,0.20504874771653386,3.973993651728112e-16,5
INH_day_78,100,0.17139587986753516,0.10042132351272406,5
INH_day_78,200,0.10321374923766716,0.025937465189588345,5
INH_day_78,300,0.16693257938018213,0.03245059893880629,5
INH_day_78,389,0.17518880673050727,4.865149434140654e-16,5
IGF1_day_78,100,0.018110872457667425,0.034776798932080064,5
IGF1_day_78,200,0.01832053273986318,0.04096595659034455,5
IGF1_day_78,300,0.02619259337158102,0.020014238328869356,5
IGF1_day_78,389,0.05531932334010374,9.729556597887369e-16,5
Insulin_day_78,100,0.3255077108897554,0.05914945889811032,5
Insulin_day_78,200,0.32566321448144464,0.049427274596727036,5
Insulin_day_78,300,0.3435000787069308,0.029707927084994697,5
Insulin_day_78,389,0.35467284125124454,0.0,5
Glucose_day_78,100,0.1578682420591237,0.07660133801774714,5
Glucose_day_78,200,0.17412675316515838,0.03369499578294022,5
Glucose_day_78,300,0.16791915794620033,0.01757584910568909,5
Glucose_day_78,389,0.182360371957909,0.0,5
Glucagon_day_78,100,0.028612382528442736,0.05790213129213093,5
Glucagon_day_78,200,0.0058573756926916685,0.013097490218613492,5
Glucagon_day_78,300,0.012062393169812502,0.017653627345059833,5
Glucagon_day_78,389,0.019100467693484013,9.729510204107512e-16,5
all_species_day_79,100,0.3477825686246492,0.03327647363443718,5
all_species_day_79,200,0.5086497258680218,0.01866871019763156,5
all_species_day_79,300,0.609635595887514,0.016195336546708936,5
all_species_day_79,389,0.6589538273262388,9.742167503148516e-16,5
FSH_day_79,100,0.1994595745382016,0.07118771985271645,5
FSH_day_79,200,0.2268956780564034,0.012377459823374426,5
FSH_day_79,300,0.2370582603523875,0.02517970685455889,5
FSH_day_79,389,0.20822839005363125,0.0,5
PGF_day_79,100,0.07014505889676795,0.05272608241673393,5
PGF_day_79,200,0.07704253954095001,0.03978275069624441,5
PGF_day_79,300,0.061102160976648355,0.021432697688155877,5
PGF_day_79,389,0.04611204711810437,4.864778298943684e-16,5
P4_day_79,100,0.2036588483772764,0.08256851872040874,5
P4_day_79,200,0.2091399699073989,0.055198775498117414,5
P4_day_79,300,0.21767803207904562,0.03581564745010645,5
P4_day_79,389,0.2474691936449714,4.865149434140654e-16,5
E2_day_79,100,0.21136894105901263,0.03457931946923431,5
E2_day_79,200,0.17542619473310275,0.05507014842937215,5
E2_day_79,300,0.1911218147800115,0.029453675175612697,5
E2_day_79,389,0.20298937461973984,4.865149434140654e-16,5
INH_day_79,100,0.1311174128935068,0.04349783565918872,5
INH_day_79,200,0.16205422727132532,0.047033642182784136,5
INH_day_79,300,0.1911968596356573,0.032147910737933626,5
INH_day_79,389,0.19322000487134935,4.865149434140654e-16,5
IGF1_day_79,100,0.013339578771142335,0.026103105277848395,5
IGF1_day_79,200,0.030293990872632647,0.02421588664725794,5
IGF1_day_79,300,0.03781474975876566,0.018878532307163885,5
IGF1_day_79,389,0.05157790973352068,7.431098595123269e-16,5
Insulin_day_79,100,0.2692011344560207,0.05990325772082495,5
Insulin_day_79,200,0.35480531680696553,0.018571511924144486,5
Insulin_day_79,300,0.35219982643243564,0.01101263742688474,5
Insulin_day_79,389,0.35467284125124454,0.0,5
Glucose_day_79,100,0.20852020239179883,0.07151385487744089,5
Glucose_day_79,200,0.18671315957211138,0.040166079203583394,5
Glucose_day_79,300,0.1883982918678111,0.023285220915947504,5
Glucose_day_79,389,0.182360371957909,0.0,5
Glucagon_day_79,100,0.005714605041925403,0.00802839068887254,5
Glucagon_day_79,200,0.039542814370353875,0.03038455597986221,5
Glucagon_day_79,300,0.03282004036993076,0.01451626792988541,5
Glucagon_day_79,389,0.019100467693484724,0.0,5
all_species_day_80,100,0.38972185174010787,0.026873399689662816,5
all_species_day_80,200,0.5238112680408251,0.01644729427720475,5
all_species_day_80,300,0.6105122600247006,0.0150600794360172,5
all_species_day_80,389,0.6610248959431161,7.947987303456224e-16,5
FSH_day_80,100,0.17927232492000583,0.03907220233964522,5
FSH_day_80,200,0.1433071341854623,0.0455532746578114,5
FSH_day_80,300,0.18214113681487323,0.039810650835455465,5
FSH_day_80,389,0.20104113128254397,0.0,5
PGF_day_80,100,0.08040760090194148,0.0820755278039522,5
PGF_day_80,200,0.13616765348494403,0.057534737788622045,5
PGF_day_80,300,0.11276676922095596,0.04431927407240526,5
PGF_day_80,389,0.10933201791284172,4.865149434140654e-16,5
P4_day_80,100,0.2773905505242283,0.08188670526700542,5
P4_day_80,200,0.22376767538331527,0.04043086938019646,5
P4_day_80,300,0.2330284687060221,0.023856382337767074,5
P4_day_80,389,0.2420315561198935,7.944351721668025e-16,5
E2_day_80,100,0.1429820950484874,0.07006605033262586,5
E2_day_80,200,0.15530395395911806,0.03788478634806444,5
E2_day_80,300,0.19755829523626697,0.021209768342555026,5
E2_day_80,389,0.17684350782078778,9.730298868281309e-16,5
INH_day_80,100,0.2036351009534199,0.024455506309389446,5
INH_day_80,200,0.17035309668802193,0.06186924812885161,5
INH_day_80,300,0.18862158550983618,0.02155324023065163,5
INH_day_80,389,0.17573707701580582,3.973993651728112e-16,5
IGF1_day_80,100,0.05887096137052002,0.048890574589948214,5
IGF1_day_80,200,0.03140751507416528,0.014865040110517596,5
IGF1_day_80,300,0.04986208929565006,0.01739514663685151,5
IGF1_day_80,389,0.05036185138692399,9.729556597887369e-16,5
Insulin_day_80,100,0.23972141635546684,0.05758429035210288,5
Insulin_day_80,200,0.3402197138894575,0.057281556428569066,5
Insulin_day_80,300,0.35408201355973307,0.030683762743337673,5
Insulin_day_80,389,0.35467284125124454,0.0,5
Glucose_day_80,100,0.17696621343647473,0.03850812855360736,5
Glucose_day_80,200,0.16934727681917944,0.03173549899590373,5
Glucose_day_80,300,0.18274886557000106,0.015399788982526709,5
Glucose_day_80,389,0.18236037195790883,3.973993651728112e-16,5
Glucagon_day_80,100,0.041314655260898725,0.03453111815502086,5
Glucagon_day_80,200,0.008282342523706276,0.007874196887095102,5
Glucagon_day_80,300,0.014542692345473007,0.013290034040660429,5
Glucagon_day_80,389,0.019100467693484724,0.0,5
all_species_day_81,100,0.33476592610031214,0.02760827910089102,5
all_species_day_81,200,0.5103792970421053,0.01479310358536964,5
all_species_day_81,300,0.5903955652539192,0.008291901126603793,5
all_species_day_81,389,0.6455598518577572,0.0,5
FSH_day_81,100,0.20940782328651633,0.048537990820637755,5
FSH_day_81,200,0.15290505172695817,0.06411510844350077,5
FSH_day_81,300,0.18564953138347154,0.03993651951425252,5
FSH_day_81,389,0.19512645647352472,9.730298868281309e-16,5
PGF_day_81,100,0.17022950727203662,0.1221931127341623,5
PGF_day_81,200,0.18218373730231646,0.06444718594682901,5
PGF_day_81,300,0.1824164218056314,0.014008935374963378,5
PGF_day_81,389,0.2000009684317101,0.0,5
P4_day_81,100,0.20233644225374334,0.12455828112757301,5
P4_day_81,200,0.2044014517064559,0.056470762748956946,5
P4_day_81,300,0.23440044048273273,0.04532101664617153,5
P4_day_81,389,0.23714568437446104,0.0,5
E2_day_81,100,0.13346486058055956,0.030719326247403794,5
E2_day_81,200,0.17809793282869357,0.02541567382723316,5
E2_day_81,300,0.19613850252554457,0.041278922876528984,5
E2_day_81,389,0.2096061230645633,7.944351721668025e-16,5
INH_day_81,100,0.14639343574561908,0.06245361184475749,5
INH_day_81,200,0.1253443279765234,0.02397833596631194,5
INH_day_81,300,0.1547642299135621,0.014443816005357192,5
INH_day_81,389,0.18137035768479226,0.0,5
IGF1_day_81,100,0.04855882484397789,0.044378933064092574,5
IGF1_day_81,200,0.032312507295458204,0.02171286909090869,5
IGF1_day_81,300,0.06428675123824697,0.014755654770300154,5
IGF1_day_81,389,0.057162901748550786,7.944124442562817e-16,5
Insulin_day_81,100,0.2825512934163473,0.06753793719214496,5
Insulin_day_81,200,0.3166540657929325,0.028930385860124117,5
Insulin_day_81,300,0.3416369431516433,0.017003868465189333,5
Insulin_day_81,389,0.3546728412512444,3.973993651728112e-16,5
Glucose_day_81,100,0.15796805546289647,0.03592329385335167,5
Glucose_day_81,200,0.18544604148035101,0.049527160137438624,5
Glucose_day_81,300,0.1812871053771083,0.023942924856115,5
Glucose_day_81,389,0.18236037195790883,3.973993651728112e-16,5
Glucagon_day_81,100,0.00304354063239618,0.006805563746320557,5
Glucagon_day_81,200,0.03815593483717521,0.04414326563756349,5
Glucagon_day_81,300,0.030197145214950892,0.012271315145852186,5
Glucagon_day_81,389,0.019100467693484724,0.0,5
all_species_day_82,100,0.44839139913960313,0.0485361056746075,5
all_species_day_82,200,0.6594413277867097,0.016576635891998474,5
all_species_day_82,300,0.7682620258595797,0.01987864640986788,5
all_species_day_82,389,0.8256458354547744,0.0,5
FSH_day_82,100,0.15758201710774564,0.03434715682659245,5
FSH_day_82,200,0.1711651427974818,0.011022860591987685,5
FSH_day_82,300,0.17640093643135052,0.028426225673733218,5
FSH_day_82,389,0.17338479933011008,0.0,5
PGF_day_82,100,0.18192397251444897,0.06967784949570732,5
PGF_day_82,200,0.17867275981415015,0.039615696248209105,5
PGF_day_82,300,0.19446478181108554,0.007317037068908304,5
PGF_day_82,389,0.20131474195773205,4.865149434140654e-16,5
P4_day_82,100,0.1535982543558781,0.03349212268631981,5
P4_day_82,200,0.160625261932919,0.0566735955490262,5
P4_day_82,300,0.18761687820303924,0.015686469451893326,5
P4_day_82,389,0.1911285889927088,0.0,5
E2_day_82,100,0.1407532979274789,0.0087321516180703,5
E2_day_82,200,0.15593562561934354,0.03279079757826557,5
E2_day_82,300,0.2078766471620682,0.02386207209487581,5
E2_day_82,389,0.21794374451186121,3.973993651728112e-16,5
INH_day_82,100,0.14469150975900344,0.04747381907110329,5
INH_day_82,200,0.1533480692873665,0.035146801936067194,5
INH_day_82,300,0.17931425650389682,0.029606039470189537,5
INH_day_82,389,0.18046238276399346,3.973993651728112e-16,5
IGF1_day_82,100,0.15320223290324683,0.057718716853424536,5
IGF1_day_82,200,0.15988396894678888,0.018283276705147813,5
IGF1_day_82,300,0.1777726888771726,0.015058341192283076,5
IGF1_day_82,389,0.17209980672909797,0.0,5
Insulin_day_82,100,0.28472495563811523,0.06118397337295215,5
Insulin_day_82,200,0.370506672533101,0.034026105753898125,5
Insulin_day_82,300,0.3497469293093248,0.0454147698861581,5
Insulin_day_82,389,0.35467284125124454,0.0,5
Glucose_day_82,100,0.1840535657208923,0.049349676376090494,5
Glucose_day_82,200,0.19205350540980087,0.021352845257848328,5
Glucose_day_82,300,0.1830751924987064,0.012069721503149894,5
Glucose_day_82,389,0.182360371957909,0.0,5
Glucagon_day_82,100,0.015724843953155876,0.019439027632588188,5
Glucagon_day_82,200,0.004634908926513148,0.007327008780050938,5
Glucagon_day_82,300,0.01937448914549549,0.023810989120664167,5
Glucagon_day_82,389,0.0191004676934833,7.944124442562817e-16,5
all_species_day_83,100,0.5040203419904244,0.023276189435875744,5
all_species_day_83,200,0.677157410527802,0.024223811495264133,5
all_species_day_83,300,0.7956846785981373,0.011852528685721436,5
all_species_day_83,389,0.8498310542809678,4.871083751574258e-16,5
FSH_day_83,100,0.1858437146344425,0.02856554026868334,5
FSH_day_83,200,0.14184093218982738,0.05575103720576774,5
FSH_day_83,300,0.18604576984862628,0.02335190451420219,5
FSH_day_83,389,0.18741529820853042,0.0,5
PGF_day_83,100,0.14285108408263908,0.0783198245152766,5
PGF_day_83,200,0.19799183211183422,0.01574833669048545,5
PGF_day_83,300,0.17803457033858247,0.01874819470957421,5
PGF_day_83,389,0.18339701315402568,0.0,5
P4_day_83,100,0.18690977475472045,0.061283698337473554,5
P4_day_83,200,0.19134846230971067,0.062104870397831045,5
P4_day_83,300,0.18150853636596107,0.015008276928319653,5
P4_day_83,389,0.1918337867494923,9.730298868281309e-16,5
E2_day_83,100,0.18763831454085747,0.02614566473754605,5
E2_day_83,200,0.1437297273846415,0.03484463905414913,5
E2_day_83,300,0.2006941779212193,0.013592864513970978,5
E2_day_83,389,0.20902061173223033,4.865149434140654e-16,5
INH_day_83,100,0.11947010516660957,0.036125211275062075,5
INH_day_83,200,0.15859546378347728,0.034957625064348546,5
INH_day_83,300,0.1990404819590017,0.02319224640044652,5
INH_day_83,389,0.17944228682092261,3.973993651728112e-16,5
IGF1_day_83,100,0.19278791487263192,0.0958408304541626,5
IGF1_day_83,200,0.18205645853441635,0.024939870429460914,5
IGF1_day_83,300,0.14389648741017957,0.01208029270646828,5
IGF1_day_83,389,0.18874746632825393,4.865149434140654e-16,5
Insulin_day_83,100,0.2937432635918274,0.09303028573537817,5
Insulin_day_83,200,0.3146647116704928,0.05194878544328818,5
Insulin_day_83,300,0.36316281015638674,0.010692575904304133,5
Insulin_day_83,389,0.3546728412512442,4.871083751574258e-16,5
Glucose_day_83,100,0.14757800687129857,0.045902103403688964,5
Glucose_day_83,200,0.16783466146406542,0.044078411098705236,5
Glucose_day_83,300,0.18526063329580306,0.011680147120842534,5
Glucose_day_83,389,0.18236037195790883,3.973993651728112e-16,5
Glucagon_day_83,100,0.0,0.0,5
Glucagon_day_83,200,0.0222435891176195,0.030680817483400118,5
Glucagon_day_83,300,0.03045155922969318,0.010713320546043665,5
Glucagon_day_83,389,0.01910046769348437,7.944124442562817e-16,5
all_species_day_84,100,0.4575604922535545,0.033472984764049224,5
all_species_day_84,200,0.6095259985538268,0.022905489824082824,5
all_species_day_84,300,0.713263519690312,0.014013906102789823,5
all_species_day_84,389,0.7816824146225567,0.0,5
FSH_day_84,100,0.17436080850579536,0.03616291844629264,5
FSH_day_84,200,0.17189020198279828,0.055518232434661204,5
FSH_day_84,300,0.18041566290721178,0.01492652948567694,5
FSH_day_84,389,0.19333896323106875,3.973993651728112e-16,5
PGF_day_84,100,0.15115581404991207,0.0630452872972014,5
PGF_day_84,200,0.141358193354416,0.04433704159622881,5
PGF_day_84,300,0.15996333568850626,0.01685030694238355,5
PGF_day_84,389,0.18303009048850766,3.973993651728112e-16,5
P4_day_84,100,0.11545517207014946,0.06306930157023341,5
P4_day_84,200,0.2303263798760998,0.037578298950319645,5
P4_day_84,300,0.16969915430725352,0.016593905124034282,5
P4_day_84,389,0.18334914004432434,0.0,5
E2_day_84,100,0.026088010137613436,0.03765843097792134,5
E2_day_84,200,0.015926297543274792,0.03561228393665033,5
E2_day_84,300,0.03619041794294624,0.010164832456157473,5
E2_day_84,389,0.025181538918794467,4.864778298943684e-16,5
INH_day_84,100,0.12347534258772459,0.03175254211041139,5
INH_day_84,200,0.1462247857437749,0.0321928137834201,5
INH_day_84,300,0.16587370767386495,0.030826342116573237,5
INH_day_84,389,0.17145989052402372,9.730298868281309e-16,5
IGF1_day_84,100,0.17166155406332226,0.056894507193350534,5
IGF1_day_84,200,0.179781103562226,0.018884301711384218,5
IGF1_day_84,300,0.19974709408207153,0.0193788258610814,5
IGF1_day_84,389,0.20682660647008272,9.730298868281309e-16,5
Insulin_day_84,100,0.3375707370364761,0.054324416093684574,5
Insulin_day_84,200,0.31446530117717497,0.04094596158742209,5
Insulin_day_84,300,0.34399141637594094,0.028680848900184963,5
Insulin_day_84,389,0.3546728412512444,3.973993651728112e-16,5
Glucose_day_84,100,0.1980622693614027,0.0765468116726295,5
Glucose_day_84,200,0.15151741704748609,0.014390851889768956,5
Glucose_day_84,300,0.1831837421056509,0.0261918802991692,5
Glucose_day_84,389,0.182360371957909,0.0,5
Glucagon_day_84,100,0.0019934365747502625,0.004457459689975928,5
Glucagon_day_84,200,0.015300333681187795,0.0166472891237389,5
Glucagon_day_84,300,0.022209245819393965,0.02465166921877246,5
Glucagon_day_84,389,0.01910046769348437,7.944124442562817e-16,5
all_species_day_85,100,0.43767310523098,0.034119974707569556,5
all_species_day_85,200,0.5968938394171106,0.027538330027104777,5
all_species_day_85,300,0.7133875086624467,0.014230374382992274,5
all_species_day_85,389,0.7964200420893555,0.0,5
FSH_day_85,100,0.09374361675233747,0.08114930467145327,5
FSH_day_85,200,0.09599361813749159,0.04700207951750003,5
FSH_day_85,300,0.08316450586164521,0.018782315040544215,5
FSH_day_85,389,0.09088583630488536,7.944351721668025e-16,5
PGF_day_85,100,0.1165744745033793,0.08374348066340183,5
PGF_day_85,200,0.13397005477824067,0.06892398941987735,5
PGF_day_85,300,0.16504352004199258,0.009669298054493985,5
PGF_day_85,389,0.18441418354253808,3.973993651728112e-16,5
P4_day_85,100,0.14181206474634483,0.032040809673375116,5
P4_day_85,200,0.1849422706656277,0.040983333393830874,5
P4_day_85,300,0.17807083115334166,0.029823365836730988,5
P4_day_85,389,0.20492482293393036,7.944351721668025e-16,5
E2_day_85,100,0.13986270219424704,0.052922772777907655,5
E2_day_85,200,0.15164977768004526,0.042477652881717835,5
E2_day_85,300,0.17840348229020558,0.030714408612080118,5
E2_day_85,389,0.16786761401422456,0.0,5
INH_day_85,100,0.16175351174006672,0.0692030418292944,5
INH_day_85,200,0.16491498793257478,0.0571015409147685,5
INH_day_85,300,0.16419870608395898,0.016986977146763366,5
INH_day_85,389,0.16946197907008606,4.865149434140654e-16,5
IGF1_day_85,100,0.2063203354470037,0.048623476475378624,5
IGF1_day_85,200,0.23132273744231,0.034133690922441555,5
IGF1_day_85,300,0.24934136930750625,0.02635130898393891,5
IGF1_day_85,389,0.24557586346332946,4.865149434140654e-16,5
Insulin_day_85,100,0.2584460188680531,0.03384626665398232,5
Insulin_day_85,200,0.3079957472043294,0.01826955065953301,5
Insulin_day_85,300,0.34908054817431056,0.02125253106886905,5
Insulin_day_85,389,0.3546728412512444,3.973993651728112e-16,5
Glucose_day_85,100,0.15773621655246525,0.14346600186851183,5
Glucose_day_85,200,0.2112178790129061,0.03894018415549283,5
Glucose_day_85,300,0.1935048983250196,0.026942126865979583,5
Glucose_day_85,389,0.182360371957909,0.0,5
Glucagon_day_85,100,0.0034032403911282926,0.005236427898201084,5
Glucagon_day_85,200,0.013193502921669875,0.018448320332822173,5
Glucagon_day_85,300,0.007148962828371452,0.01598556685285773,5
Glucagon_day_85,389,0.01910046769348437,7.944124442562817e-16,5
all_species_day_86,100,0.4574035341913323,0.017241947535079037,5
all_species_day_86,200,0.6300695300537402,0.0217019968850965,5
all_species_day_86,300,0.7379708758193593,0.010670050833467937,5
all_species_day_86,389,0.798224821182219,4.871083751574258e-16,5
FSH_day_86,100,0.11569937177450366,0.042041264148738176,5
FSH_day_86,200,0.11657386076573281,0.025341223826441696,5
FSH_day_86,300,0.16910893227107468,0.021730072920026818,5
FSH_day_86,389,0.18562263482620925,7.944351721668025e-16,5
PGF_day_86,100,0.14292862093087386,0.03395859669034361,5
PGF_day_86,200,0.18203701399551592,0.04767360685929606,5
PGF_day_86,300,0.19244134232371782,0.025610293934300556,5
PGF_day_86,389,0.19395731110029235,0.0,5
P4_day_86,100,0.14847402956153158,0.03502875589587752,5
P4_day_86,200,0.14934742948596558,0.028603830011105953,5
P4_day_86,300,0.13983869225991247,0.039951204719798204,5
P4_day_86,389,0.15586045100274237,6.280369834735101e-16,5
E2_day_86,100,0.10397107032182404,0.07005634005913242,5
E2_day_86,200,0.148618515972127,0.048142540539326345,5
E2_day_86,300,0.18976822632534204,0.02155298765560236,5
E2_day_86,389,0.18605002838785847,7.944351721668025e-16,5
INH_day_86,100,0.16476953743328374,0.07988371648018282,5
INH_day_86,200,0.14670179176804315,0.06962394897702782,5
INH_day_86,300,0.16826203584082808,0.036483392666359665,5
INH_day_86,389,0.19776541896249622,0.0,5
IGF1_day_86,100,0.21648639149695317,0.0766028442604214,5
IGF1_day_86,200,0.23838112366129655,0.048045887458838664,5
IGF1_day_86,300,0.2697232983331819,0.020878844068716023,5
IGF1_day_86,389,0.27358425116827406,3.973993651728112e-16,5
Insulin_day_86,100,0.25102022616639397,0.07762430043002137,5
Insulin_day_86,200,0.3233136505451224,0.03487043946056028,5
Insulin_day_86,300,0.35625380189646505,0.02897211710613903,5
Insulin_day_86,389,0.35467284125124454,0.0,5
Glucose_day_86,100,0.16711812709374918,0.0704345366981595,5
Glucose_day_86,200,0.1652487928183451,0.03192897570171772,5
Glucose_day_86,300,0.1801438332269006,0.018681167180037053,5
Glucose_day_86,389,0.18236037195790883,3.973993651728112e-16,5
Glucagon_day_86,100,0.0019473791711416056,0.004354472204639827,5
Glucagon_day_86,200,0.02313443194213356,0.014403174631027726,5
Glucagon_day_86,300,0.0036790808258901466,0.004251002838439282,5
Glucagon_day_86,389,0.019100467693484013,9.729510204107512e-16,5
all_species_day_87,100,0.3860902623604723,0.03312653940870802,5
all_species_day_87,200,0.5461477511683039,0.028427899092302224,5
all_species_day_87,300,0.6331266653013188,0.010242845318355889,5
all_species_day_87,389,0.6961515755408181,0.0,5
FSH_day_87,100,0.14744253077366523,0.035571669608203044,5
FSH_day_87,200,0.15234044114319456,0.035889828182569826,5
FSH_day_87,300,0.19467479546426764,0.02521420635159379,5
FSH_day_87,389,0.20298097562463635,0.0,5
PGF_day_87,100,0.11734348789601708,0.061333908423218175,5
PGF_day_87,200,0.15640419910262046,0.01922686895560817,5
PGF_day_87,300,0.19052407784691833,0.0320436159077423,5
PGF_day_87,389,0.197141372205051,0.0,5
P4_day_87,100,0.20912549164140176,0.0799670885656176,5
P4_day_87,200,0.1612585594021157,0.03337904045099091,5
P4_day_87,300,0.1782457859344925,0.034144222530901755,5
P4_day_87,389,0.18895341537283522,9.730298868281309e-16,5
E2_day_87,100,0.16181784489484166,0.05046432316673977,5
E2_day_87,200,0.1822156149527249,0.03644073582862956,5
E2_day_87,300,0.19565375190536968,0.013501456399465483,5
E2_day_87,389,0.19230046552290628,1.1916325557808115e-15,5
INH_day_87,100,0.03747588255815959,0.03699086211442173,5
INH_day_87,200,0.06763317767707537,0.03479113022890859,5
INH_day_87,300,0.05140867309715844,0.012654098087670098,5
INH_day_87,389,0.03978161875135502,4.864778298943684e-16,5
IGF1_day_87,100,0.15014397516026,0.08541630170171943,5
IGF1_day_87,200,0.1811820997068855,0.03892241010784369,5
IGF1_day_87,300,0.16372648056235892,0.02779625428218382,5
IGF1_day_87,389,0.1789939361641551,3.973993651728112e-16,5
Insulin_day_87,100,0.28588502853321973,0.07605407698226196,5
Insulin_day_87,200,0.33000178572989364,0.05999617625215584,5
Insulin_day_87,300,0.33831967813241254,0.012150210382203066,5
Insulin_day_87,389,0.35467284125124454,0.0,5
Glucose_day_87,100,0.194471484917314,0.04120241118814122,5
Glucose_day_87,200,0.18543788884032536,0.025990606117839325,5
Glucose_day_87,300,0.16474194735424402,0.019281555838075705,5
Glucose_day_87,389,0.182360371957909,0.0,5
Glucagon_day_87,100,0.0009586944268960452,0.0021437059081897596,5
Glucagon_day_87,200,0.018741738599356593,0.017874848674351948,5
Glucagon_day_87,300,0.022049354579630708,0.021223203930875036,5
Glucagon_day_87,389,0.01910046769348437,7.944124442562817e-16,5
all_species_day_88,100,0.5143182108174129,0.03878886097249939,5
all_species_day_88,200,0.6877711342648464,0.01334148208715501,5
all_species_day_88,300,0.7945714308379237,0.008411713211913559,5
all_species_day_88,389,0.859985088843343,4.871083751574258e-16,5
FSH_day_88,100,0.1448153156770841,0.0548688933052734,5
FSH_day_88,200,0.1472318556330931,0.02076813440399843,5
FSH_day_88,300,0.163051731325848,0.009028385756596768,5
FSH_day_88,389,0.1995610836222305,7.944351721668025e-16,5
PGF_day_88,100,0.16489805434788368,0.046411042278606894,5
PGF_day_88,200,0.1702782770019171,0.028049253886238343,5
PGF_day_88,300,0.19088836052370367,0.023913662989454004,5
PGF_day_88,389,0.1879981488438432,9.730298868281309e-16,5
P4_day_88,100,0.15312238375468007,0.037029483422785954,5
P4_day_88,200,0.18769121922671203,0.052687297884888705,5
P4_day_88,300,0.1776522185464616,0.015470161934248713,5
P4_day_88,389,0.19788354900625435,7.944351721668025e-16,5
E2_day_88,100,0.1514777450885269,0.087774244329103,5
E2_day_88,200,0.21536530440129464,0.08078757335643998,5
E2_day_88,300,0.1792205304281918,0.02706127513974489,5
E2_day_88,389,0.18991855014493667,7.944351721668025e-16,5
INH_day_88,100,0.1565181747556565,0.03170650599324059,5
INH_day_88,200,0.18490100809940166,0.05674230753760214,5
INH_day_88,300,0.17547806050242104,0.026309089786740306,5
INH_day_88,389,0.1921655976544873,1.1916325557808115e-15,5
IGF1_day_88,100,0.15258981542992647,0.06606115651406744,5
IGF1_day_88,200,0.16182505854644003,0.05778626933898523,5
IGF1_day_88,300,0.21842870310167176,0.030653145784641907,5
IGF1_day_88,389,0.20963018123108962,3.973993651728112e-16,5
Insulin_day_88,100,0.3534405267632142,0.03426284335461442,5
Insulin_day_88,200,0.31767512829134503,0.032118044702987576,5
Insulin_day_88,300,0.35416067151986325,0.03475546196013856,5
Insulin_day_88,389,0.3546728412512444,3.973993651728112e-16,5
Glucose_day_88,100,0.16839328537203838,0.06296952761948413,5
Glucose_day_88,200,0.20126165561236978,0.017493539880058317,5
Glucose_day_88,300,0.16540110814371456,0.009799892627334439,5
Glucose_day_88,389,0.182360371957909,0.0,5
Glucagon_day_88,100,0.011913297550952962,0.026638943160112588,5
Glucagon_day_88,200,0.008229178519358981,0.012302781173693702,5
Glucagon_day_88,300,0.019753696896019513,0.021453287702335143,5
Glucagon_day_88,389,0.019100467693484013,9.729510204107512e-16,5
all_species_day_89,100,0.5386479750508947,0.011732137030215221,5
all_species_day_89,200,0.7050099376837885,0.022908548780669866,5
all_species_day_89,300,0.7971400678128081,0.00733536358219147,5
all_species_day_89,389,0.8561866580138036,0.0,5
FSH_day_89,100,0.12268754114362838,0.04834532650350197,5
FSH_day_89,200,0.14786072846314688,0.031220834486612774,5
FSH_day_89,300,0.18050746366522183,0.04309795874207855,5
FSH_day_89,389,0.1977260532525511,0.0,5
PGF_day_89,100,0.19434817582525063,0.047497902090128885,5
PGF_day_89,200,0.17118393029964452,0.01982969746035305,5
PGF_day_89,300,0.19676315476349054,0.025394206172548242,5
PGF_day_89,389,0.18084385244460552,1.1916325557808115e-15,5
P4_day_89,100,0.23223152765365285,0.08030730269745025,5
P4_day_89,200,0.2067225639180096,0.05823773568127667,5
P4_day_89,300,0.22059566479828163,0.00842108160224394,5
P4_day_89,389,0.24958973461172818,0.0,5
E2_day_89,100,0.1581440539138189,0.034061790741820766,5
E2_day_89,200,0.19458857424344878,0.07119494609212779,5
E2_day_89,300,0.1799084176964465,0.03246563417758994,5
E2_day_89,389,0.1994430123729396,0.0,5
INH_day_89,100,0.15725011484108026,0.02772930618224762,5
INH_day_89,200,0.17438545251891088,0.03614163401219419,5
INH_day_89,300,0.1866534965788631,0.022864154024763873,5
INH_day_89,389,0.18836070553079712,4.865149434140654e-16,5
IGF1_day_89,100,0.16362188301606723,0.09273611436259793,5
IGF1_day_89,200,0.22099549184815998,0.02394208555340459,5
IGF1_day_89,300,0.2112485129979314,0.03514492294665537,5
IGF1_day_89,389,0.20463206015111143,7.944351721668025e-16,5
Insulin_day_89,100,0.2721495774328577,0.043463082087817226,5
Insulin_day_89,200,0.33561650933780224,0.021239474501368344,5
Insulin_day_89,300,0.3323997005313261,0.008330609467328923,5
Insulin_day_89,389,0.35467284125124454,0.0,5
Glucose_day_89,100,0.12015524175118894,0.0311772561931951,5
Glucose_day_89,200,0.2188157025820013,0.05575864622290853,5
Glucose_day_89,300,0.16460141594715427,0.016811834103415395,5
Glucose_day_89,389,0.18236037195790883,3.973993651728112e-16,5
Glucagon_day_89,100,0.0,0.0,5
Glucagon_day_89,200,0.015386919131678844,0.023130257811637356,5
Glucagon_day_89,300,0.025661567499975925,0.016222432297027623,5
Glucagon_day_89,389,0.01910046769348437,7.944124442562817e-16,5
all_species_day_90,100,0.5107134801776878,0.024378964598428043,5
all_species_day_90,200,0.6951875913826988,0.014837455199909585,5
all_species_day_90,300,0.8027385863050917,0.009207861417876622,5
all_species_day_90,389,0.8507711023094018,0.0,5
FSH_day_90,100,0.2527522936867591,0.0432741192626109,5
FSH_day_90,200,0.20884353337687092,0.04457842612407026,5
FSH_day_90,300,0.24490146752160288,0.022250511531941408,5
FSH_day_90,389,0.22665066920501076,0.0,5
PGF_day_90,100,0.18158053704454086,0.054865634184071164,5
PGF_day_90,200,0.20157833901847866,0.034624442957371236,5
PGF_day_90,300,0.1915982790878557,0.02415736357107996,5
PGF_day_90,389,0.18741816906913017,3.973993651728112e-16,5
P4_day_90,100,0.22464492995325253,0.019054688586101532,5
P4_day_90,200,0.21340420123038067,0.03800988315111965,5
P4_day_90,300,0.22499276878587793,0.03665004637159725,5
P4_day_90,389,0.22271526574833606,3.973993651728112e-16,5
E2_day_90,100,0.198722530151538,0.03683229316236437,5
E2_day_90,200,0.1797759457770532,0.02929406921276747,5
E2_day_90,300,0.19499632951025686,0.012477375000521445,5
E2_day_90,389,0.2043969757511988,1.1581094996895894e-15,5
INH_day_90,100,0.17831332743184855,0.08745430224753774,5
INH_day_90,200,0.15453314305781998,0.05211440150693609,5
INH_day_90,300,0.1994408067511902,0.02236265647062664,5
INH_day_90,389,0.18529164508671414,0.0,5
IGF1_day_90,100,0.14239278917738823,0.038246505662966224,5
IGF1_day_90,200,0.18493677438689157,0.046474701433645675,5
IGF1_day_90,300,0.2065423507317224,0.01597211204885898,5
IGF1_day_90,389,0.21398047686517482,4.865149434140654e-16,5
Insulin_day_90,100,0.2992820397325785,0.06618111503673085,5
Insulin_day_90,200,0.34026537830459225,0.047574943672348304,5
Insulin_day_90,300,0.34931436586053566,0.010614443680288223,5
Insulin_day_90,389,0.35467284125124454,0.0,5
Glucose_day_90,100,0.10644526607794003,0.0471824085685311,5
Glucose_day_90,200,0.18505886868578222,0.03212335484420289,5
Glucose_day_90,300,0.17451992294101046,0.020362591488784203,5
Glucose_day_90,389,0.182360371957909,0.0,5
Glucagon_day_90,100,0.0007161458449946422,0.0016013507912120476,5
Glucagon_day_90,200,0.015585903233110088,0.014412400284506022,5
Glucagon_day_90,300,0.010182547778837758,0.009380866661177935,5
Glucagon_day_90,389,0.019100467693484013,9.729510204107512e-16,5
