scenario,description,parameter,prior_median,posterior_median,prior_90_width,posterior_90_width,interval_reduction_fraction,final_epsilon,final_particles
gsa_uncertainty_guided,"GSA + uncertainty guided: E2 d64, E2 d66, E2 d86, E2 d87, E2 d88, FSH d62, FSH d71, FSH d78, FSH d80",insulin_glucose_threshold,0.49992503297664365,0.4884098877801263,0.04499020415972066,0.046533109485283164,-0.034294250368035684,0.38803569486353046,2500
gsa_uncertainty_guided,"GSA + uncertainty guided: E2 d64, E2 d66, E2 d86, E2 d87, E2 d88, FSH d62, FSH d71, FSH d78, FSH d80",inhibin_clearance,0.47501419837676173,0.4885022623494001,0.042709557745251925,0.03862313686982621,0.09567930672098812,0.38803569486353046,2500
gsa_uncertainty_guided,"GSA + uncertainty guided: E2 d64, E2 d66, E2 d86, E2 d87, E2 d88, FSH d62, FSH d71, FSH d78, FSH d80",hp_p4_follicle_scale,1.1000615121832023,1.1210776551785544,0.09892970060211281,0.09469926873843115,0.04276200006604802,0.38803569486353046,2500
gsa_uncertainty_guided,"GSA + uncertainty guided: E2 d64, E2 d66, E2 d86, E2 d87, E2 d88, FSH d62, FSH d71, FSH d78, FSH d80",blood_to_liver_glucose_threshold,0.4499489017871994,0.4524489097731597,0.04042927251442624,0.03985900261789982,0.014105371209015338,0.38803569486353046,2500
gsa_uncertainty_guided,"GSA + uncertainty guided: E2 d64, E2 d66, E2 d86, E2 d87, E2 d88, FSH d62, FSH d71, FSH d78, FSH d80",gnrh_clearance,1.6301310730628726,1.631863274004175,0.14679630219367357,0.14640731917166594,0.002649814853608712,0.38803569486353046,2500
gsa_uncertainty_guided,"GSA + uncertainty guided: E2 d64, E2 d66, E2 d86, E2 d87, E2 d88, FSH d62, FSH d71, FSH d78, FSH d80",hp_iof_threshold,1.8198467438656287,1.8192067046998188,0.16381622142398866,0.16292383981280167,0.0054474557124433165,0.38803569486353046,2500
gsa_uncertainty_guided,"GSA + uncertainty guided: E2 d64, E2 d66, E2 d86, E2 d87, E2 d88, FSH d62, FSH d71, FSH d78, FSH d80",insulin_igf_threshold,15.007110527186743,14.998599912020635,1.3490788348546818,1.3446499854289655,0.0032828692521837954,0.38803569486353046,2500
gsa_uncertainty_guided,"GSA + uncertainty guided: E2 d64, E2 d66, E2 d86, E2 d87, E2 d88, FSH d62, FSH d71, FSH d78, FSH d80",feed_direct_blood_fraction,0.07999997626633726,0.08005701330777984,0.007202420746582061,0.007137934434720272,0.008953421930035232,0.38803569486353046,2500
gsa_uncertainty_guided,"GSA + uncertainty guided: E2 d64, E2 d66, E2 d86, E2 d87, E2 d88, FSH d62, FSH d71, FSH d78, FSH d80",lh_basal_release,0.01409954623203555,0.014073020428097988,0.0012659147656591558,0.0012715890890670108,-0.004482389779931539,0.38803569486353046,2500
independent_1_Insulin_day_65,Independent observation scenario 1: Insulin,insulin_glucose_threshold,0.49992503297664365,0.48078231814046724,0.04499020415972066,0.01565922027026151,0.651941560107854,0.23055700578577226,2500
independent_1_Insulin_day_65,Independent observation scenario 1: Insulin,inhibin_clearance,0.47501419837676173,0.47545567035599384,0.042709557745251925,0.04350773813642611,-0.01868856605669067,0.23055700578577226,2500
independent_1_Insulin_day_65,Independent observation scenario 1: Insulin,hp_p4_follicle_scale,1.1000615121832023,1.0997457856728865,0.09892970060211281,0.09873261526243082,0.0019921756407071944,0.23055700578577226,2500
independent_1_Insulin_day_65,Independent observation scenario 1: Insulin,blood_to_liver_glucose_threshold,0.4499489017871994,0.4563130296552814,0.04042927251442624,0.03893887627971071,0.03686428525726548,0.23055700578577226,2500
independent_1_Insulin_day_65,Independent observation scenario 1: Insulin,gnrh_clearance,1.6301310730628726,1.6333822855163147,0.14679630219367357,0.1467251445128701,0.0004847375563287182,0.23055700578577226,2500
independent_1_Insulin_day_65,Independent observation scenario 1: Insulin,hp_iof_threshold,1.8198467438656287,1.8208428459101955,0.16381622142398866,0.16067501185802158,0.01917520462053035,0.23055700578577226,2500
independent_1_Insulin_day_65,Independent observation scenario 1: Insulin,insulin_igf_threshold,15.007110527186743,15.008289785766799,1.3490788348546818,1.3633977237365205,-0.010613826643704583,0.23055700578577226,2500
independent_1_Insulin_day_65,Independent observation scenario 1: Insulin,feed_direct_blood_fraction,0.07999997626633726,0.08003384676682339,0.007202420746582061,0.007241698257333104,-0.005453376320688097,0.23055700578577226,2500
independent_1_Insulin_day_65,Independent observation scenario 1: Insulin,lh_basal_release,0.01409954623203555,0.014083765585542956,0.0012659147656591558,0.0012689147875657152,-0.0023698451016940236,0.23055700578577226,2500
independent_2_Glucose_day_65,Independent observation scenario 2: Glucose,insulin_glucose_threshold,0.49992503297664365,0.49965775343231333,0.04499020415972066,0.04417915341323425,0.01802727419522432,0.07451258463131057,2500
independent_2_Glucose_day_65,Independent observation scenario 2: Glucose,inhibin_clearance,0.47501419837676173,0.47483194223612674,0.042709557745251925,0.042614311769459956,0.0022300857424016884,0.07451258463131057,2500
independent_2_Glucose_day_65,Independent observation scenario 2: Glucose,hp_p4_follicle_scale,1.1000615121832023,1.0982360591689957,0.09892970060211281,0.09889378305426622,0.00036306132160512927,0.07451258463131057,2500
independent_2_Glucose_day_65,Independent observation scenario 2: Glucose,blood_to_liver_glucose_threshold,0.4499489017871994,0.4514273383757133,0.04042927251442624,0.040206433741250325,0.005511817535089225,0.07451258463131057,2500
independent_2_Glucose_day_65,Independent observation scenario 2: Glucose,gnrh_clearance,1.6301310730628726,1.6288433993511697,0.14679630219367357,0.14840082303755264,-0.010930253827253544,0.07451258463131057,2500
independent_2_Glucose_day_65,Independent observation scenario 2: Glucose,hp_iof_threshold,1.8198467438656287,1.8169749662829426,0.16381622142398866,0.16438477254941053,-0.003470664385246458,0.07451258463131057,2500
independent_2_Glucose_day_65,Independent observation scenario 2: Glucose,insulin_igf_threshold,15.007110527186743,15.004780963233607,1.3490788348546818,1.339108859326224,0.007390209727463293,0.07451258463131057,2500
independent_2_Glucose_day_65,Independent observation scenario 2: Glucose,feed_direct_blood_fraction,0.07999997626633726,0.07997773407215829,0.007202420746582061,0.007221114651304789,-0.0025955030094011455,0.07451258463131057,2500
independent_2_Glucose_day_65,Independent observation scenario 2: Glucose,lh_basal_release,0.01409954623203555,0.014092671452016637,0.0012659147656591558,0.0012768451413754777,-0.00863436940055795,0.07451258463131057,2500
independent_3_IGF1_day_65,Independent observation scenario 3: IGF1,insulin_glucose_threshold,0.49992503297664365,0.48847681861705194,0.04499020415972066,0.046113505251823506,-0.024967681589418644,0.19013015525588184,2500
independent_3_IGF1_day_65,Independent observation scenario 3: IGF1,inhibin_clearance,0.47501419837676173,0.48700338405777616,0.042709557745251925,0.040618121295872445,0.04896881540788112,0.19013015525588184,2500
independent_3_IGF1_day_65,Independent observation scenario 3: IGF1,hp_p4_follicle_scale,1.1000615121832023,1.1137007763399136,0.09892970060211281,0.09339612330928437,0.05593443889094574,0.19013015525588184,2500
independent_3_IGF1_day_65,Independent observation scenario 3: IGF1,blood_to_liver_glucose_threshold,0.4499489017871994,0.4536954895695177,0.04042927251442624,0.04000371828353316,0.010525893849344659,0.19013015525588184,2500
independent_3_IGF1_day_65,Independent observation scenario 3: IGF1,gnrh_clearance,1.6301310730628726,1.6309221591763006,0.14679630219367357,0.14594291385348535,0.005813418508746282,0.19013015525588184,2500
independent_3_IGF1_day_65,Independent observation scenario 3: IGF1,hp_iof_threshold,1.8198467438656287,1.8149549214736096,0.16381622142398866,0.16302167140955293,0.004850252359192675,0.19013015525588184,2500
independent_3_IGF1_day_65,Independent observation scenario 3: IGF1,insulin_igf_threshold,15.007110527186743,14.98285307363408,1.3490788348546818,1.3476583358570267,0.0010529399475814882,0.19013015525588184,2500
independent_3_IGF1_day_65,Independent observation scenario 3: IGF1,feed_direct_blood_fraction,0.07999997626633726,0.08005619645445335,0.007202420746582061,0.007142192606769571,0.008362207920312392,0.19013015525588184,2500
independent_3_IGF1_day_65,Independent observation scenario 3: IGF1,lh_basal_release,0.01409954623203555,0.014091603538321005,0.0012659147656591558,0.0012844459737042686,-0.014638590644342253,0.19013015525588184,2500
independent_4_E2_day_65,Independent observation scenario 4: E2,insulin_glucose_threshold,0.49992503297664365,0.5076923660583522,0.04499020415972066,0.0460598926645705,-0.02377603135678874,0.02040496336458963,2500
independent_4_E2_day_65,Independent observation scenario 4: E2,inhibin_clearance,0.47501419837676173,0.478357430817867,0.042709557745251925,0.04356778419106505,-0.020094482151563176,0.02040496336458963,2500
independent_4_E2_day_65,Independent observation scenario 4: E2,hp_p4_follicle_scale,1.1000615121832023,1.1023673997775498,0.09892970060211281,0.09994519634520094,-0.010264821756333475,0.02040496336458963,2500
independent_4_E2_day_65,Independent observation scenario 4: E2,blood_to_liver_glucose_threshold,0.4499489017871994,0.44973797309077684,0.04042927251442624,0.040833630393614706,-0.010001611556185619,0.02040496336458963,2500
independent_4_E2_day_65,Independent observation scenario 4: E2,gnrh_clearance,1.6301310730628726,1.6287126792124067,0.14679630219367357,0.1455857578802946,0.008246422391361419,0.02040496336458963,2500
independent_4_E2_day_65,Independent observation scenario 4: E2,hp_iof_threshold,1.8198467438656287,1.8219390921877494,0.16381622142398866,0.16317209628324592,0.003931998523367342,0.02040496336458963,2500
independent_4_E2_day_65,Independent observation scenario 4: E2,insulin_igf_threshold,15.007110527186743,15.01181843936383,1.3490788348546818,1.3317687523987694,0.012831038489887092,0.02040496336458963,2500
independent_4_E2_day_65,Independent observation scenario 4: E2,feed_direct_blood_fraction,0.07999997626633726,0.07989480485349645,0.007202420746582061,0.007162984922021817,0.005475356959527611,0.02040496336458963,2500
independent_4_E2_day_65,Independent observation scenario 4: E2,lh_basal_release,0.01409954623203555,0.014076725893165743,0.0012659147656591558,0.0012412696550760556,0.019468222704762894,0.02040496336458963,2500
cumulative_best_01,Cumulative biomarkers: Insulin,insulin_glucose_threshold,0.49992503297664365,0.48078231814046724,0.04499020415972066,0.01565922027026151,0.651941560107854,0.23055700578577226,2500
cumulative_best_01,Cumulative biomarkers: Insulin,inhibin_clearance,0.47501419837676173,0.47545567035599384,0.042709557745251925,0.04350773813642611,-0.01868856605669067,0.23055700578577226,2500
cumulative_best_01,Cumulative biomarkers: Insulin,hp_p4_follicle_scale,1.1000615121832023,1.0997457856728865,0.09892970060211281,0.09873261526243082,0.0019921756407071944,0.23055700578577226,2500
cumulative_best_01,Cumulative biomarkers: Insulin,blood_to_liver_glucose_threshold,0.4499489017871994,0.4563130296552814,0.04042927251442624,0.03893887627971071,0.03686428525726548,0.23055700578577226,2500
cumulative_best_01,Cumulative biomarkers: Insulin,gnrh_clearance,1.6301310730628726,1.6333822855163147,0.14679630219367357,0.1467251445128701,0.0004847375563287182,0.23055700578577226,2500
cumulative_best_01,Cumulative biomarkers: Insulin,hp_iof_threshold,1.8198467438656287,1.8208428459101955,0.16381622142398866,0.16067501185802158,0.01917520462053035,0.23055700578577226,2500
cumulative_best_01,Cumulative biomarkers: Insulin,insulin_igf_threshold,15.007110527186743,15.008289785766799,1.3490788348546818,1.3633977237365205,-0.010613826643704583,0.23055700578577226,2500
cumulative_best_01,Cumulative biomarkers: Insulin,feed_direct_blood_fraction,0.07999997626633726,0.08003384676682339,0.007202420746582061,0.007241698257333104,-0.005453376320688097,0.23055700578577226,2500
cumulative_best_01,Cumulative biomarkers: Insulin,lh_basal_release,0.01409954623203555,0.014083765585542956,0.0012659147656591558,0.0012689147875657152,-0.0023698451016940236,0.23055700578577226,2500
cumulative_best_02,Cumulative biomarkers: Insulin + Glucose,insulin_glucose_threshold,0.49992503297664365,0.48122711891056363,0.04499020415972066,0.012766067935350955,0.7162478327497721,0.3648293936750165,2500
cumulative_best_02,Cumulative biomarkers: Insulin + Glucose,inhibin_clearance,0.47501419837676173,0.4754951427787346,0.042709557745251925,0.04337428845264091,-0.015563980113160625,0.3648293936750165,2500
cumulative_best_02,Cumulative biomarkers: Insulin + Glucose,hp_p4_follicle_scale,1.1000615121832023,1.0998680869279875,0.09892970060211281,0.09809472037338973,0.00844013702296853,0.3648293936750165,2500
cumulative_best_02,Cumulative biomarkers: Insulin + Glucose,blood_to_liver_glucose_threshold,0.4499489017871994,0.45481786416929104,0.04042927251442624,0.038164273618609024,0.05602373614338485,0.3648293936750165,2500
cumulative_best_02,Cumulative biomarkers: Insulin + Glucose,gnrh_clearance,1.6301310730628726,1.6329640826789569,0.14679630219367357,0.14776759111712034,-0.006616576227957749,0.3648293936750165,2500
cumulative_best_02,Cumulative biomarkers: Insulin + Glucose,hp_iof_threshold,1.8198467438656287,1.8191801353295205,0.16381622142398866,0.16256286691471256,0.007650979239914091,0.3648293936750165,2500
cumulative_best_02,Cumulative biomarkers: Insulin + Glucose,insulin_igf_threshold,15.007110527186743,15.037216998170484,1.3490788348546818,1.3602390889536569,-0.00827249958315246,0.3648293936750165,2500
cumulative_best_02,Cumulative biomarkers: Insulin + Glucose,feed_direct_blood_fraction,0.07999997626633726,0.0800099376762348,0.007202420746582061,0.007234834112003985,-0.0045003432265888765,0.3648293936750165,2500
cumulative_best_02,Cumulative biomarkers: Insulin + Glucose,lh_basal_release,0.01409954623203555,0.014098861700278645,0.0012659147656591558,0.0012720773707198263,-0.004868104257763184,0.3648293936750165,2500
cumulative_best_03,Cumulative biomarkers: Insulin + Glucose + IGF1,insulin_glucose_threshold,0.49992503297664365,0.48170078826866,0.04499020415972066,0.015664660923978224,0.6518206303672953,0.5281813008121368,2500
cumulative_best_03,Cumulative biomarkers: Insulin + Glucose + IGF1,inhibin_clearance,0.47501419837676173,0.48695367447441895,0.042709557745251925,0.033882567361443405,0.206674825257113,0.5281813008121368,2500
cumulative_best_03,Cumulative biomarkers: Insulin + Glucose + IGF1,hp_p4_follicle_scale,1.1000615121832023,1.1143675979393504,0.09892970060211281,0.09584236807114244,0.03120733725241298,0.5281813008121368,2500
cumulative_best_03,Cumulative biomarkers: Insulin + Glucose + IGF1,blood_to_liver_glucose_threshold,0.4499489017871994,0.45498735000553286,0.04042927251442624,0.03875641425081611,0.04137740205474172,0.5281813008121368,2500
cumulative_best_03,Cumulative biomarkers: Insulin + Glucose + IGF1,gnrh_clearance,1.6301310730628726,1.6305337646445668,0.14679630219367357,0.14584614526993467,0.006472621650137511,0.5281813008121368,2500
cumulative_best_03,Cumulative biomarkers: Insulin + Glucose + IGF1,hp_iof_threshold,1.8198467438656287,1.8171688020781456,0.16381622142398866,0.16326725542595155,0.00335110890280077,0.5281813008121368,2500
cumulative_best_03,Cumulative biomarkers: Insulin + Glucose + IGF1,insulin_igf_threshold,15.007110527186743,15.012159873253657,1.3490788348546818,1.353086031782281,-0.0029703208026614636,0.5281813008121368,2500
cumulative_best_03,Cumulative biomarkers: Insulin + Glucose + IGF1,feed_direct_blood_fraction,0.07999997626633726,0.08023002752279396,0.007202420746582061,0.007124209734800491,0.01085898957217768,0.5281813008121368,2500
cumulative_best_03,Cumulative biomarkers: Insulin + Glucose + IGF1,lh_basal_release,0.01409954623203555,0.014086085655005638,0.0012659147656591558,0.001278848821310635,-0.010217161535946317,0.5281813008121368,2500
cumulative_best_04,Cumulative biomarkers: Insulin + Glucose + IGF1 + E2,insulin_glucose_threshold,0.49992503297664365,0.48171586546915274,0.04499020415972066,0.015969928603671357,0.6450354271126181,0.4715724488737426,2500
cumulative_best_04,Cumulative biomarkers: Insulin + Glucose + IGF1 + E2,inhibin_clearance,0.47501419837676173,0.48703805728914396,0.042709557745251925,0.033255709150739776,0.2213520601384159,0.4715724488737426,2500
cumulative_best_04,Cumulative biomarkers: Insulin + Glucose + IGF1 + E2,hp_p4_follicle_scale,1.1000615121832023,1.1148664231096514,0.09892970060211281,0.09552831735506961,0.03438182089242625,0.4715724488737426,2500
cumulative_best_04,Cumulative biomarkers: Insulin + Glucose + IGF1 + E2,blood_to_liver_glucose_threshold,0.4499489017871994,0.45510316154157143,0.04042927251442624,0.03875963596629728,0.04129771436112761,0.4715724488737426,2500
cumulative_best_04,Cumulative biomarkers: Insulin + Glucose + IGF1 + E2,gnrh_clearance,1.6301310730628726,1.6308440240717557,0.14679630219367357,0.14581767742264184,0.0066665492005417715,0.4715724488737426,2500
cumulative_best_04,Cumulative biomarkers: Insulin + Glucose + IGF1 + E2,hp_iof_threshold,1.8198467438656287,1.8167361263612616,0.16381622142398866,0.16333513320880333,0.0029367556582823306,0.4715724488737426,2500
cumulative_best_04,Cumulative biomarkers: Insulin + Glucose + IGF1 + E2,insulin_igf_threshold,15.007110527186743,15.006652880835784,1.3490788348546818,1.3530141464336847,-0.0029170360377248628,0.4715724488737426,2500
cumulative_best_04,Cumulative biomarkers: Insulin + Glucose + IGF1 + E2,feed_direct_blood_fraction,0.07999997626633726,0.08023044731400113,0.007202420746582061,0.007118952538045675,0.011588910377944295,0.4715724488737426,2500
cumulative_best_04,Cumulative biomarkers: Insulin + Glucose + IGF1 + E2,lh_basal_release,0.01409954623203555,0.014084793882135604,0.0012659147656591558,0.0012790870728022,-0.010405366538390526,0.4715724488737426,2500
cumulative_best_05,Cumulative biomarkers: Insulin + Glucose + IGF1 + E2 + INH,insulin_glucose_threshold,0.49992503297664365,0.4818808950377591,0.04499020415972066,0.016783481058742333,0.626952547288762,0.46064439741558516,2500
cumulative_best_05,Cumulative biomarkers: Insulin + Glucose + IGF1 + E2 + INH,inhibin_clearance,0.47501419837676173,0.4878127352419214,0.042709557745251925,0.03230752252651259,0.2435528665687423,0.46064439741558516,2500
cumulative_best_05,Cumulative biomarkers: Insulin + Glucose + IGF1 + E2 + INH,hp_p4_follicle_scale,1.1000615121832023,1.1152221550170005,0.09892970060211281,0.09515893404835252,0.03811561675422437,0.46064439741558516,2500
cumulative_best_05,Cumulative biomarkers: Insulin + Glucose + IGF1 + E2 + INH,blood_to_liver_glucose_threshold,0.4499489017871994,0.4551934558204657,0.04042927251442624,0.03877388298600304,0.04094532069140033,0.46064439741558516,2500
cumulative_best_05,Cumulative biomarkers: Insulin + Glucose + IGF1 + E2 + INH,gnrh_clearance,1.6301310730628726,1.6308040124578647,0.14679630219367357,0.1458979690426292,0.006119589782712431,0.46064439741558516,2500
cumulative_best_05,Cumulative biomarkers: Insulin + Glucose + IGF1 + E2 + INH,hp_iof_threshold,1.8198467438656287,1.8173033011496116,0.16381622142398866,0.16382895348782078,-7.7721630504346e-05,0.46064439741558516,2500
cumulative_best_05,Cumulative biomarkers: Insulin + Glucose + IGF1 + E2 + INH,insulin_igf_threshold,15.007110527186743,15.001621577144599,1.3490788348546818,1.3539542024688025,-0.003613849308254702,0.46064439741558516,2500
cumulative_best_05,Cumulative biomarkers: Insulin + Glucose + IGF1 + E2 + INH,feed_direct_blood_fraction,0.07999997626633726,0.08023800031186125,0.007202420746582061,0.007101343507441613,0.014033787069217651,0.46064439741558516,2500
cumulative_best_05,Cumulative biomarkers: Insulin + Glucose + IGF1 + E2 + INH,lh_basal_release,0.01409954623203555,0.014079791700774185,0.0012659147656591558,0.0012757313425360971,-0.007754532250699997,0.46064439741558516,2500
cumulative_best_06,Cumulative biomarkers: Insulin + Glucose + IGF1 + E2 + INH + FSH,insulin_glucose_threshold,0.49992503297664365,0.48188218349109846,0.04499020415972066,0.016813481964397525,0.6262857153368846,0.4246540651506182,2500
cumulative_best_06,Cumulative biomarkers: Insulin + Glucose + IGF1 + E2 + INH + FSH,inhibin_clearance,0.47501419837676173,0.4878609385278639,0.042709557745251925,0.032030548623713684,0.25003792324975405,0.4246540651506182,2500
cumulative_best_06,Cumulative biomarkers: Insulin + Glucose + IGF1 + E2 + INH + FSH,hp_p4_follicle_scale,1.1000615121832023,1.1148869480052757,0.09892970060211281,0.09507090104902516,0.03900547085053285,0.4246540651506182,2500
cumulative_best_06,Cumulative biomarkers: Insulin + Glucose + IGF1 + E2 + INH + FSH,blood_to_liver_glucose_threshold,0.4499489017871994,0.45522585915071606,0.04042927251442624,0.03879470221430381,0.040430366377212756,0.4246540651506182,2500
cumulative_best_06,Cumulative biomarkers: Insulin + Glucose + IGF1 + E2 + INH + FSH,gnrh_clearance,1.6301310730628726,1.6312948262624585,0.14679630219367357,0.14572033516147087,0.007329660326069631,0.4246540651506182,2500
cumulative_best_06,Cumulative biomarkers: Insulin + Glucose + IGF1 + E2 + INH + FSH,hp_iof_threshold,1.8198467438656287,1.8174332012076224,0.16381622142398866,0.1634359270299972,0.0023214696974799276,0.4246540651506182,2500
cumulative_best_06,Cumulative biomarkers: Insulin + Glucose + IGF1 + E2 + INH + FSH,insulin_igf_threshold,15.007110527186743,15.000063853195975,1.3490788348546818,1.353545968889021,-0.0033112475853349643,0.4246540651506182,2500
cumulative_best_06,Cumulative biomarkers: Insulin + Glucose + IGF1 + E2 + INH + FSH,feed_direct_blood_fraction,0.07999997626633726,0.080266704692753,0.007202420746582061,0.007099445871732085,0.014297259001266105,0.4246540651506182,2500
cumulative_best_06,Cumulative biomarkers: Insulin + Glucose + IGF1 + E2 + INH + FSH,lh_basal_release,0.01409954623203555,0.014081263752594449,0.0012659147656591558,0.0012776466216183509,-0.009267492786598774,0.4246540651506182,2500
cumulative_best_07,Cumulative biomarkers: Insulin + Glucose + IGF1 + E2 + INH + FSH + P4,insulin_glucose_threshold,0.49992503297664365,0.48187861248319025,0.04499020415972066,0.01696231471872711,0.6229776006681622,0.3964640491116867,2500
cumulative_best_07,Cumulative biomarkers: Insulin + Glucose + IGF1 + E2 + INH + FSH + P4,inhibin_clearance,0.47501419837676173,0.4878557131929868,0.042709557745251925,0.03163546625831298,0.2592883670908548,0.3964640491116867,2500
cumulative_best_07,Cumulative biomarkers: Insulin + Glucose + IGF1 + E2 + INH + FSH + P4,hp_p4_follicle_scale,1.1000615121832023,1.1146812104805186,0.09892970060211281,0.09466793937564488,0.04307868315106289,0.3964640491116867,2500
cumulative_best_07,Cumulative biomarkers: Insulin + Glucose + IGF1 + E2 + INH + FSH + P4,blood_to_liver_glucose_threshold,0.4499489017871994,0.4552634073046745,0.04042927251442624,0.03880634878413847,0.04014229367369082,0.3964640491116867,2500
cumulative_best_07,Cumulative biomarkers: Insulin + Glucose + IGF1 + E2 + INH + FSH + P4,gnrh_clearance,1.6301310730628726,1.6316094974148554,0.14679630219367357,0.14568325512672575,0.007582255481335842,0.3964640491116867,2500
cumulative_best_07,Cumulative biomarkers: Insulin + Glucose + IGF1 + E2 + INH + FSH + P4,hp_iof_threshold,1.8198467438656287,1.8174331847466565,0.16381622142398866,0.16345645996151936,0.002196128437965683,0.3964640491116867,2500
cumulative_best_07,Cumulative biomarkers: Insulin + Glucose + IGF1 + E2 + INH + FSH + P4,insulin_igf_threshold,15.007110527186743,14.998566051504854,1.3490788348546818,1.35015750480051,-0.0007995603503367921,0.3964640491116867,2500
cumulative_best_07,Cumulative biomarkers: Insulin + Glucose + IGF1 + E2 + INH + FSH + P4,feed_direct_blood_fraction,0.07999997626633726,0.080246820409426,0.007202420746582061,0.007098948183407228,0.014366359147226504,0.3964640491116867,2500
cumulative_best_07,Cumulative biomarkers: Insulin + Glucose + IGF1 + E2 + INH + FSH + P4,lh_basal_release,0.01409954623203555,0.01408228206513207,0.0012659147656591558,0.0012790883015044528,-0.010406337142641275,0.3964640491116867,2500
cumulative_best_08,Cumulative biomarkers: Insulin + Glucose + IGF1 + E2 + INH + FSH + P4 + Glucagon,insulin_glucose_threshold,0.49992503297664365,0.48274538026759933,0.04499020415972066,0.019697733766323167,0.5621772753821291,0.512256350936439,2500
cumulative_best_08,Cumulative biomarkers: Insulin + Glucose + IGF1 + E2 + INH + FSH + P4 + Glucagon,inhibin_clearance,0.47501419837676173,0.4871348790445955,0.042709557745251925,0.03377380897370458,0.2092212901113626,0.512256350936439,2500
cumulative_best_08,Cumulative biomarkers: Insulin + Glucose + IGF1 + E2 + INH + FSH + P4 + Glucagon,hp_p4_follicle_scale,1.1000615121832023,1.1143707073004532,0.09892970060211281,0.09581066661181814,0.03152778155914138,0.512256350936439,2500
cumulative_best_08,Cumulative biomarkers: Insulin + Glucose + IGF1 + E2 + INH + FSH + P4 + Glucagon,blood_to_liver_glucose_threshold,0.4499489017871994,0.45634191293541365,0.04042927251442624,0.038481736742955686,0.04817142754116144,0.512256350936439,2500
cumulative_best_08,Cumulative biomarkers: Insulin + Glucose + IGF1 + E2 + INH + FSH + P4 + Glucagon,gnrh_clearance,1.6301310730628726,1.6317588487104346,0.14679630219367357,0.1450612624979024,0.011819369220091525,0.512256350936439,2500
cumulative_best_08,Cumulative biomarkers: Insulin + Glucose + IGF1 + E2 + INH + FSH + P4 + Glucagon,hp_iof_threshold,1.8198467438656287,1.8185500720425183,0.16381622142398866,0.16303680127804143,0.004757893566168514,0.512256350936439,2500
cumulative_best_08,Cumulative biomarkers: Insulin + Glucose + IGF1 + E2 + INH + FSH + P4 + Glucagon,insulin_igf_threshold,15.007110527186743,15.011032919773886,1.3490788348546818,1.3535692584646366,-0.003328510902358417,0.512256350936439,2500
cumulative_best_08,Cumulative biomarkers: Insulin + Glucose + IGF1 + E2 + INH + FSH + P4 + Glucagon,feed_direct_blood_fraction,0.07999997626633726,0.08020888876846145,0.007202420746582061,0.007115643620265677,0.012048327828885097,0.512256350936439,2500
cumulative_best_08,Cumulative biomarkers: Insulin + Glucose + IGF1 + E2 + INH + FSH + P4 + Glucagon,lh_basal_release,0.01409954623203555,0.014066614529670056,0.0012659147656591558,0.0012745419668055234,-0.006814993694994387,0.512256350936439,2500
cumulative_best_09,Cumulative biomarkers: Insulin + Glucose + IGF1 + E2 + INH + FSH + P4 + Glucagon + PGF,insulin_glucose_threshold,0.49992503297664365,0.48277882057580995,0.04499020415972066,0.019706115578332184,0.5619909723375984,0.48495091628574843,2500
cumulative_best_09,Cumulative biomarkers: Insulin + Glucose + IGF1 + E2 + INH + FSH + P4 + Glucagon + PGF,inhibin_clearance,0.47501419837676173,0.4871698369378077,0.042709557745251925,0.03340185854483674,0.21793012364896092,0.48495091628574843,2500
cumulative_best_09,Cumulative biomarkers: Insulin + Glucose + IGF1 + E2 + INH + FSH + P4 + Glucagon + PGF,hp_p4_follicle_scale,1.1000615121832023,1.114401676113675,0.09892970060211281,0.09524992891486361,0.03719582354796502,0.48495091628574843,2500
cumulative_best_09,Cumulative biomarkers: Insulin + Glucose + IGF1 + E2 + INH + FSH + P4 + Glucagon + PGF,blood_to_liver_glucose_threshold,0.4499489017871994,0.45639127058463425,0.04042927251442624,0.03845851418876284,0.04874582704796837,0.48495091628574843,2500
cumulative_best_09,Cumulative biomarkers: Insulin + Glucose + IGF1 + E2 + INH + FSH + P4 + Glucagon + PGF,gnrh_clearance,1.6301310730628726,1.632126633447542,0.14679630219367357,0.1450123190513113,0.012152779843245698,0.48495091628574843,2500
cumulative_best_09,Cumulative biomarkers: Insulin + Glucose + IGF1 + E2 + INH + FSH + P4 + Glucagon + PGF,hp_iof_threshold,1.8198467438656287,1.8183136407167322,0.16381622142398866,0.16278865634370332,0.00627266989406261,0.48495091628574843,2500
cumulative_best_09,Cumulative biomarkers: Insulin + Glucose + IGF1 + E2 + INH + FSH + P4 + Glucagon + PGF,insulin_igf_threshold,15.007110527186743,15.011148686623859,1.3490788348546818,1.3538855231362579,-0.0035629409915793886,0.48495091628574843,2500
cumulative_best_09,Cumulative biomarkers: Insulin + Glucose + IGF1 + E2 + INH + FSH + P4 + Glucagon + PGF,feed_direct_blood_fraction,0.07999997626633726,0.08020914186032128,0.007202420746582061,0.007115799102459394,0.01202674033779183,0.48495091628574843,2500
cumulative_best_09,Cumulative biomarkers: Insulin + Glucose + IGF1 + E2 + INH + FSH + P4 + Glucagon + PGF,lh_basal_release,0.01409954623203555,0.01407362705442486,0.0012659147656591558,0.0012737316464742701,-0.006174887146564112,0.48495091628574843,2500
high_information_day_all_biomarkers,All observables at high-information day,insulin_glucose_threshold,0.49992503297664365,0.48277882057580995,0.04499020415972066,0.019706115578332184,0.5619909723375984,0.48495091628574843,2500
high_information_day_all_biomarkers,All observables at high-information day,inhibin_clearance,0.47501419837676173,0.4871698369378077,0.042709557745251925,0.03340185854483674,0.21793012364896092,0.48495091628574843,2500
high_information_day_all_biomarkers,All observables at high-information day,hp_p4_follicle_scale,1.1000615121832023,1.114401676113675,0.09892970060211281,0.09524992891486361,0.03719582354796502,0.48495091628574843,2500
high_information_day_all_biomarkers,All observables at high-information day,blood_to_liver_glucose_threshold,0.4499489017871994,0.45639127058463425,0.04042927251442624,0.03845851418876284,0.04874582704796837,0.48495091628574843,2500
high_information_day_all_biomarkers,All observables at high-information day,gnrh_clearance,1.6301310730628726,1.632126633447542,0.14679630219367357,0.1450123190513113,0.012152779843245698,0.48495091628574843,2500
high_information_day_all_biomarkers,All observables at high-information day,hp_iof_threshold,1.8198467438656287,1.8183136407167322,0.16381622142398866,0.16278865634370332,0.00627266989406261,0.48495091628574843,2500
high_information_day_all_biomarkers,All observables at high-information day,insulin_igf_threshold,15.007110527186743,15.011148686623859,1.3490788348546818,1.3538855231362579,-0.0035629409915793886,0.48495091628574843,2500
high_information_day_all_biomarkers,All observables at high-information day,feed_direct_blood_fraction,0.07999997626633726,0.08020914186032128,0.007202420746582061,0.007115799102459394,0.01202674033779183,0.48495091628574843,2500
high_information_day_all_biomarkers,All observables at high-information day,lh_basal_release,0.01409954623203555,0.01407362705442486,0.0012659147656591558,0.0012737316464742701,-0.006174887146564112,0.48495091628574843,2500
low_information_day_all_biomarkers,All observables at low-information day,insulin_glucose_threshold,0.49992503297664365,0.48371819775831787,0.04499020415972066,0.02345653759953803,0.47863011431856395,0.7006009820095156,2500
low_information_day_all_biomarkers,All observables at low-information day,inhibin_clearance,0.47501419837676173,0.48829137197799505,0.042709557745251925,0.03229637109380673,0.2438139658002626,0.7006009820095156,2500
low_information_day_all_biomarkers,All observables at low-information day,hp_p4_follicle_scale,1.1000615121832023,1.117015824676552,0.09892970060211281,0.09339084795789176,0.055987763133923396,0.7006009820095156,2500
low_information_day_all_biomarkers,All observables at low-information day,blood_to_liver_glucose_threshold,0.4499489017871994,0.4557110769699464,0.04042927251442624,0.038926572605653464,0.03716861114027148,0.7006009820095156,2500
low_information_day_all_biomarkers,All observables at low-information day,gnrh_clearance,1.6301310730628726,1.6323012340874636,0.14679630219367357,0.14653726459238658,0.0017646057660581915,0.7006009820095156,2500
low_information_day_all_biomarkers,All observables at low-information day,hp_iof_threshold,1.8198467438656287,1.818175400623413,0.16381622142398866,0.16307186458275047,0.004543853073693205,0.7006009820095156,2500
low_information_day_all_biomarkers,All observables at low-information day,insulin_igf_threshold,15.007110527186743,15.006469704369197,1.3490788348546818,1.3482701867342346,0.0005994076102560086,0.7006009820095156,2500
low_information_day_all_biomarkers,All observables at low-information day,feed_direct_blood_fraction,0.07999997626633726,0.08023306362760493,0.007202420746582061,0.007131217702612214,0.009885987847021771,0.7006009820095156,2500
low_information_day_all_biomarkers,All observables at low-information day,lh_basal_release,0.01409954623203555,0.014068964794966672,0.0012659147656591558,0.0012665797657164697,-0.0005253118735586426,0.7006009820095156,2500
