parameter,prior_90_width,posterior_90_width,interval_reduction_fraction,biomarkers,method,source_file,computational_cost,interpretation,posterior_median,scenario
insulin_glucose_threshold,0.0449906067562067,0.0250117110581549,0.4440681541885544,Insulin,posterior reweighting,posterior_narrowing_cumulative_biomarkers.csv,low; saved ODE bank weights,fast BED design comparison,,
insulin_glucose_threshold,0.0449906067562067,0.0249133411525042,0.446254608489642,Insulin|Glucose,posterior reweighting,posterior_narrowing_cumulative_biomarkers.csv,low; saved ODE bank weights,fast BED design comparison,,
insulin_glucose_threshold,0.0449906067562067,0.0214747823848083,0.5226829791121723,Insulin|Glucose|IGF1,posterior reweighting,posterior_narrowing_cumulative_biomarkers.csv,low; saved ODE bank weights,fast BED design comparison,,
insulin_glucose_threshold,0.0449906067562067,0.0218719851758132,0.5138544075581754,Insulin|Glucose|IGF1|E2,posterior reweighting,posterior_narrowing_cumulative_biomarkers.csv,low; saved ODE bank weights,fast BED design comparison,,
insulin_glucose_threshold,0.0449906067562067,0.0218215777553128,0.5149748063288251,Insulin|Glucose|IGF1|E2|INH,posterior reweighting,posterior_narrowing_cumulative_biomarkers.csv,low; saved ODE bank weights,fast BED design comparison,,
insulin_glucose_threshold,0.0449906067562067,0.0218215794004763,0.5149747697620044,Insulin|Glucose|IGF1|E2|INH|FSH,posterior reweighting,posterior_narrowing_cumulative_biomarkers.csv,low; saved ODE bank weights,fast BED design comparison,,
insulin_glucose_threshold,0.0449906067562067,0.0211127321105448,0.5307302205335966,Insulin|Glucose|IGF1|E2|INH|FSH|P4,posterior reweighting,posterior_narrowing_cumulative_biomarkers.csv,low; saved ODE bank weights,fast BED design comparison,,
insulin_glucose_threshold,0.0449906067562067,0.021213432074093,0.5284919763575635,Insulin|Glucose|IGF1|E2|INH|FSH|P4|Glucagon,posterior reweighting,posterior_narrowing_cumulative_biomarkers.csv,low; saved ODE bank weights,fast BED design comparison,,
insulin_glucose_threshold,0.0449906067562067,0.0212134319821741,0.5284919784006326,Insulin|Glucose|IGF1|E2|INH|FSH|P4|Glucagon|PGF,posterior reweighting,posterior_narrowing_cumulative_biomarkers.csv,low; saved ODE bank weights,fast BED design comparison,,
inhibin_clearance,0.0427104592269985,0.0428472852353725,-0.0032035714635316,Insulin,posterior reweighting,posterior_narrowing_cumulative_biomarkers.csv,low; saved ODE bank weights,fast BED design comparison,,
inhibin_clearance,0.0427104592269985,0.0385654345533468,0.0970494054306854,Insulin|INH,posterior reweighting,posterior_narrowing_cumulative_biomarkers.csv,low; saved ODE bank weights,fast BED design comparison,,
inhibin_clearance,0.0427104592269985,0.0318011676962439,0.2554243557245225,Insulin|INH|IGF1,posterior reweighting,posterior_narrowing_cumulative_biomarkers.csv,low; saved ODE bank weights,fast BED design comparison,,
inhibin_clearance,0.0427104592269985,0.0316989618128421,0.2578173499758512,Insulin|INH|IGF1|E2,posterior reweighting,posterior_narrowing_cumulative_biomarkers.csv,low; saved ODE bank weights,fast BED design comparison,,
inhibin_clearance,0.0427104592269985,0.031698969197222,0.257817177081904,Insulin|INH|IGF1|E2|FSH,posterior reweighting,posterior_narrowing_cumulative_biomarkers.csv,low; saved ODE bank weights,fast BED design comparison,,
inhibin_clearance,0.0427104592269985,0.0316985607556467,0.2578267401159413,Insulin|INH|IGF1|E2|FSH|P4,posterior reweighting,posterior_narrowing_cumulative_biomarkers.csv,low; saved ODE bank weights,fast BED design comparison,,
inhibin_clearance,0.0427104592269985,0.0316985604353896,0.2578267476142708,Insulin|INH|IGF1|E2|FSH|P4|PGF,posterior reweighting,posterior_narrowing_cumulative_biomarkers.csv,low; saved ODE bank weights,fast BED design comparison,,
inhibin_clearance,0.0427104592269985,0.0316985731648468,0.2578264495735229,Insulin|INH|IGF1|E2|FSH|P4|PGF|Glucose,posterior reweighting,posterior_narrowing_cumulative_biomarkers.csv,low; saved ODE bank weights,fast BED design comparison,,
inhibin_clearance,0.0427104592269985,0.0315549286381234,0.2611896662029646,Insulin|INH|IGF1|E2|FSH|P4|PGF|Glucose|Glucagon,posterior reweighting,posterior_narrowing_cumulative_biomarkers.csv,low; saved ODE bank weights,fast BED design comparison,,
hp_p4_follicle_scale,0.0989321295836376,0.0992708961802,-0.00342423232966,INH,posterior reweighting,posterior_narrowing_cumulative_biomarkers.csv,low; saved ODE bank weights,fast BED design comparison,,
hp_p4_follicle_scale,0.0989321295836376,0.0976517307898228,0.0129421937969338,INH|Insulin,posterior reweighting,posterior_narrowing_cumulative_biomarkers.csv,low; saved ODE bank weights,fast BED design comparison,,
hp_p4_follicle_scale,0.0989321295836376,0.0955432324367464,0.034254768002605,INH|Insulin|FSH,posterior reweighting,posterior_narrowing_cumulative_biomarkers.csv,low; saved ODE bank weights,fast BED design comparison,,
hp_p4_follicle_scale,0.0989321295836376,0.0944801970825297,0.0449998652595887,INH|Insulin|FSH|E2,posterior reweighting,posterior_narrowing_cumulative_biomarkers.csv,low; saved ODE bank weights,fast BED design comparison,,
hp_p4_follicle_scale,0.0989321295836376,0.0935656011851597,0.054244545438001,INH|Insulin|FSH|E2|IGF1,posterior reweighting,posterior_narrowing_cumulative_biomarkers.csv,low; saved ODE bank weights,fast BED design comparison,,
hp_p4_follicle_scale,0.0989321295836376,0.0938286955592173,0.0515852033702134,INH|Insulin|FSH|E2|IGF1|P4,posterior reweighting,posterior_narrowing_cumulative_biomarkers.csv,low; saved ODE bank weights,fast BED design comparison,,
hp_p4_follicle_scale,0.0989321295836376,0.093828696299655,0.0515851958859138,INH|Insulin|FSH|E2|IGF1|P4|PGF,posterior reweighting,posterior_narrowing_cumulative_biomarkers.csv,low; saved ODE bank weights,fast BED design comparison,,
hp_p4_follicle_scale,0.0989321295836376,0.0937910797373431,0.0519654218293988,INH|Insulin|FSH|E2|IGF1|P4|PGF|Glucose,posterior reweighting,posterior_narrowing_cumulative_biomarkers.csv,low; saved ODE bank weights,fast BED design comparison,,
hp_p4_follicle_scale,0.0989321295836376,0.0937916747840046,0.0519594071336271,INH|Insulin|FSH|E2|IGF1|P4|PGF|Glucose|Glucagon,posterior reweighting,posterior_narrowing_cumulative_biomarkers.csv,low; saved ODE bank weights,fast BED design comparison,,
blood_to_liver_glucose_threshold,0.0404292738221117,0.0404261313406267,7.772787358850675e-05,Glucose,posterior reweighting,posterior_narrowing_cumulative_biomarkers.csv,low; saved ODE bank weights,fast BED design comparison,,
blood_to_liver_glucose_threshold,0.0404292738221117,0.040428628307282,1.5966520508947646e-05,Glucose|Glucagon,posterior reweighting,posterior_narrowing_cumulative_biomarkers.csv,low; saved ODE bank weights,fast BED design comparison,,
blood_to_liver_glucose_threshold,0.0404292738221117,0.0398248999885753,0.0149489163766725,Glucose|Glucagon|INH,posterior reweighting,posterior_narrowing_cumulative_biomarkers.csv,low; saved ODE bank weights,fast BED design comparison,,
blood_to_liver_glucose_threshold,0.0404292738221117,0.039297869282582,0.0279847850967547,Glucose|Glucagon|INH|E2,posterior reweighting,posterior_narrowing_cumulative_biomarkers.csv,low; saved ODE bank weights,fast BED design comparison,,
blood_to_liver_glucose_threshold,0.0404292738221117,0.0392147190248752,0.0300414695198446,Glucose|Glucagon|INH|E2|IGF1,posterior reweighting,posterior_narrowing_cumulative_biomarkers.csv,low; saved ODE bank weights,fast BED design comparison,,
blood_to_liver_glucose_threshold,0.0404292738221117,0.0389929048826814,0.0355279430877296,Glucose|Glucagon|INH|E2|IGF1|Insulin,posterior reweighting,posterior_narrowing_cumulative_biomarkers.csv,low; saved ODE bank weights,fast BED design comparison,,
blood_to_liver_glucose_threshold,0.0404292738221117,0.0389929065901787,0.0355279008535476,Glucose|Glucagon|INH|E2|IGF1|Insulin|FSH,posterior reweighting,posterior_narrowing_cumulative_biomarkers.csv,low; saved ODE bank weights,fast BED design comparison,,
blood_to_liver_glucose_threshold,0.0404292738221117,0.0389261904318927,0.0371780951800538,Glucose|Glucagon|INH|E2|IGF1|Insulin|FSH|P4,posterior reweighting,posterior_narrowing_cumulative_biomarkers.csv,low; saved ODE bank weights,fast BED design comparison,,
blood_to_liver_glucose_threshold,0.0404292738221117,0.03892618665349,0.0371781886371556,Glucose|Glucagon|INH|E2|IGF1|Insulin|FSH|P4|PGF,posterior reweighting,posterior_narrowing_cumulative_biomarkers.csv,low; saved ODE bank weights,fast BED design comparison,,
gnrh_clearance,0.1467965234599322,0.1466580474713668,0.0009433192646637,Insulin,posterior reweighting,posterior_narrowing_cumulative_biomarkers.csv,low; saved ODE bank weights,fast BED design comparison,,
gnrh_clearance,0.1467965234599322,0.1464331107289382,0.0024756221906926,Insulin|IGF1,posterior reweighting,posterior_narrowing_cumulative_biomarkers.csv,low; saved ODE bank weights,fast BED design comparison,,
gnrh_clearance,0.1467965234599322,0.1463348020464943,0.0031453157238015,Insulin|IGF1|INH,posterior reweighting,posterior_narrowing_cumulative_biomarkers.csv,low; saved ODE bank weights,fast BED design comparison,,
gnrh_clearance,0.1467965234599322,0.1409551365594896,0.039792406269328,Insulin|IGF1|INH|E2,posterior reweighting,posterior_narrowing_cumulative_biomarkers.csv,low; saved ODE bank weights,fast BED design comparison,,
gnrh_clearance,0.1467965234599322,0.1409551636975774,0.0397922214005916,Insulin|IGF1|INH|E2|Glucose,posterior reweighting,posterior_narrowing_cumulative_biomarkers.csv,low; saved ODE bank weights,fast BED design comparison,,
gnrh_clearance,0.1467965234599322,0.1431272927094184,0.0249953518246311,Insulin|IGF1|INH|E2|Glucose|FSH,posterior reweighting,posterior_narrowing_cumulative_biomarkers.csv,low; saved ODE bank weights,fast BED design comparison,,
gnrh_clearance,0.1467965234599322,0.1453371253578754,0.0099416394043901,Insulin|IGF1|INH|E2|Glucose|FSH|Glucagon,posterior reweighting,posterior_narrowing_cumulative_biomarkers.csv,low; saved ODE bank weights,fast BED design comparison,,
gnrh_clearance,0.1467965234599322,0.1453372641995689,0.0099406935938887,Insulin|IGF1|INH|E2|Glucose|FSH|Glucagon|P4,posterior reweighting,posterior_narrowing_cumulative_biomarkers.csv,low; saved ODE bank weights,fast BED design comparison,,
gnrh_clearance,0.1467965234599322,0.1456141169696321,0.0080547308780295,Insulin|IGF1|INH|E2|Glucose|FSH|Glucagon|P4|PGF,posterior reweighting,posterior_narrowing_cumulative_biomarkers.csv,low; saved ODE bank weights,fast BED design comparison,,
hp_iof_threshold,0.1638213698077923,0.1639103047250343,-0.0005428773874023,P4,posterior reweighting,posterior_narrowing_cumulative_biomarkers.csv,low; saved ODE bank weights,fast BED design comparison,,
hp_iof_threshold,0.1638213698077923,0.1638638863086343,-0.0002595296382386,P4|IGF1,posterior reweighting,posterior_narrowing_cumulative_biomarkers.csv,low; saved ODE bank weights,fast BED design comparison,,
hp_iof_threshold,0.1638213698077923,0.1638842905165523,-0.0003840812027986,P4|IGF1|Glucagon,posterior reweighting,posterior_narrowing_cumulative_biomarkers.csv,low; saved ODE bank weights,fast BED design comparison,,
hp_iof_threshold,0.1638213698077923,0.1645920243421863,-0.0047042369093734,P4|IGF1|Glucagon|E2,posterior reweighting,posterior_narrowing_cumulative_biomarkers.csv,low; saved ODE bank weights,fast BED design comparison,,
hp_iof_threshold,0.1638213698077923,0.1645927525733939,-0.0047086821853983,P4|IGF1|Glucagon|E2|Glucose,posterior reweighting,posterior_narrowing_cumulative_biomarkers.csv,low; saved ODE bank weights,fast BED design comparison,,
hp_iof_threshold,0.1638213698077923,0.1645727162851813,-0.0045863764798845,P4|IGF1|Glucagon|E2|Glucose|PGF,posterior reweighting,posterior_narrowing_cumulative_biomarkers.csv,low; saved ODE bank weights,fast BED design comparison,,
hp_iof_threshold,0.1638213698077923,0.1644283449208985,-0.0037051033929107,P4|IGF1|Glucagon|E2|Glucose|PGF|Insulin,posterior reweighting,posterior_narrowing_cumulative_biomarkers.csv,low; saved ODE bank weights,fast BED design comparison,,
hp_iof_threshold,0.1638213698077923,0.1641371094352586,-0.0019273409069688,P4|IGF1|Glucagon|E2|Glucose|PGF|Insulin|INH,posterior reweighting,posterior_narrowing_cumulative_biomarkers.csv,low; saved ODE bank weights,fast BED design comparison,,
hp_iof_threshold,0.1638213698077923,0.1672772919840739,-0.0210956737838066,P4|IGF1|Glucagon|E2|Glucose|PGF|Insulin|INH|FSH,posterior reweighting,posterior_narrowing_cumulative_biomarkers.csv,low; saved ODE bank weights,fast BED design comparison,,
insulin_igf_threshold,1.3491993865863687,1.353605171977902,-0.0032654813182806,IGF1,posterior reweighting,posterior_narrowing_cumulative_biomarkers.csv,low; saved ODE bank weights,fast BED design comparison,,
insulin_igf_threshold,1.3491993865863687,1.35344880004933,-0.003149581526058,IGF1|Insulin,posterior reweighting,posterior_narrowing_cumulative_biomarkers.csv,low; saved ODE bank weights,fast BED design comparison,,
insulin_igf_threshold,1.3491993865863687,1.3658278524014469,-0.0123246912060566,IGF1|Insulin|E2,posterior reweighting,posterior_narrowing_cumulative_biomarkers.csv,low; saved ODE bank weights,fast BED design comparison,,
insulin_igf_threshold,1.3491993865863687,1.366116709765345,-0.0125387865923798,IGF1|Insulin|E2|INH,posterior reweighting,posterior_narrowing_cumulative_biomarkers.csv,low; saved ODE bank weights,fast BED design comparison,,
insulin_igf_threshold,1.3491993865863687,1.3661167141798192,-0.012538789864301,IGF1|Insulin|E2|INH|PGF,posterior reweighting,posterior_narrowing_cumulative_biomarkers.csv,low; saved ODE bank weights,fast BED design comparison,,
insulin_igf_threshold,1.3491993865863687,1.3661167492754522,-0.0125388158764927,IGF1|Insulin|E2|INH|PGF|FSH,posterior reweighting,posterior_narrowing_cumulative_biomarkers.csv,low; saved ODE bank weights,fast BED design comparison,,
insulin_igf_threshold,1.3491993865863687,1.3661162995988558,-0.0125384825850602,IGF1|Insulin|E2|INH|PGF|FSH|Glucose,posterior reweighting,posterior_narrowing_cumulative_biomarkers.csv,low; saved ODE bank weights,fast BED design comparison,,
insulin_igf_threshold,1.3491993865863687,1.3681922089264358,-0.0140771056738477,IGF1|Insulin|E2|INH|PGF|FSH|Glucose|Glucagon,posterior reweighting,posterior_narrowing_cumulative_biomarkers.csv,low; saved ODE bank weights,fast BED design comparison,,
insulin_igf_threshold,1.3491993865863687,1.3714214106483666,-0.0164705263602455,IGF1|Insulin|E2|INH|PGF|FSH|Glucose|Glucagon|P4,posterior reweighting,posterior_narrowing_cumulative_biomarkers.csv,low; saved ODE bank weights,fast BED design comparison,,
feed_direct_blood_fraction,0.0072026636017159,0.0071714647295439,0.0043315742476923,P4,posterior reweighting,posterior_narrowing_cumulative_biomarkers.csv,low; saved ODE bank weights,fast BED design comparison,,
feed_direct_blood_fraction,0.0072026636017159,0.007173119739528,0.0041017967548604,P4|PGF,posterior reweighting,posterior_narrowing_cumulative_biomarkers.csv,low; saved ODE bank weights,fast BED design comparison,,
feed_direct_blood_fraction,0.0072026636017159,0.0071050123881605,0.0135576529677349,P4|PGF|INH,posterior reweighting,posterior_narrowing_cumulative_biomarkers.csv,low; saved ODE bank weights,fast BED design comparison,,
feed_direct_blood_fraction,0.0072026636017159,0.0070363037340351,0.0230969925682897,P4|PGF|INH|E2,posterior reweighting,posterior_narrowing_cumulative_biomarkers.csv,low; saved ODE bank weights,fast BED design comparison,,
feed_direct_blood_fraction,0.0072026636017159,0.0070282102919959,0.0242206660433829,P4|PGF|INH|E2|Insulin,posterior reweighting,posterior_narrowing_cumulative_biomarkers.csv,low; saved ODE bank weights,fast BED design comparison,,
feed_direct_blood_fraction,0.0072026636017159,0.0070281347679443,0.0242311516159078,P4|PGF|INH|E2|Insulin|Glucagon,posterior reweighting,posterior_narrowing_cumulative_biomarkers.csv,low; saved ODE bank weights,fast BED design comparison,,
feed_direct_blood_fraction,0.0072026636017159,0.0070281664386658,0.0242267545312621,P4|PGF|INH|E2|Insulin|Glucagon|FSH,posterior reweighting,posterior_narrowing_cumulative_biomarkers.csv,low; saved ODE bank weights,fast BED design comparison,,
feed_direct_blood_fraction,0.0072026636017159,0.0070281751470516,0.0242255454805272,P4|PGF|INH|E2|Insulin|Glucagon|FSH|Glucose,posterior reweighting,posterior_narrowing_cumulative_biomarkers.csv,low; saved ODE bank weights,fast BED design comparison,,
feed_direct_blood_fraction,0.0072026636017159,0.0070298443020917,0.0239938041231071,P4|PGF|INH|E2|Insulin|Glucagon|FSH|Glucose|IGF1,posterior reweighting,posterior_narrowing_cumulative_biomarkers.csv,low; saved ODE bank weights,fast BED design comparison,,
lh_basal_release,0.0012660112016096,0.0012691576559192,-0.0024853289652102,IGF1,posterior reweighting,posterior_narrowing_cumulative_biomarkers.csv,low; saved ODE bank weights,fast BED design comparison,,
lh_basal_release,0.0012660112016096,0.0012689691750319,-0.0023364512245902,IGF1|P4,posterior reweighting,posterior_narrowing_cumulative_biomarkers.csv,low; saved ODE bank weights,fast BED design comparison,,
lh_basal_release,0.0012660112016096,0.0012686488788215,-0.0020834548767185,IGF1|P4|Glucagon,posterior reweighting,posterior_narrowing_cumulative_biomarkers.csv,low; saved ODE bank weights,fast BED design comparison,,
lh_basal_release,0.0012660112016096,0.0012709586124426,-0.0039078728740415,IGF1|P4|Glucagon|Insulin,posterior reweighting,posterior_narrowing_cumulative_biomarkers.csv,low; saved ODE bank weights,fast BED design comparison,,
lh_basal_release,0.0012660112016096,0.0012461041938555,0.0157241955906343,IGF1|P4|Glucagon|Insulin|E2,posterior reweighting,posterior_narrowing_cumulative_biomarkers.csv,low; saved ODE bank weights,fast BED design comparison,,
lh_basal_release,0.0012660112016096,0.0012203336576063,0.036079889297337,IGF1|P4|Glucagon|Insulin|E2|INH,posterior reweighting,posterior_narrowing_cumulative_biomarkers.csv,low; saved ODE bank weights,fast BED design comparison,,
lh_basal_release,0.0012660112016096,0.0012203422649856,0.0360730904796777,IGF1|P4|Glucagon|Insulin|E2|INH|PGF,posterior reweighting,posterior_narrowing_cumulative_biomarkers.csv,low; saved ODE bank weights,fast BED design comparison,,
lh_basal_release,0.0012660112016096,0.0012203388964087,0.0360757512594078,IGF1|P4|Glucagon|Insulin|E2|INH|PGF|Glucose,posterior reweighting,posterior_narrowing_cumulative_biomarkers.csv,low; saved ODE bank weights,fast BED design comparison,,
lh_basal_release,0.0012660112016096,0.0012020877733038,0.0504919926652368,IGF1|P4|Glucagon|Insulin|E2|INH|PGF|Glucose|FSH,posterior reweighting,posterior_narrowing_cumulative_biomarkers.csv,low; saved ODE bank weights,fast BED design comparison,,
insulin_glucose_threshold,0.045,0.0241351135209704,0.4636641439784356,,reduced ODE-archive posterior,reduced_posterior_narrowing_summary.csv,low/moderate; saved ODE bank likelihood weights,likelihood-based selected-parameter inference on precomputed ODE rows,0.4826156051356584,all_observables_day_81
inhibin_clearance,0.0427499999999999,0.037487842189908,0.1230914107623838,,reduced ODE-archive posterior,reduced_posterior_narrowing_summary.csv,low/moderate; saved ODE bank likelihood weights,likelihood-based selected-parameter inference on precomputed ODE rows,0.4891889258710868,all_observables_day_81
hp_p4_follicle_scale,0.0990000000000003,0.0552744127974642,0.4416725980054132,,reduced ODE-archive posterior,reduced_posterior_narrowing_summary.csv,low/moderate; saved ODE bank likelihood weights,likelihood-based selected-parameter inference on precomputed ODE rows,1.134111143715782,all_observables_day_81
blood_to_liver_glucose_threshold,0.0405,0.0412910273597267,-0.0195315397463393,,reduced ODE-archive posterior,reduced_posterior_narrowing_summary.csv,low/moderate; saved ODE bank likelihood weights,likelihood-based selected-parameter inference on precomputed ODE rows,0.4584678828269149,all_observables_day_81
gnrh_clearance,0.1467000000000002,0.1378802583941096,0.0601209380087972,,reduced ODE-archive posterior,reduced_posterior_narrowing_summary.csv,low/moderate; saved ODE bank likelihood weights,likelihood-based selected-parameter inference on precomputed ODE rows,1.628054356803278,all_observables_day_81
hp_iof_threshold,0.1638000000000003,0.1652378560516452,-0.0087781199734118,,reduced ODE-archive posterior,reduced_posterior_narrowing_summary.csv,low/moderate; saved ODE bank likelihood weights,likelihood-based selected-parameter inference on precomputed ODE rows,1.7987618826008331,all_observables_day_81
insulin_igf_threshold,1.35,1.3677274111364603,-0.0131314156566373,,reduced ODE-archive posterior,reduced_posterior_narrowing_summary.csv,low/moderate; saved ODE bank likelihood weights,likelihood-based selected-parameter inference on precomputed ODE rows,15.035894231382052,all_observables_day_81
feed_direct_blood_fraction,0.0072,0.0070386959690245,0.0224033376354739,,reduced ODE-archive posterior,reduced_posterior_narrowing_summary.csv,low/moderate; saved ODE bank likelihood weights,likelihood-based selected-parameter inference on precomputed ODE rows,0.0794706378018936,all_observables_day_81
lh_basal_release,0.001269,0.0011526277053652,0.091703935882428,,reduced ODE-archive posterior,reduced_posterior_narrowing_summary.csv,low/moderate; saved ODE bank likelihood weights,likelihood-based selected-parameter inference on precomputed ODE rows,0.0140567546343817,all_observables_day_81
insulin_glucose_threshold,0.0449902041597206,0.0465331094852831,-0.0342942503680356,,archive-based sequential ABC filtering,abc_smc_posterior_narrowing_summary.csv,moderate/high; ODE archive likelihood-free filtering,likelihood-free selected-parameter inference over precomputed ODE rows,0.4884098877801263,gsa_uncertainty_guided
inhibin_clearance,0.0427095577452519,0.0386231368698262,0.0956793067209881,,archive-based sequential ABC filtering,abc_smc_posterior_narrowing_summary.csv,moderate/high; ODE archive likelihood-free filtering,likelihood-free selected-parameter inference over precomputed ODE rows,0.4885022623494001,gsa_uncertainty_guided
hp_p4_follicle_scale,0.0989297006021128,0.0946992687384311,0.042762000066048,,archive-based sequential ABC filtering,abc_smc_posterior_narrowing_summary.csv,moderate/high; ODE archive likelihood-free filtering,likelihood-free selected-parameter inference over precomputed ODE rows,1.1210776551785544,gsa_uncertainty_guided
blood_to_liver_glucose_threshold,0.0404292725144262,0.0398590026178998,0.0141053712090153,,archive-based sequential ABC filtering,abc_smc_posterior_narrowing_summary.csv,moderate/high; ODE archive likelihood-free filtering,likelihood-free selected-parameter inference over precomputed ODE rows,0.4524489097731597,gsa_uncertainty_guided
gnrh_clearance,0.1467963021936735,0.1464073191716659,0.0026498148536087,,archive-based sequential ABC filtering,abc_smc_posterior_narrowing_summary.csv,moderate/high; ODE archive likelihood-free filtering,likelihood-free selected-parameter inference over precomputed ODE rows,1.631863274004175,gsa_uncertainty_guided
hp_iof_threshold,0.1638162214239886,0.1629238398128016,0.0054474557124433,,archive-based sequential ABC filtering,abc_smc_posterior_narrowing_summary.csv,moderate/high; ODE archive likelihood-free filtering,likelihood-free selected-parameter inference over precomputed ODE rows,1.8192067046998188,gsa_uncertainty_guided
insulin_igf_threshold,1.3490788348546818,1.3446499854289655,0.0032828692521837,,archive-based sequential ABC filtering,abc_smc_posterior_narrowing_summary.csv,moderate/high; ODE archive likelihood-free filtering,likelihood-free selected-parameter inference over precomputed ODE rows,14.998599912020635,gsa_uncertainty_guided
feed_direct_blood_fraction,0.007202420746582,0.0071379344347202,0.0089534219300352,,archive-based sequential ABC filtering,abc_smc_posterior_narrowing_summary.csv,moderate/high; ODE archive likelihood-free filtering,likelihood-free selected-parameter inference over precomputed ODE rows,0.0800570133077798,gsa_uncertainty_guided
lh_basal_release,0.0012659147656591,0.001271589089067,-0.0044823897799315,,archive-based sequential ABC filtering,abc_smc_posterior_narrowing_summary.csv,moderate/high; ODE archive likelihood-free filtering,likelihood-free selected-parameter inference over precomputed ODE rows,0.0140730204280979,gsa_uncertainty_guided
insulin_glucose_threshold,0.0449902041597206,0.0156592202702615,0.651941560107854,,archive-based sequential ABC filtering,abc_smc_posterior_narrowing_summary.csv,moderate/high; ODE archive likelihood-free filtering,likelihood-free selected-parameter inference over precomputed ODE rows,0.4807823181404672,independent_1_Insulin_day_65
inhibin_clearance,0.0427095577452519,0.0435077381364261,-0.0186885660566906,,archive-based sequential ABC filtering,abc_smc_posterior_narrowing_summary.csv,moderate/high; ODE archive likelihood-free filtering,likelihood-free selected-parameter inference over precomputed ODE rows,0.4754556703559938,independent_1_Insulin_day_65
hp_p4_follicle_scale,0.0989297006021128,0.0987326152624308,0.0019921756407071,,archive-based sequential ABC filtering,abc_smc_posterior_narrowing_summary.csv,moderate/high; ODE archive likelihood-free filtering,likelihood-free selected-parameter inference over precomputed ODE rows,1.0997457856728865,independent_1_Insulin_day_65
blood_to_liver_glucose_threshold,0.0404292725144262,0.0389388762797107,0.0368642852572654,,archive-based sequential ABC filtering,abc_smc_posterior_narrowing_summary.csv,moderate/high; ODE archive likelihood-free filtering,likelihood-free selected-parameter inference over precomputed ODE rows,0.4563130296552814,independent_1_Insulin_day_65
gnrh_clearance,0.1467963021936735,0.1467251445128701,0.0004847375563287,,archive-based sequential ABC filtering,abc_smc_posterior_narrowing_summary.csv,moderate/high; ODE archive likelihood-free filtering,likelihood-free selected-parameter inference over precomputed ODE rows,1.6333822855163147,independent_1_Insulin_day_65
hp_iof_threshold,0.1638162214239886,0.1606750118580215,0.0191752046205303,,archive-based sequential ABC filtering,abc_smc_posterior_narrowing_summary.csv,moderate/high; ODE archive likelihood-free filtering,likelihood-free selected-parameter inference over precomputed ODE rows,1.8208428459101955,independent_1_Insulin_day_65
insulin_igf_threshold,1.3490788348546818,1.3633977237365205,-0.0106138266437045,,archive-based sequential ABC filtering,abc_smc_posterior_narrowing_summary.csv,moderate/high; ODE archive likelihood-free filtering,likelihood-free selected-parameter inference over precomputed ODE rows,15.0082897857668,independent_1_Insulin_day_65
feed_direct_blood_fraction,0.007202420746582,0.0072416982573331,-0.005453376320688,,archive-based sequential ABC filtering,abc_smc_posterior_narrowing_summary.csv,moderate/high; ODE archive likelihood-free filtering,likelihood-free selected-parameter inference over precomputed ODE rows,0.0800338467668233,independent_1_Insulin_day_65
lh_basal_release,0.0012659147656591,0.0012689147875657,-0.002369845101694,,archive-based sequential ABC filtering,abc_smc_posterior_narrowing_summary.csv,moderate/high; ODE archive likelihood-free filtering,likelihood-free selected-parameter inference over precomputed ODE rows,0.0140837655855429,independent_1_Insulin_day_65
insulin_glucose_threshold,0.0449902041597206,0.0441791534132342,0.0180272741952243,,archive-based sequential ABC filtering,abc_smc_posterior_narrowing_summary.csv,moderate/high; ODE archive likelihood-free filtering,likelihood-free selected-parameter inference over precomputed ODE rows,0.4996577534323133,independent_2_Glucose_day_65
inhibin_clearance,0.0427095577452519,0.0426143117694599,0.0022300857424016,,archive-based sequential ABC filtering,abc_smc_posterior_narrowing_summary.csv,moderate/high; ODE archive likelihood-free filtering,likelihood-free selected-parameter inference over precomputed ODE rows,0.4748319422361267,independent_2_Glucose_day_65
hp_p4_follicle_scale,0.0989297006021128,0.0988937830542662,0.0003630613216051,,archive-based sequential ABC filtering,abc_smc_posterior_narrowing_summary.csv,moderate/high; ODE archive likelihood-free filtering,likelihood-free selected-parameter inference over precomputed ODE rows,1.0982360591689957,independent_2_Glucose_day_65
blood_to_liver_glucose_threshold,0.0404292725144262,0.0402064337412503,0.0055118175350892,,archive-based sequential ABC filtering,abc_smc_posterior_narrowing_summary.csv,moderate/high; ODE archive likelihood-free filtering,likelihood-free selected-parameter inference over precomputed ODE rows,0.4514273383757133,independent_2_Glucose_day_65
gnrh_clearance,0.1467963021936735,0.1484008230375526,-0.0109302538272535,,archive-based sequential ABC filtering,abc_smc_posterior_narrowing_summary.csv,moderate/high; ODE archive likelihood-free filtering,likelihood-free selected-parameter inference over precomputed ODE rows,1.6288433993511695,independent_2_Glucose_day_65
hp_iof_threshold,0.1638162214239886,0.1643847725494105,-0.0034706643852464,,archive-based sequential ABC filtering,abc_smc_posterior_narrowing_summary.csv,moderate/high; ODE archive likelihood-free filtering,likelihood-free selected-parameter inference over precomputed ODE rows,1.8169749662829424,independent_2_Glucose_day_65
insulin_igf_threshold,1.3490788348546818,1.339108859326224,0.0073902097274632,,archive-based sequential ABC filtering,abc_smc_posterior_narrowing_summary.csv,moderate/high; ODE archive likelihood-free filtering,likelihood-free selected-parameter inference over precomputed ODE rows,15.004780963233609,independent_2_Glucose_day_65
feed_direct_blood_fraction,0.007202420746582,0.0072211146513047,-0.0025955030094011,,archive-based sequential ABC filtering,abc_smc_posterior_narrowing_summary.csv,moderate/high; ODE archive likelihood-free filtering,likelihood-free selected-parameter inference over precomputed ODE rows,0.0799777340721582,independent_2_Glucose_day_65
lh_basal_release,0.0012659147656591,0.0012768451413754,-0.0086343694005579,,archive-based sequential ABC filtering,abc_smc_posterior_narrowing_summary.csv,moderate/high; ODE archive likelihood-free filtering,likelihood-free selected-parameter inference over precomputed ODE rows,0.0140926714520166,independent_2_Glucose_day_65
insulin_glucose_threshold,0.0449902041597206,0.0461135052518235,-0.0249676815894186,,archive-based sequential ABC filtering,abc_smc_posterior_narrowing_summary.csv,moderate/high; ODE archive likelihood-free filtering,likelihood-free selected-parameter inference over precomputed ODE rows,0.4884768186170519,independent_3_IGF1_day_65
inhibin_clearance,0.0427095577452519,0.0406181212958724,0.0489688154078811,,archive-based sequential ABC filtering,abc_smc_posterior_narrowing_summary.csv,moderate/high; ODE archive likelihood-free filtering,likelihood-free selected-parameter inference over precomputed ODE rows,0.4870033840577761,independent_3_IGF1_day_65
hp_p4_follicle_scale,0.0989297006021128,0.0933961233092843,0.0559344388909457,,archive-based sequential ABC filtering,abc_smc_posterior_narrowing_summary.csv,moderate/high; ODE archive likelihood-free filtering,likelihood-free selected-parameter inference over precomputed ODE rows,1.1137007763399136,independent_3_IGF1_day_65
blood_to_liver_glucose_threshold,0.0404292725144262,0.0400037182835331,0.0105258938493446,,archive-based sequential ABC filtering,abc_smc_posterior_narrowing_summary.csv,moderate/high; ODE archive likelihood-free filtering,likelihood-free selected-parameter inference over precomputed ODE rows,0.4536954895695177,independent_3_IGF1_day_65
gnrh_clearance,0.1467963021936735,0.1459429138534853,0.0058134185087462,,archive-based sequential ABC filtering,abc_smc_posterior_narrowing_summary.csv,moderate/high; ODE archive likelihood-free filtering,likelihood-free selected-parameter inference over precomputed ODE rows,1.6309221591763006,independent_3_IGF1_day_65
hp_iof_threshold,0.1638162214239886,0.1630216714095529,0.0048502523591926,,archive-based sequential ABC filtering,abc_smc_posterior_narrowing_summary.csv,moderate/high; ODE archive likelihood-free filtering,likelihood-free selected-parameter inference over precomputed ODE rows,1.8149549214736096,independent_3_IGF1_day_65
insulin_igf_threshold,1.3490788348546818,1.3476583358570269,0.0010529399475814,,archive-based sequential ABC filtering,abc_smc_posterior_narrowing_summary.csv,moderate/high; ODE archive likelihood-free filtering,likelihood-free selected-parameter inference over precomputed ODE rows,14.98285307363408,independent_3_IGF1_day_65
feed_direct_blood_fraction,0.007202420746582,0.0071421926067695,0.0083622079203123,,archive-based sequential ABC filtering,abc_smc_posterior_narrowing_summary.csv,moderate/high; ODE archive likelihood-free filtering,likelihood-free selected-parameter inference over precomputed ODE rows,0.0800561964544533,independent_3_IGF1_day_65
lh_basal_release,0.0012659147656591,0.0012844459737042,-0.0146385906443422,,archive-based sequential ABC filtering,abc_smc_posterior_narrowing_summary.csv,moderate/high; ODE archive likelihood-free filtering,likelihood-free selected-parameter inference over precomputed ODE rows,0.014091603538321,independent_3_IGF1_day_65
insulin_glucose_threshold,0.0449902041597206,0.0460598926645705,-0.0237760313567887,,archive-based sequential ABC filtering,abc_smc_posterior_narrowing_summary.csv,moderate/high; ODE archive likelihood-free filtering,likelihood-free selected-parameter inference over precomputed ODE rows,0.5076923660583522,independent_4_E2_day_65
inhibin_clearance,0.0427095577452519,0.043567784191065,-0.0200944821515631,,archive-based sequential ABC filtering,abc_smc_posterior_narrowing_summary.csv,moderate/high; ODE archive likelihood-free filtering,likelihood-free selected-parameter inference over precomputed ODE rows,0.478357430817867,independent_4_E2_day_65
hp_p4_follicle_scale,0.0989297006021128,0.0999451963452009,-0.0102648217563334,,archive-based sequential ABC filtering,abc_smc_posterior_narrowing_summary.csv,moderate/high; ODE archive likelihood-free filtering,likelihood-free selected-parameter inference over precomputed ODE rows,1.1023673997775498,independent_4_E2_day_65
blood_to_liver_glucose_threshold,0.0404292725144262,0.0408336303936147,-0.0100016115561856,,archive-based sequential ABC filtering,abc_smc_posterior_narrowing_summary.csv,moderate/high; ODE archive likelihood-free filtering,likelihood-free selected-parameter inference over precomputed ODE rows,0.4497379730907768,independent_4_E2_day_65
gnrh_clearance,0.1467963021936735,0.1455857578802946,0.0082464223913614,,archive-based sequential ABC filtering,abc_smc_posterior_narrowing_summary.csv,moderate/high; ODE archive likelihood-free filtering,likelihood-free selected-parameter inference over precomputed ODE rows,1.6287126792124067,independent_4_E2_day_65
hp_iof_threshold,0.1638162214239886,0.1631720962832459,0.0039319985233673,,archive-based sequential ABC filtering,abc_smc_posterior_narrowing_summary.csv,moderate/high; ODE archive likelihood-free filtering,likelihood-free selected-parameter inference over precomputed ODE rows,1.8219390921877496,independent_4_E2_day_65
insulin_igf_threshold,1.3490788348546818,1.3317687523987694,0.012831038489887,,archive-based sequential ABC filtering,abc_smc_posterior_narrowing_summary.csv,moderate/high; ODE archive likelihood-free filtering,likelihood-free selected-parameter inference over precomputed ODE rows,15.01181843936383,independent_4_E2_day_65
feed_direct_blood_fraction,0.007202420746582,0.0071629849220218,0.0054753569595276,,archive-based sequential ABC filtering,abc_smc_posterior_narrowing_summary.csv,moderate/high; ODE archive likelihood-free filtering,likelihood-free selected-parameter inference over precomputed ODE rows,0.0798948048534964,independent_4_E2_day_65
lh_basal_release,0.0012659147656591,0.001241269655076,0.0194682227047628,,archive-based sequential ABC filtering,abc_smc_posterior_narrowing_summary.csv,moderate/high; ODE archive likelihood-free filtering,likelihood-free selected-parameter inference over precomputed ODE rows,0.0140767258931657,independent_4_E2_day_65
insulin_glucose_threshold,0.0449902041597206,0.0156592202702615,0.651941560107854,,archive-based sequential ABC filtering,abc_smc_posterior_narrowing_summary.csv,moderate/high; ODE archive likelihood-free filtering,likelihood-free selected-parameter inference over precomputed ODE rows,0.4807823181404672,cumulative_best_01
inhibin_clearance,0.0427095577452519,0.0435077381364261,-0.0186885660566906,,archive-based sequential ABC filtering,abc_smc_posterior_narrowing_summary.csv,moderate/high; ODE archive likelihood-free filtering,likelihood-free selected-parameter inference over precomputed ODE rows,0.4754556703559938,cumulative_best_01
hp_p4_follicle_scale,0.0989297006021128,0.0987326152624308,0.0019921756407071,,archive-based sequential ABC filtering,abc_smc_posterior_narrowing_summary.csv,moderate/high; ODE archive likelihood-free filtering,likelihood-free selected-parameter inference over precomputed ODE rows,1.0997457856728865,cumulative_best_01
blood_to_liver_glucose_threshold,0.0404292725144262,0.0389388762797107,0.0368642852572654,,archive-based sequential ABC filtering,abc_smc_posterior_narrowing_summary.csv,moderate/high; ODE archive likelihood-free filtering,likelihood-free selected-parameter inference over precomputed ODE rows,0.4563130296552814,cumulative_best_01
gnrh_clearance,0.1467963021936735,0.1467251445128701,0.0004847375563287,,archive-based sequential ABC filtering,abc_smc_posterior_narrowing_summary.csv,moderate/high; ODE archive likelihood-free filtering,likelihood-free selected-parameter inference over precomputed ODE rows,1.6333822855163147,cumulative_best_01
hp_iof_threshold,0.1638162214239886,0.1606750118580215,0.0191752046205303,,archive-based sequential ABC filtering,abc_smc_posterior_narrowing_summary.csv,moderate/high; ODE archive likelihood-free filtering,likelihood-free selected-parameter inference over precomputed ODE rows,1.8208428459101955,cumulative_best_01
insulin_igf_threshold,1.3490788348546818,1.3633977237365205,-0.0106138266437045,,archive-based sequential ABC filtering,abc_smc_posterior_narrowing_summary.csv,moderate/high; ODE archive likelihood-free filtering,likelihood-free selected-parameter inference over precomputed ODE rows,15.0082897857668,cumulative_best_01
feed_direct_blood_fraction,0.007202420746582,0.0072416982573331,-0.005453376320688,,archive-based sequential ABC filtering,abc_smc_posterior_narrowing_summary.csv,moderate/high; ODE archive likelihood-free filtering,likelihood-free selected-parameter inference over precomputed ODE rows,0.0800338467668233,cumulative_best_01
lh_basal_release,0.0012659147656591,0.0012689147875657,-0.002369845101694,,archive-based sequential ABC filtering,abc_smc_posterior_narrowing_summary.csv,moderate/high; ODE archive likelihood-free filtering,likelihood-free selected-parameter inference over precomputed ODE rows,0.0140837655855429,cumulative_best_01
insulin_glucose_threshold,0.0449902041597206,0.0127660679353509,0.7162478327497721,,archive-based sequential ABC filtering,abc_smc_posterior_narrowing_summary.csv,moderate/high; ODE archive likelihood-free filtering,likelihood-free selected-parameter inference over precomputed ODE rows,0.4812271189105636,cumulative_best_02
inhibin_clearance,0.0427095577452519,0.0433742884526409,-0.0155639801131606,,archive-based sequential ABC filtering,abc_smc_posterior_narrowing_summary.csv,moderate/high; ODE archive likelihood-free filtering,likelihood-free selected-parameter inference over precomputed ODE rows,0.4754951427787346,cumulative_best_02
hp_p4_follicle_scale,0.0989297006021128,0.0980947203733897,0.0084401370229685,,archive-based sequential ABC filtering,abc_smc_posterior_narrowing_summary.csv,moderate/high; ODE archive likelihood-free filtering,likelihood-free selected-parameter inference over precomputed ODE rows,1.0998680869279875,cumulative_best_02
blood_to_liver_glucose_threshold,0.0404292725144262,0.038164273618609,0.0560237361433848,,archive-based sequential ABC filtering,abc_smc_posterior_narrowing_summary.csv,moderate/high; ODE archive likelihood-free filtering,likelihood-free selected-parameter inference over precomputed ODE rows,0.454817864169291,cumulative_best_02
gnrh_clearance,0.1467963021936735,0.1477675911171203,-0.0066165762279577,,archive-based sequential ABC filtering,abc_smc_posterior_narrowing_summary.csv,moderate/high; ODE archive likelihood-free filtering,likelihood-free selected-parameter inference over precomputed ODE rows,1.6329640826789569,cumulative_best_02
hp_iof_threshold,0.1638162214239886,0.1625628669147125,0.007650979239914,,archive-based sequential ABC filtering,abc_smc_posterior_narrowing_summary.csv,moderate/high; ODE archive likelihood-free filtering,likelihood-free selected-parameter inference over precomputed ODE rows,1.8191801353295205,cumulative_best_02
insulin_igf_threshold,1.3490788348546818,1.3602390889536569,-0.0082724995831524,,archive-based sequential ABC filtering,abc_smc_posterior_narrowing_summary.csv,moderate/high; ODE archive likelihood-free filtering,likelihood-free selected-parameter inference over precomputed ODE rows,15.037216998170484,cumulative_best_02
feed_direct_blood_fraction,0.007202420746582,0.0072348341120039,-0.0045003432265888,,archive-based sequential ABC filtering,abc_smc_posterior_narrowing_summary.csv,moderate/high; ODE archive likelihood-free filtering,likelihood-free selected-parameter inference over precomputed ODE rows,0.0800099376762348,cumulative_best_02
lh_basal_release,0.0012659147656591,0.0012720773707198,-0.0048681042577631,,archive-based sequential ABC filtering,abc_smc_posterior_narrowing_summary.csv,moderate/high; ODE archive likelihood-free filtering,likelihood-free selected-parameter inference over precomputed ODE rows,0.0140988617002786,cumulative_best_02
insulin_glucose_threshold,0.0449902041597206,0.0156646609239782,0.6518206303672953,,archive-based sequential ABC filtering,abc_smc_posterior_narrowing_summary.csv,moderate/high; ODE archive likelihood-free filtering,likelihood-free selected-parameter inference over precomputed ODE rows,0.48170078826866,cumulative_best_03
inhibin_clearance,0.0427095577452519,0.0338825673614434,0.206674825257113,,archive-based sequential ABC filtering,abc_smc_posterior_narrowing_summary.csv,moderate/high; ODE archive likelihood-free filtering,likelihood-free selected-parameter inference over precomputed ODE rows,0.4869536744744189,cumulative_best_03
hp_p4_follicle_scale,0.0989297006021128,0.0958423680711424,0.0312073372524129,,archive-based sequential ABC filtering,abc_smc_posterior_narrowing_summary.csv,moderate/high; ODE archive likelihood-free filtering,likelihood-free selected-parameter inference over precomputed ODE rows,1.1143675979393504,cumulative_best_03
blood_to_liver_glucose_threshold,0.0404292725144262,0.0387564142508161,0.0413774020547417,,archive-based sequential ABC filtering,abc_smc_posterior_narrowing_summary.csv,moderate/high; ODE archive likelihood-free filtering,likelihood-free selected-parameter inference over precomputed ODE rows,0.4549873500055328,cumulative_best_03
gnrh_clearance,0.1467963021936735,0.1458461452699346,0.0064726216501375,,archive-based sequential ABC filtering,abc_smc_posterior_narrowing_summary.csv,moderate/high; ODE archive likelihood-free filtering,likelihood-free selected-parameter inference over precomputed ODE rows,1.6305337646445668,cumulative_best_03
hp_iof_threshold,0.1638162214239886,0.1632672554259515,0.0033511089028007,,archive-based sequential ABC filtering,abc_smc_posterior_narrowing_summary.csv,moderate/high; ODE archive likelihood-free filtering,likelihood-free selected-parameter inference over precomputed ODE rows,1.8171688020781456,cumulative_best_03
insulin_igf_threshold,1.3490788348546818,1.353086031782281,-0.0029703208026614,,archive-based sequential ABC filtering,abc_smc_posterior_narrowing_summary.csv,moderate/high; ODE archive likelihood-free filtering,likelihood-free selected-parameter inference over precomputed ODE rows,15.012159873253657,cumulative_best_03
feed_direct_blood_fraction,0.007202420746582,0.0071242097348004,0.0108589895721776,,archive-based sequential ABC filtering,abc_smc_posterior_narrowing_summary.csv,moderate/high; ODE archive likelihood-free filtering,likelihood-free selected-parameter inference over precomputed ODE rows,0.0802300275227939,cumulative_best_03
lh_basal_release,0.0012659147656591,0.0012788488213106,-0.0102171615359463,,archive-based sequential ABC filtering,abc_smc_posterior_narrowing_summary.csv,moderate/high; ODE archive likelihood-free filtering,likelihood-free selected-parameter inference over precomputed ODE rows,0.0140860856550056,cumulative_best_03
insulin_glucose_threshold,0.0449902041597206,0.0159699286036713,0.6450354271126181,,archive-based sequential ABC filtering,abc_smc_posterior_narrowing_summary.csv,moderate/high; ODE archive likelihood-free filtering,likelihood-free selected-parameter inference over precomputed ODE rows,0.4817158654691527,cumulative_best_04
inhibin_clearance,0.0427095577452519,0.0332557091507397,0.2213520601384159,,archive-based sequential ABC filtering,abc_smc_posterior_narrowing_summary.csv,moderate/high; ODE archive likelihood-free filtering,likelihood-free selected-parameter inference over precomputed ODE rows,0.4870380572891439,cumulative_best_04
hp_p4_follicle_scale,0.0989297006021128,0.0955283173550696,0.0343818208924262,,archive-based sequential ABC filtering,abc_smc_posterior_narrowing_summary.csv,moderate/high; ODE archive likelihood-free filtering,likelihood-free selected-parameter inference over precomputed ODE rows,1.1148664231096514,cumulative_best_04
blood_to_liver_glucose_threshold,0.0404292725144262,0.0387596359662972,0.0412977143611276,,archive-based sequential ABC filtering,abc_smc_posterior_narrowing_summary.csv,moderate/high; ODE archive likelihood-free filtering,likelihood-free selected-parameter inference over precomputed ODE rows,0.4551031615415714,cumulative_best_04
gnrh_clearance,0.1467963021936735,0.1458176774226418,0.0066665492005417,,archive-based sequential ABC filtering,abc_smc_posterior_narrowing_summary.csv,moderate/high; ODE archive likelihood-free filtering,likelihood-free selected-parameter inference over precomputed ODE rows,1.6308440240717557,cumulative_best_04
hp_iof_threshold,0.1638162214239886,0.1633351332088033,0.0029367556582823,,archive-based sequential ABC filtering,abc_smc_posterior_narrowing_summary.csv,moderate/high; ODE archive likelihood-free filtering,likelihood-free selected-parameter inference over precomputed ODE rows,1.8167361263612616,cumulative_best_04
insulin_igf_threshold,1.3490788348546818,1.353014146433685,-0.0029170360377248,,archive-based sequential ABC filtering,abc_smc_posterior_narrowing_summary.csv,moderate/high; ODE archive likelihood-free filtering,likelihood-free selected-parameter inference over precomputed ODE rows,15.006652880835784,cumulative_best_04
feed_direct_blood_fraction,0.007202420746582,0.0071189525380456,0.0115889103779442,,archive-based sequential ABC filtering,abc_smc_posterior_narrowing_summary.csv,moderate/high; ODE archive likelihood-free filtering,likelihood-free selected-parameter inference over precomputed ODE rows,0.0802304473140011,cumulative_best_04
lh_basal_release,0.0012659147656591,0.0012790870728022,-0.0104053665383905,,archive-based sequential ABC filtering,abc_smc_posterior_narrowing_summary.csv,moderate/high; ODE archive likelihood-free filtering,likelihood-free selected-parameter inference over precomputed ODE rows,0.0140847938821356,cumulative_best_04
insulin_glucose_threshold,0.0449902041597206,0.0167834810587423,0.626952547288762,,archive-based sequential ABC filtering,abc_smc_posterior_narrowing_summary.csv,moderate/high; ODE archive likelihood-free filtering,likelihood-free selected-parameter inference over precomputed ODE rows,0.4818808950377591,cumulative_best_05
inhibin_clearance,0.0427095577452519,0.0323075225265125,0.2435528665687423,,archive-based sequential ABC filtering,abc_smc_posterior_narrowing_summary.csv,moderate/high; ODE archive likelihood-free filtering,likelihood-free selected-parameter inference over precomputed ODE rows,0.4878127352419214,cumulative_best_05
hp_p4_follicle_scale,0.0989297006021128,0.0951589340483525,0.0381156167542243,,archive-based sequential ABC filtering,abc_smc_posterior_narrowing_summary.csv,moderate/high; ODE archive likelihood-free filtering,likelihood-free selected-parameter inference over precomputed ODE rows,1.1152221550170005,cumulative_best_05
blood_to_liver_glucose_threshold,0.0404292725144262,0.038773882986003,0.0409453206914003,,archive-based sequential ABC filtering,abc_smc_posterior_narrowing_summary.csv,moderate/high; ODE archive likelihood-free filtering,likelihood-free selected-parameter inference over precomputed ODE rows,0.4551934558204657,cumulative_best_05
gnrh_clearance,0.1467963021936735,0.1458979690426292,0.0061195897827124,,archive-based sequential ABC filtering,abc_smc_posterior_narrowing_summary.csv,moderate/high; ODE archive likelihood-free filtering,likelihood-free selected-parameter inference over precomputed ODE rows,1.6308040124578649,cumulative_best_05
hp_iof_threshold,0.1638162214239886,0.1638289534878207,-7.7721630504346e-05,,archive-based sequential ABC filtering,abc_smc_posterior_narrowing_summary.csv,moderate/high; ODE archive likelihood-free filtering,likelihood-free selected-parameter inference over precomputed ODE rows,1.8173033011496116,cumulative_best_05
insulin_igf_threshold,1.3490788348546818,1.3539542024688025,-0.0036138493082547,,archive-based sequential ABC filtering,abc_smc_posterior_narrowing_summary.csv,moderate/high; ODE archive likelihood-free filtering,likelihood-free selected-parameter inference over precomputed ODE rows,15.0016215771446,cumulative_best_05
feed_direct_blood_fraction,0.007202420746582,0.0071013435074416,0.0140337870692176,,archive-based sequential ABC filtering,abc_smc_posterior_narrowing_summary.csv,moderate/high; ODE archive likelihood-free filtering,likelihood-free selected-parameter inference over precomputed ODE rows,0.0802380003118612,cumulative_best_05
lh_basal_release,0.0012659147656591,0.001275731342536,-0.0077545322506999,,archive-based sequential ABC filtering,abc_smc_posterior_narrowing_summary.csv,moderate/high; ODE archive likelihood-free filtering,likelihood-free selected-parameter inference over precomputed ODE rows,0.0140797917007741,cumulative_best_05
insulin_glucose_threshold,0.0449902041597206,0.0168134819643975,0.6262857153368846,,archive-based sequential ABC filtering,abc_smc_posterior_narrowing_summary.csv,moderate/high; ODE archive likelihood-free filtering,likelihood-free selected-parameter inference over precomputed ODE rows,0.4818821834910984,cumulative_best_06
inhibin_clearance,0.0427095577452519,0.0320305486237136,0.250037923249754,,archive-based sequential ABC filtering,abc_smc_posterior_narrowing_summary.csv,moderate/high; ODE archive likelihood-free filtering,likelihood-free selected-parameter inference over precomputed ODE rows,0.4878609385278639,cumulative_best_06
hp_p4_follicle_scale,0.0989297006021128,0.0950709010490251,0.0390054708505328,,archive-based sequential ABC filtering,abc_smc_posterior_narrowing_summary.csv,moderate/high; ODE archive likelihood-free filtering,likelihood-free selected-parameter inference over precomputed ODE rows,1.1148869480052757,cumulative_best_06
blood_to_liver_glucose_threshold,0.0404292725144262,0.0387947022143038,0.0404303663772127,,archive-based sequential ABC filtering,abc_smc_posterior_narrowing_summary.csv,moderate/high; ODE archive likelihood-free filtering,likelihood-free selected-parameter inference over precomputed ODE rows,0.455225859150716,cumulative_best_06
gnrh_clearance,0.1467963021936735,0.1457203351614708,0.0073296603260696,,archive-based sequential ABC filtering,abc_smc_posterior_narrowing_summary.csv,moderate/high; ODE archive likelihood-free filtering,likelihood-free selected-parameter inference over precomputed ODE rows,1.6312948262624585,cumulative_best_06
hp_iof_threshold,0.1638162214239886,0.1634359270299972,0.0023214696974799,,archive-based sequential ABC filtering,abc_smc_posterior_narrowing_summary.csv,moderate/high; ODE archive likelihood-free filtering,likelihood-free selected-parameter inference over precomputed ODE rows,1.8174332012076224,cumulative_best_06
insulin_igf_threshold,1.3490788348546818,1.353545968889021,-0.0033112475853349,,archive-based sequential ABC filtering,abc_smc_posterior_narrowing_summary.csv,moderate/high; ODE archive likelihood-free filtering,likelihood-free selected-parameter inference over precomputed ODE rows,15.000063853195975,cumulative_best_06
feed_direct_blood_fraction,0.007202420746582,0.007099445871732,0.0142972590012661,,archive-based sequential ABC filtering,abc_smc_posterior_narrowing_summary.csv,moderate/high; ODE archive likelihood-free filtering,likelihood-free selected-parameter inference over precomputed ODE rows,0.080266704692753,cumulative_best_06
lh_basal_release,0.0012659147656591,0.0012776466216183,-0.0092674927865987,,archive-based sequential ABC filtering,abc_smc_posterior_narrowing_summary.csv,moderate/high; ODE archive likelihood-free filtering,likelihood-free selected-parameter inference over precomputed ODE rows,0.0140812637525944,cumulative_best_06
insulin_glucose_threshold,0.0449902041597206,0.0169623147187271,0.6229776006681622,,archive-based sequential ABC filtering,abc_smc_posterior_narrowing_summary.csv,moderate/high; ODE archive likelihood-free filtering,likelihood-free selected-parameter inference over precomputed ODE rows,0.4818786124831902,cumulative_best_07
inhibin_clearance,0.0427095577452519,0.0316354662583129,0.2592883670908548,,archive-based sequential ABC filtering,abc_smc_posterior_narrowing_summary.csv,moderate/high; ODE archive likelihood-free filtering,likelihood-free selected-parameter inference over precomputed ODE rows,0.4878557131929868,cumulative_best_07
hp_p4_follicle_scale,0.0989297006021128,0.0946679393756448,0.0430786831510628,,archive-based sequential ABC filtering,abc_smc_posterior_narrowing_summary.csv,moderate/high; ODE archive likelihood-free filtering,likelihood-free selected-parameter inference over precomputed ODE rows,1.1146812104805186,cumulative_best_07
blood_to_liver_glucose_threshold,0.0404292725144262,0.0388063487841384,0.0401422936736908,,archive-based sequential ABC filtering,abc_smc_posterior_narrowing_summary.csv,moderate/high; ODE archive likelihood-free filtering,likelihood-free selected-parameter inference over precomputed ODE rows,0.4552634073046745,cumulative_best_07
gnrh_clearance,0.1467963021936735,0.1456832551267257,0.0075822554813358,,archive-based sequential ABC filtering,abc_smc_posterior_narrowing_summary.csv,moderate/high; ODE archive likelihood-free filtering,likelihood-free selected-parameter inference over precomputed ODE rows,1.6316094974148554,cumulative_best_07
hp_iof_threshold,0.1638162214239886,0.1634564599615193,0.0021961284379656,,archive-based sequential ABC filtering,abc_smc_posterior_narrowing_summary.csv,moderate/high; ODE archive likelihood-free filtering,likelihood-free selected-parameter inference over precomputed ODE rows,1.8174331847466565,cumulative_best_07
insulin_igf_threshold,1.3490788348546818,1.35015750480051,-0.0007995603503367,,archive-based sequential ABC filtering,abc_smc_posterior_narrowing_summary.csv,moderate/high; ODE archive likelihood-free filtering,likelihood-free selected-parameter inference over precomputed ODE rows,14.998566051504854,cumulative_best_07
feed_direct_blood_fraction,0.007202420746582,0.0070989481834072,0.0143663591472265,,archive-based sequential ABC filtering,abc_smc_posterior_narrowing_summary.csv,moderate/high; ODE archive likelihood-free filtering,likelihood-free selected-parameter inference over precomputed ODE rows,0.080246820409426,cumulative_best_07
lh_basal_release,0.0012659147656591,0.0012790883015044,-0.0104063371426412,,archive-based sequential ABC filtering,abc_smc_posterior_narrowing_summary.csv,moderate/high; ODE archive likelihood-free filtering,likelihood-free selected-parameter inference over precomputed ODE rows,0.014082282065132,cumulative_best_07
insulin_glucose_threshold,0.0449902041597206,0.0196977337663231,0.5621772753821291,,archive-based sequential ABC filtering,abc_smc_posterior_narrowing_summary.csv,moderate/high; ODE archive likelihood-free filtering,likelihood-free selected-parameter inference over precomputed ODE rows,0.4827453802675993,cumulative_best_08
inhibin_clearance,0.0427095577452519,0.0337738089737045,0.2092212901113626,,archive-based sequential ABC filtering,abc_smc_posterior_narrowing_summary.csv,moderate/high; ODE archive likelihood-free filtering,likelihood-free selected-parameter inference over precomputed ODE rows,0.4871348790445955,cumulative_best_08
hp_p4_follicle_scale,0.0989297006021128,0.0958106666118181,0.0315277815591413,,archive-based sequential ABC filtering,abc_smc_posterior_narrowing_summary.csv,moderate/high; ODE archive likelihood-free filtering,likelihood-free selected-parameter inference over precomputed ODE rows,1.1143707073004532,cumulative_best_08
blood_to_liver_glucose_threshold,0.0404292725144262,0.0384817367429556,0.0481714275411614,,archive-based sequential ABC filtering,abc_smc_posterior_narrowing_summary.csv,moderate/high; ODE archive likelihood-free filtering,likelihood-free selected-parameter inference over precomputed ODE rows,0.4563419129354136,cumulative_best_08
gnrh_clearance,0.1467963021936735,0.1450612624979024,0.0118193692200915,,archive-based sequential ABC filtering,abc_smc_posterior_narrowing_summary.csv,moderate/high; ODE archive likelihood-free filtering,likelihood-free selected-parameter inference over precomputed ODE rows,1.6317588487104346,cumulative_best_08
hp_iof_threshold,0.1638162214239886,0.1630368012780414,0.0047578935661685,,archive-based sequential ABC filtering,abc_smc_posterior_narrowing_summary.csv,moderate/high; ODE archive likelihood-free filtering,likelihood-free selected-parameter inference over precomputed ODE rows,1.8185500720425185,cumulative_best_08
insulin_igf_threshold,1.3490788348546818,1.3535692584646366,-0.0033285109023584,,archive-based sequential ABC filtering,abc_smc_posterior_narrowing_summary.csv,moderate/high; ODE archive likelihood-free filtering,likelihood-free selected-parameter inference over precomputed ODE rows,15.011032919773886,cumulative_best_08
feed_direct_blood_fraction,0.007202420746582,0.0071156436202656,0.012048327828885,,archive-based sequential ABC filtering,abc_smc_posterior_narrowing_summary.csv,moderate/high; ODE archive likelihood-free filtering,likelihood-free selected-parameter inference over precomputed ODE rows,0.0802088887684614,cumulative_best_08
lh_basal_release,0.0012659147656591,0.0012745419668055,-0.0068149936949943,,archive-based sequential ABC filtering,abc_smc_posterior_narrowing_summary.csv,moderate/high; ODE archive likelihood-free filtering,likelihood-free selected-parameter inference over precomputed ODE rows,0.01406661452967,cumulative_best_08
insulin_glucose_threshold,0.0449902041597206,0.0197061155783321,0.5619909723375984,,archive-based sequential ABC filtering,abc_smc_posterior_narrowing_summary.csv,moderate/high; ODE archive likelihood-free filtering,likelihood-free selected-parameter inference over precomputed ODE rows,0.4827788205758099,cumulative_best_09
inhibin_clearance,0.0427095577452519,0.0334018585448367,0.2179301236489609,,archive-based sequential ABC filtering,abc_smc_posterior_narrowing_summary.csv,moderate/high; ODE archive likelihood-free filtering,likelihood-free selected-parameter inference over precomputed ODE rows,0.4871698369378077,cumulative_best_09
hp_p4_follicle_scale,0.0989297006021128,0.0952499289148636,0.037195823547965,,archive-based sequential ABC filtering,abc_smc_posterior_narrowing_summary.csv,moderate/high; ODE archive likelihood-free filtering,likelihood-free selected-parameter inference over precomputed ODE rows,1.114401676113675,cumulative_best_09
blood_to_liver_glucose_threshold,0.0404292725144262,0.0384585141887628,0.0487458270479683,,archive-based sequential ABC filtering,abc_smc_posterior_narrowing_summary.csv,moderate/high; ODE archive likelihood-free filtering,likelihood-free selected-parameter inference over precomputed ODE rows,0.4563912705846342,cumulative_best_09
gnrh_clearance,0.1467963021936735,0.1450123190513113,0.0121527798432456,,archive-based sequential ABC filtering,abc_smc_posterior_narrowing_summary.csv,moderate/high; ODE archive likelihood-free filtering,likelihood-free selected-parameter inference over precomputed ODE rows,1.632126633447542,cumulative_best_09
hp_iof_threshold,0.1638162214239886,0.1627886563437033,0.0062726698940626,,archive-based sequential ABC filtering,abc_smc_posterior_narrowing_summary.csv,moderate/high; ODE archive likelihood-free filtering,likelihood-free selected-parameter inference over precomputed ODE rows,1.818313640716732,cumulative_best_09
insulin_igf_threshold,1.3490788348546818,1.353885523136258,-0.0035629409915793,,archive-based sequential ABC filtering,abc_smc_posterior_narrowing_summary.csv,moderate/high; ODE archive likelihood-free filtering,likelihood-free selected-parameter inference over precomputed ODE rows,15.01114868662386,cumulative_best_09
feed_direct_blood_fraction,0.007202420746582,0.0071157991024593,0.0120267403377918,,archive-based sequential ABC filtering,abc_smc_posterior_narrowing_summary.csv,moderate/high; ODE archive likelihood-free filtering,likelihood-free selected-parameter inference over precomputed ODE rows,0.0802091418603212,cumulative_best_09
lh_basal_release,0.0012659147656591,0.0012737316464742,-0.0061748871465641,,archive-based sequential ABC filtering,abc_smc_posterior_narrowing_summary.csv,moderate/high; ODE archive likelihood-free filtering,likelihood-free selected-parameter inference over precomputed ODE rows,0.0140736270544248,cumulative_best_09
insulin_glucose_threshold,0.0449902041597206,0.0197061155783321,0.5619909723375984,,archive-based sequential ABC filtering,abc_smc_posterior_narrowing_summary.csv,moderate/high; ODE archive likelihood-free filtering,likelihood-free selected-parameter inference over precomputed ODE rows,0.4827788205758099,high_information_day_all_biomarkers
inhibin_clearance,0.0427095577452519,0.0334018585448367,0.2179301236489609,,archive-based sequential ABC filtering,abc_smc_posterior_narrowing_summary.csv,moderate/high; ODE archive likelihood-free filtering,likelihood-free selected-parameter inference over precomputed ODE rows,0.4871698369378077,high_information_day_all_biomarkers
hp_p4_follicle_scale,0.0989297006021128,0.0952499289148636,0.037195823547965,,archive-based sequential ABC filtering,abc_smc_posterior_narrowing_summary.csv,moderate/high; ODE archive likelihood-free filtering,likelihood-free selected-parameter inference over precomputed ODE rows,1.114401676113675,high_information_day_all_biomarkers
blood_to_liver_glucose_threshold,0.0404292725144262,0.0384585141887628,0.0487458270479683,,archive-based sequential ABC filtering,abc_smc_posterior_narrowing_summary.csv,moderate/high; ODE archive likelihood-free filtering,likelihood-free selected-parameter inference over precomputed ODE rows,0.4563912705846342,high_information_day_all_biomarkers
gnrh_clearance,0.1467963021936735,0.1450123190513113,0.0121527798432456,,archive-based sequential ABC filtering,abc_smc_posterior_narrowing_summary.csv,moderate/high; ODE archive likelihood-free filtering,likelihood-free selected-parameter inference over precomputed ODE rows,1.632126633447542,high_information_day_all_biomarkers
hp_iof_threshold,0.1638162214239886,0.1627886563437033,0.0062726698940626,,archive-based sequential ABC filtering,abc_smc_posterior_narrowing_summary.csv,moderate/high; ODE archive likelihood-free filtering,likelihood-free selected-parameter inference over precomputed ODE rows,1.818313640716732,high_information_day_all_biomarkers
insulin_igf_threshold,1.3490788348546818,1.353885523136258,-0.0035629409915793,,archive-based sequential ABC filtering,abc_smc_posterior_narrowing_summary.csv,moderate/high; ODE archive likelihood-free filtering,likelihood-free selected-parameter inference over precomputed ODE rows,15.01114868662386,high_information_day_all_biomarkers
feed_direct_blood_fraction,0.007202420746582,0.0071157991024593,0.0120267403377918,,archive-based sequential ABC filtering,abc_smc_posterior_narrowing_summary.csv,moderate/high; ODE archive likelihood-free filtering,likelihood-free selected-parameter inference over precomputed ODE rows,0.0802091418603212,high_information_day_all_biomarkers
lh_basal_release,0.0012659147656591,0.0012737316464742,-0.0061748871465641,,archive-based sequential ABC filtering,abc_smc_posterior_narrowing_summary.csv,moderate/high; ODE archive likelihood-free filtering,likelihood-free selected-parameter inference over precomputed ODE rows,0.0140736270544248,high_information_day_all_biomarkers
insulin_glucose_threshold,0.0449902041597206,0.023456537599538,0.4786301143185639,,archive-based sequential ABC filtering,abc_smc_posterior_narrowing_summary.csv,moderate/high; ODE archive likelihood-free filtering,likelihood-free selected-parameter inference over precomputed ODE rows,0.4837181977583178,low_information_day_all_biomarkers
inhibin_clearance,0.0427095577452519,0.0322963710938067,0.2438139658002626,,archive-based sequential ABC filtering,abc_smc_posterior_narrowing_summary.csv,moderate/high; ODE archive likelihood-free filtering,likelihood-free selected-parameter inference over precomputed ODE rows,0.488291371977995,low_information_day_all_biomarkers
hp_p4_follicle_scale,0.0989297006021128,0.0933908479578917,0.0559877631339233,,archive-based sequential ABC filtering,abc_smc_posterior_narrowing_summary.csv,moderate/high; ODE archive likelihood-free filtering,likelihood-free selected-parameter inference over precomputed ODE rows,1.117015824676552,low_information_day_all_biomarkers
blood_to_liver_glucose_threshold,0.0404292725144262,0.0389265726056534,0.0371686111402714,,archive-based sequential ABC filtering,abc_smc_posterior_narrowing_summary.csv,moderate/high; ODE archive likelihood-free filtering,likelihood-free selected-parameter inference over precomputed ODE rows,0.4557110769699464,low_information_day_all_biomarkers
gnrh_clearance,0.1467963021936735,0.1465372645923865,0.0017646057660581,,archive-based sequential ABC filtering,abc_smc_posterior_narrowing_summary.csv,moderate/high; ODE archive likelihood-free filtering,likelihood-free selected-parameter inference over precomputed ODE rows,1.6323012340874636,low_information_day_all_biomarkers
hp_iof_threshold,0.1638162214239886,0.1630718645827504,0.0045438530736932,,archive-based sequential ABC filtering,abc_smc_posterior_narrowing_summary.csv,moderate/high; ODE archive likelihood-free filtering,likelihood-free selected-parameter inference over precomputed ODE rows,1.818175400623413,low_information_day_all_biomarkers
insulin_igf_threshold,1.3490788348546818,1.3482701867342346,0.000599407610256,,archive-based sequential ABC filtering,abc_smc_posterior_narrowing_summary.csv,moderate/high; ODE archive likelihood-free filtering,likelihood-free selected-parameter inference over precomputed ODE rows,15.006469704369197,low_information_day_all_biomarkers
feed_direct_blood_fraction,0.007202420746582,0.0071312177026122,0.0098859878470217,,archive-based sequential ABC filtering,abc_smc_posterior_narrowing_summary.csv,moderate/high; ODE archive likelihood-free filtering,likelihood-free selected-parameter inference over precomputed ODE rows,0.0802330636276049,low_information_day_all_biomarkers
lh_basal_release,0.0012659147656591,0.0012665797657164,-0.0005253118735586,,archive-based sequential ABC filtering,abc_smc_posterior_narrowing_summary.csv,moderate/high; ODE archive likelihood-free filtering,likelihood-free selected-parameter inference over precomputed ODE rows,0.0140689647949666,low_information_day_all_biomarkers
