parameter,day,n_biomarkers,biomarkers,ess,ess_fraction,prior_variance,posterior_variance,variance_reduction_fraction,prior_90_width,posterior_90_width,interval_reduction_fraction,weight_warning
insulin_glucose_threshold,65,1,Insulin,13306.65125676429,0.2661330251352858,0.0002084473894088093,6.387265786243544e-05,0.6935789983094118,0.04499060675620675,0.025011711058154917,0.4440681541885544,informative
insulin_glucose_threshold,65,2,Insulin|Glucose,13252.045381350412,0.2650409076270082,0.0002084473894088093,6.330045777496364e-05,0.6963240558948998,0.04499060675620675,0.024913341152504265,0.44625460848964205,informative
insulin_glucose_threshold,65,3,Insulin|Glucose|IGF1,2952.360888002748,0.05904721776005496,0.0002084473894088093,4.681650653495896e-05,0.7754037281649907,0.04499060675620675,0.021474782384808377,0.5226829791121723,informative
insulin_glucose_threshold,65,4,Insulin|Glucose|IGF1|E2,1206.0856238560634,0.02412171247712127,0.0002084473894088093,4.804788982076032e-05,0.7694963225155664,0.04499060675620675,0.02187198517581329,0.5138544075581754,informative
insulin_glucose_threshold,65,5,Insulin|Glucose|IGF1|E2|INH,700.3701082893053,0.014007402165786107,0.0002084473894088093,4.625316485684988e-05,0.7781062886513889,0.04499060675620675,0.02182157775531285,0.5149748063288251,collapsed
insulin_glucose_threshold,65,6,Insulin|Glucose|IGF1|E2|INH|FSH,700.3503059390905,0.01400700611878181,0.0002084473894088093,4.6255438567862375e-05,0.7780953808102355,0.04499060675620675,0.0218215794004763,0.5149747697620044,collapsed
insulin_glucose_threshold,65,7,Insulin|Glucose|IGF1|E2|INH|FSH|P4,623.8104812524992,0.012476209625049984,0.0002084473894088093,4.458674198487267e-05,0.7861007417203548,0.04499060675620675,0.02111273211054482,0.5307302205335966,collapsed
insulin_glucose_threshold,65,8,Insulin|Glucose|IGF1|E2|INH|FSH|P4|Glucagon,596.4766636226273,0.011929533272452546,0.0002084473894088093,4.520454204656507e-05,0.7831369240230233,0.04499060675620675,0.021213432074093097,0.5284919763575635,collapsed
insulin_glucose_threshold,65,9,Insulin|Glucose|IGF1|E2|INH|FSH|P4|Glucagon|PGF,596.4739280478511,0.011929478560957022,0.0002084473894088093,4.5204418933639254e-05,0.7831375146417217,0.04499060675620675,0.02121343198217418,0.5284919784006326,collapsed
inhibin_clearance,65,1,Insulin,13306.65125676429,0.2661330251352858,0.00018698011561871437,0.0001901386755246381,-0.01689249092328393,0.042710459226998565,0.04284728523537251,-0.0032035714635316737,informative
inhibin_clearance,65,2,Insulin|INH,1387.2186536750285,0.02774437307350057,0.00018698011561871437,0.00013857332956944488,0.25888734686622783,0.042710459226998565,0.03856543455334682,0.09704940543068541,informative
inhibin_clearance,65,3,Insulin|INH|IGF1,904.7408585639821,0.018094817171279642,0.00018698011561871437,9.486922751540967e-05,0.49262397661115553,0.042710459226998565,0.03180116769624397,0.2554243557245225,collapsed
inhibin_clearance,65,4,Insulin|INH|IGF1|E2,702.2713431066082,0.014045426862132164,0.00018698011561871437,9.480819199896609e-05,0.4929504044574621,0.042710459226998565,0.03169896181284215,0.25781734997585126,collapsed
inhibin_clearance,65,5,Insulin|INH|IGF1|E2|FSH,702.2509340402148,0.014045018680804296,0.00018698011561871437,9.480603431959655e-05,0.4929619440768618,0.042710459226998565,0.03169896919722204,0.257817177081904,collapsed
inhibin_clearance,65,6,Insulin|INH|IGF1|E2|FSH|P4,625.5545349157402,0.012511090698314804,0.00018698011561871437,9.361986059630436e-05,0.4993057936320252,0.042710459226998565,0.0316985607556467,0.2578267401159413,collapsed
inhibin_clearance,65,7,Insulin|INH|IGF1|E2|FSH|P4|PGF,625.5512335498864,0.012511024670997729,0.00018698011561871437,9.361991690015449e-05,0.4993054925098982,0.042710459226998565,0.0316985604353896,0.2578267476142708,collapsed
inhibin_clearance,65,8,Insulin|INH|IGF1|E2|FSH|P4|PGF|Glucose,623.8071458468055,0.01247614291693611,0.00018698011561871437,9.366929765613008e-05,0.4990413962138177,0.042710459226998565,0.03169857316484681,0.25782644957352296,collapsed
inhibin_clearance,65,9,Insulin|INH|IGF1|E2|FSH|P4|PGF|Glucose|Glucagon,596.4739280478511,0.011929478560957022,0.00018698011561871437,9.236848667930904e-05,0.5059983444032905,0.042710459226998565,0.03155492863812348,0.2611896662029646,collapsed
hp_p4_follicle_scale,65,1,INH,2765.7045486362213,0.055314090972724425,0.0010080078620086294,0.001002913941932897,0.005053452723654317,0.09893212958363762,0.09927089618020002,-0.0034242323296600485,informative
hp_p4_follicle_scale,65,2,INH|Insulin,1387.2186536750285,0.02774437307350057,0.0010080078620086294,0.0009470266148247814,0.060496797180066064,0.09893212958363762,0.09765173078982281,0.012942193796933843,informative
hp_p4_follicle_scale,65,3,INH|Insulin|FSH,1260.0574158362215,0.02520114831672443,0.0010080078620086294,0.0008978667618256973,0.10926611223394322,0.09893212958363762,0.09554323243674645,0.034254768002605074,informative
hp_p4_follicle_scale,65,4,INH|Insulin|FSH|E2,967.3047353672223,0.019346094707344445,0.0010080078620086294,0.0008705594579228883,0.13635648020825097,0.09893212958363762,0.09448019708252975,0.04499986525958877,collapsed
hp_p4_follicle_scale,65,5,INH|Insulin|FSH|E2|IGF1,702.2509340402148,0.014045018680804296,0.0010080078620086294,0.0008388284025648221,0.1678354562698431,0.09893212958363762,0.09356560118515977,0.05424454543800106,collapsed
hp_p4_follicle_scale,65,6,INH|Insulin|FSH|E2|IGF1|P4,625.5545349157402,0.012511090698314804,0.0010080078620086294,0.0008415544101638928,0.16513110474460924,0.09893212958363762,0.09382869555921736,0.05158520337021344,collapsed
hp_p4_follicle_scale,65,7,INH|Insulin|FSH|E2|IGF1|P4|PGF,625.5512335498865,0.01251102467099773,0.0010080078620086294,0.0008415526785395542,0.16513282261249884,0.09893212958363762,0.09382869629965507,0.051585195885913815,collapsed
hp_p4_follicle_scale,65,8,INH|Insulin|FSH|E2|IGF1|P4|PGF|Glucose,623.8071458468055,0.01247614291693611,0.0010080078620086294,0.0008415472510846285,0.16513820695038972,0.09893212958363762,0.09379107973734313,0.051965421829398895,collapsed
hp_p4_follicle_scale,65,9,INH|Insulin|FSH|E2|IGF1|P4|PGF|Glucose|Glucagon,596.4739280478511,0.011929478560957022,0.0010080078620086294,0.0008482425616031881,0.15849608562286543,0.09893212958363762,0.09379167478400463,0.05195940713362712,collapsed
blood_to_liver_glucose_threshold,65,1,Glucose,49978.95264641633,0.9995790529283266,0.00016811771946807696,0.00016798297929851671,0.0008014632246176046,0.0404292738221117,0.04042613134062678,7.772787358850675e-05,uniform
blood_to_liver_glucose_threshold,65,2,Glucose|Glucagon,48683.42975988947,0.9736685951977894,0.00016811771946807696,0.00016800414802600343,0.0006755471251506107,0.0404292738221117,0.040428628307282055,1.5966520508947646e-05,uniform
blood_to_liver_glucose_threshold,65,3,Glucose|Glucagon|INH,2689.0973913302905,0.05378194782660581,0.00016811771946807696,0.0001645939518265791,0.020960120400437376,0.0404292738221117,0.03982489998857536,0.014948916376672505,informative
blood_to_liver_glucose_threshold,65,4,Glucose|Glucagon|INH|E2,1263.283773065636,0.025265675461312722,0.00016811771946807696,0.00015780899617075489,0.061318481656417845,0.0404292738221117,0.039297869282582054,0.027984785096754727,informative
blood_to_liver_glucose_threshold,65,5,Glucose|Glucagon|INH|E2|IGF1,912.7589652977188,0.018255179305954376,0.00016811771946807696,0.00015527696405911589,0.07637954791195789,0.0404292738221117,0.03921471902487528,0.030041469519844655,collapsed
blood_to_liver_glucose_threshold,65,6,Glucose|Glucagon|INH|E2|IGF1|Insulin,670.3220758806519,0.013406441517613039,0.00016811771946807696,0.00015019952068177136,0.10658126248082966,0.0404292738221117,0.03899290488268148,0.03552794308772966,collapsed
blood_to_liver_glucose_threshold,65,7,Glucose|Glucagon|INH|E2|IGF1|Insulin|FSH,670.3100413136991,0.013406200826273982,0.00016811771946807696,0.0001502027977553715,0.10656176974912646,0.0404292738221117,0.03899290659017879,0.03552790085354762,collapsed
blood_to_liver_glucose_threshold,65,8,Glucose|Glucagon|INH|E2|IGF1|Insulin|FSH|P4,596.4766636226273,0.011929533272452546,0.00016811771946807696,0.00015003067615020727,0.10758558571396837,0.0404292738221117,0.03892619043189277,0.03717809518005388,collapsed
blood_to_liver_glucose_threshold,65,9,Glucose|Glucagon|INH|E2|IGF1|Insulin|FSH|P4|PGF,596.4739280478511,0.011929478560957022,0.00016811771946807696,0.00015003057650334005,0.10758617843475682,0.0404292738221117,0.038926186653490014,0.03717818863715561,collapsed
gnrh_clearance,62,1,Insulin,13306.651256766823,0.2661330251353365,0.0022248794451012266,0.0022323418982710596,-0.003354093268407743,0.14679652345993222,0.1466580474713668,0.0009433192646637334,informative
gnrh_clearance,62,2,Insulin|IGF1,9904.959483555222,0.19809918967110443,0.0022248794451012266,0.002226880310134677,-0.0008993139101789449,0.14679652345993222,0.14643311072893828,0.002475622190692639,informative
gnrh_clearance,62,3,Insulin|IGF1|INH,314.3868348302441,0.006287736696604882,0.0022248794451012266,0.0020419275415583618,0.08223003001159956,0.14679652345993222,0.1463348020464943,0.0031453157238015006,collapsed
gnrh_clearance,62,4,Insulin|IGF1|INH|E2,125.39944018439279,0.002507988803687856,0.0022248794451012266,0.0018784195429257919,0.15572075284271036,0.14679652345993222,0.14095513655948966,0.03979240626932801,collapsed
gnrh_clearance,62,5,Insulin|IGF1|INH|E2|Glucose,125.03289837094208,0.0025006579674188415,0.0022248794451012266,0.001877105382030773,0.15631141895628908,0.14679652345993222,0.14095516369757743,0.03979222140059169,collapsed
gnrh_clearance,62,6,Insulin|IGF1|INH|E2|Glucose|FSH,108.3818317312302,0.0021676366346246043,0.0022248794451012266,0.0018849560680727895,0.15278282954920797,0.14679652345993222,0.14312729270941849,0.024995351824631196,collapsed
gnrh_clearance,62,7,Insulin|IGF1|INH|E2|Glucose|FSH|Glucagon,99.34786048734543,0.0019869572097469088,0.0022248794451012266,0.0019049600733753815,0.1437917782153314,0.14679652345993222,0.14533712535787546,0.00994163940439019,collapsed
gnrh_clearance,62,8,Insulin|IGF1|INH|E2|Glucose|FSH|Glucagon|P4,99.36951084851637,0.0019873902169703275,0.0022248794451012266,0.001904765744188183,0.14387912190832397,0.14679652345993222,0.14533726419956894,0.009940693593888716,collapsed
gnrh_clearance,62,9,Insulin|IGF1|INH|E2|Glucose|FSH|Glucagon|P4|PGF,98.88714356378982,0.0019777428712757965,0.0022248794451012266,0.0019083625098475932,0.14226251042524807,0.14679652345993222,0.1456141169696321,0.008054730878029548,collapsed
hp_iof_threshold,69,1,P4,9566.1097107343,0.191322194214686,0.0027649486829496475,0.0027714752695141742,-0.00236047294648678,0.16382136980779238,0.16391030472503432,-0.0005428773874023296,informative
hp_iof_threshold,69,2,P4|IGF1,8601.242263863482,0.17202484527726963,0.0027649486829496475,0.0027713815029828245,-0.0023265603708473304,0.16382136980779238,0.16386388630863435,-0.0002595296382386092,informative
hp_iof_threshold,69,3,P4|IGF1|Glucagon,8369.632278158491,0.16739264556316982,0.0027649486829496475,0.0027767395947931517,-0.0042644233928152975,0.16382136980779238,0.1638842905165523,-0.0003840812027986473,informative
hp_iof_threshold,69,4,P4|IGF1|Glucagon|E2,6066.962675591894,0.12133925351183789,0.0027649486829496475,0.002794181682037483,-0.010572709456817098,0.16382136980779238,0.16459202434218634,-0.004704236909373494,informative
hp_iof_threshold,69,5,P4|IGF1|Glucagon|E2|Glucose,6054.079168932428,0.12108158337864855,0.0027649486829496475,0.0027943256541649534,-0.010624779908742,0.16382136980779238,0.1645927525733939,-0.004708682185398327,informative
hp_iof_threshold,69,6,P4|IGF1|Glucagon|E2|Glucose|PGF,6028.318604139427,0.12056637208278854,0.0027649486829496475,0.002793603814744944,-0.010363711982070756,0.16382136980779238,0.16457271628518133,-0.00458637647988458,informative
hp_iof_threshold,69,7,P4|IGF1|Glucagon|E2|Glucose|PGF|Insulin,3685.210106133731,0.07370420212267462,0.0027649486829496475,0.0027865923239570683,-0.007827863548024894,0.16382136980779238,0.16442834492089853,-0.003705103392910747,informative
hp_iof_threshold,69,8,P4|IGF1|Glucagon|E2|Glucose|PGF|Insulin|INH,2674.987120650462,0.05349974241300924,0.0027649486829496475,0.00277918652705986,-0.005149406279404634,0.16382136980779238,0.1641371094352586,-0.0019273409069688885,informative
hp_iof_threshold,69,9,P4|IGF1|Glucagon|E2|Glucose|PGF|Insulin|INH|FSH,423.3565211605642,0.008467130423211285,0.0027649486829496475,0.002788813835592939,-0.008631318472729133,0.16382136980779238,0.16727729198407393,-0.021095673783806612,collapsed
insulin_igf_threshold,65,1,IGF1,8178.312919916288,0.16356625839832575,0.187242177549249,0.1874674260967345,-0.0012029797475852089,1.3491993865863687,1.353605171977902,-0.0032654813182806386,informative
insulin_igf_threshold,65,2,IGF1|Insulin,2958.2865990957102,0.0591657319819142,0.187242177549249,0.18663008040975837,0.0032690131438448677,1.3491993865863687,1.35344880004933,-0.003149581526058043,informative
insulin_igf_threshold,65,3,IGF1|Insulin|E2,1209.0544544329678,0.024181089088659354,0.187242177549249,0.1936535297805549,-0.03424096170650204,1.3491993865863687,1.3658278524014467,-0.012324691206056615,informative
insulin_igf_threshold,65,4,IGF1|Insulin|E2|INH,702.2713431066081,0.014045426862132162,0.187242177549249,0.1955824436893442,-0.04454266794617645,1.3491993865863687,1.366116709765345,-0.012538786592379836,collapsed
insulin_igf_threshold,65,5,IGF1|Insulin|E2|INH|PGF,702.2678803419523,0.014045357606839046,0.187242177549249,0.19558262334739712,-0.04454362744181606,1.3491993865863687,1.3661167141798192,-0.012538789864301014,collapsed
insulin_igf_threshold,65,6,IGF1|Insulin|E2|INH|PGF|FSH,702.247470745264,0.01404494941490528,0.187242177549249,0.19558561469569857,-0.044559603267031456,1.3491993865863687,1.3661167492754522,-0.012538815876492748,collapsed
insulin_igf_threshold,65,7,IGF1|Insulin|E2|INH|PGF|FSH|Glucose,700.3467995360857,0.014006935990721713,0.187242177549249,0.19554623654086065,-0.04434929725930736,1.3491993865863687,1.3661162995988558,-0.012538482585060295,collapsed
insulin_igf_threshold,65,8,IGF1|Insulin|E2|INH|PGF|FSH|Glucose|Glucagon,670.3071262029179,0.013406142524058357,0.187242177549249,0.19526309038579787,-0.04283710508781713,1.3491993865863687,1.3681922089264358,-0.01407710567384779,collapsed
insulin_igf_threshold,65,9,IGF1|Insulin|E2|INH|PGF|FSH|Glucose|Glucagon|P4,596.4739280478511,0.011929478560957022,0.187242177549249,0.19651091392500064,-0.04950132762322612,1.3491993865863687,1.3714214106483666,-0.016470526360245596,collapsed
feed_direct_blood_fraction,64,1,P4,7212.02308500687,0.1442404617001374,5.314937078860834e-06,5.26959013794631e-06,0.008531980763212266,0.007202663601715911,0.007171464729543928,0.004331574247692371,informative
feed_direct_blood_fraction,64,2,P4|PGF,6470.323467846614,0.12940646935693229,5.314937078860834e-06,5.274967434600883e-06,0.007520247872533248,0.007202663601715911,0.007173119739528042,0.004101796754860443,informative
feed_direct_blood_fraction,64,3,P4|PGF|INH,1025.4493817251348,0.020508987634502696,5.314937078860834e-06,5.18749070857459e-06,0.023978904810207036,0.007202663601715911,0.0071050123881605115,0.013557652967734923,informative
feed_direct_blood_fraction,64,4,P4|PGF|INH|E2,420.83965458032617,0.008416793091606523,5.314937078860834e-06,5.154790430200812e-06,0.030131428892540613,0.007202663601715911,0.0070363037340351875,0.023096992568289787,collapsed
feed_direct_blood_fraction,64,5,P4|PGF|INH|E2|Insulin,314.5405641681399,0.006290811283362798,5.314937078860834e-06,4.99386177492503e-06,0.060409991533638574,0.007202663601715911,0.0070282102919959205,0.02422066604338291,collapsed
feed_direct_blood_fraction,64,6,P4|PGF|INH|E2|Insulin|Glucagon,302.009079811155,0.0060401815962231,5.314937078860834e-06,5.0039697095452885e-06,0.05850819392620099,0.007202663601715911,0.007028134767944352,0.02423115161590783,collapsed
feed_direct_blood_fraction,64,7,P4|PGF|INH|E2|Insulin|Glucagon|FSH,301.9483386340613,0.006038966772681226,5.314937078860834e-06,4.999669081629419e-06,0.05931735268990013,0.007202663601715911,0.007028166438665884,0.024226754531262107,collapsed
feed_direct_blood_fraction,64,8,P4|PGF|INH|E2|Insulin|Glucagon|FSH|Glucose,300.88859312204517,0.006017771862440903,5.314937078860834e-06,4.9952847199347496e-06,0.060142265878827095,0.007202663601715911,0.007028175147051605,0.024225545480527244,collapsed
feed_direct_blood_fraction,64,9,P4|PGF|INH|E2|Insulin|Glucagon|FSH|Glucose|IGF1,231.88582206008533,0.004637716441201706,5.314937078860834e-06,5.301939923799207e-06,0.002445401491829702,0.007202663601715911,0.007029844302091706,0.023993804123107143,collapsed
lh_basal_release,62,1,IGF1,17918.155547028913,0.35836311094057827,1.6482660316350985e-07,1.6545795070457987e-07,-0.0038303740352139126,0.0012660112016096101,0.0012691576559192511,-0.002485328965210254,informative
lh_basal_release,62,2,IGF1|P4,17539.212120166892,0.35078424240333783,1.6482660316350985e-07,1.653779583744196e-07,-0.003345062024743717,0.0012660112016096101,0.001268969175031956,-0.0023364512245902525,informative
lh_basal_release,62,3,IGF1|P4|Glucagon,17060.39333579633,0.34120786671592657,1.6482660316350985e-07,1.653587642902565e-07,-0.0032286118656388307,0.0012660112016096101,0.001268648878821584,-0.002083454876718571,informative
lh_basal_release,62,4,IGF1|P4|Glucagon|Insulin,9437.902577233459,0.18875805154466918,1.6482660316350985e-07,1.6570177448485048e-07,-0.005309648470231743,0.0012660112016096101,0.001270958612442613,-0.003907872874041596,informative
lh_basal_release,62,5,IGF1|P4|Glucagon|Insulin|E2,183.31950734653068,0.0036663901469306138,1.6482660316350985e-07,1.4935783686228795e-07,0.0938487234726102,0.0012660112016096101,0.0012461041938555666,0.015724195590634316,collapsed
lh_basal_release,62,6,IGF1|P4|Glucagon|Insulin|E2|INH,116.98875774644976,0.002339775154928995,1.6482660316350985e-07,1.4329409534486453e-07,0.13063733284174295,0.0012660112016096101,0.0012203336576063466,0.036079889297337076,collapsed
lh_basal_release,62,7,IGF1|P4|Glucagon|Insulin|E2|INH|PGF,116.60392405464341,0.0023320784810928682,1.6482660316350985e-07,1.4342499572689563e-07,0.12984316260757733,0.0012660112016096101,0.0012203422649856611,0.03607309047967777,collapsed
lh_basal_release,62,8,IGF1|P4|Glucagon|Insulin|E2|INH|PGF|Glucose,116.20026153501883,0.0023240052307003764,1.6482660316350985e-07,1.4325150758567643e-07,0.13089571200123973,0.0012660112016096101,0.0012203388964087177,0.03607575125940787,collapsed
lh_basal_release,62,9,IGF1|P4|Glucagon|Insulin|E2|INH|PGF|Glucose|FSH,98.88714356378982,0.0019777428712757965,1.6482660316350985e-07,1.3318250062656874e-07,0.19198419387160337,0.0012660112016096101,0.00120208777330383,0.05049199266523685,collapsed
