biomarker,parameter,spearman_rho,abs_spearman_rho,p_value,samples
FSH,gnrh_hypo_max,0.03916894907415381,0.03916894907415381,9.914675831616128e-06,12721
FSH,gnrh_syn,-0.01980375692304799,0.01980375692304799,0.02550848198354957,12721
FSH,gnrh_release_scale,0.031845252703842426,0.031845252703842426,0.00032777008927433544,12721
FSH,hm_e2_1_threshold,-0.006257745374710096,0.006257745374710096,0.48035453697652764,12721
FSH,hm_p4_1_threshold,0.0279736261767675,0.0279736261767675,0.0016028904649287542,12721
FSH,hm_p4_2_scale,-0.062426743141513544,0.062426743141513544,1.8264235319435615e-12,12721
FSH,hm_p4_2_threshold,-0.019778123430423657,0.019778123430423657,0.025699529617741284,12721
FSH,hp_e2_1_scale,0.02389676062119346,0.02389676062119346,0.007030971302985309,12721
FSH,hp_e2_1_threshold,-0.0018611473151517127,0.0018611473151517127,0.833750763783202,12721
FSH,gnrh_clearance,0.047201365910332145,0.047201365910332145,1.0030786673187354e-07,12721
FSH,fsh_syn_scale,0.1596504523352651,0.1596504523352651,2.1708307972327108e-73,12721
FSH,hm_ih_2_threshold,0.17843103000387456,0.17843103000387456,1.7169802598135114e-91,12721
FSH,hp_p4_fsh_scale,-0.018045919217178095,0.018045919217178095,0.04181886476889464,12721
FSH,hp_p4_fsh_threshold,-0.009057189350633824,0.009057189350633824,0.3070377349530583,12721
FSH,hm_e2_fsh_scale,-0.02434065693690885,0.02434065693690885,0.006042675641244932,12721
FSH,hm_e2_fsh_threshold,0.06593123492534071,0.06593123492534071,9.799119673868471e-14,12721
FSH,hp_gnrh_fsh_scale,0.013408430985100327,0.013408430985100327,0.13047750418188747,12721
FSH,hp_gnrh_fsh_threshold,-0.057213049094669025,0.057213049094669025,1.0639959224839946e-10,12721
FSH,fsh_clearance,-0.3039215154574252,0.3039215154574252,4.932895198358298e-270,12721
FSH,fsh_basal_release,-0.1223985910127108,0.1223985910127108,1.1736290788148683e-43,12721
FSH,hp_e2_lh_scale,-0.03786835680566445,0.03786835680566445,1.9356562403058412e-05,12721
FSH,hp_e2_lh_threshold,0.0587351271804245,0.0587351271804245,3.3647120706128875e-11,12721
FSH,hm_p4_lh_scale,-0.010481670021392081,0.010481670021392081,0.23715939130030556,12721
FSH,hm_p4_lh_threshold,-0.01874821987532576,0.01874821987532576,0.0344690684419434,12721
FSH,hp_gnrh_lh_scale,-0.08024292874959596,0.08024292874959596,1.2561270636690417e-19,12721
FSH,hp_gnrh_lh_threshold,-0.022917940332745808,0.022917940332745808,0.009739576985403894,12721
FSH,lh_basal_release,-0.0251135580837542,0.0251135580837542,0.00461622312988693,12721
FSH,lh_clearance,-0.0030321507047350944,0.0030321507047350944,0.7323843013782144,12721
FSH,hp_fsh_follicle_scale,-0.534199217538241,0.534199217538241,0.0,12721
FSH,hp_fsh_follicle_threshold,0.5364626980574076,0.5364626980574076,0.0,12721
FSH,hm_follicle_threshold,0.150760337308578,0.150760337308578,1.4836593236646717e-65,12721
FSH,hp_p4_follicle_scale,-0.06868643743584266,0.06868643743584266,8.809047400422052e-15,12721
FSH,hp_p4_follicle_threshold,-0.10078336215988534,0.10078336215988534,4.428331007026587e-30,12721
FSH,hp_lh_follicle_scale,0.0074044057674320166,0.0074044057674320166,0.4036877922374633,12721
FSH,hp_lh_follicle_threshold,-0.02213513930238671,0.02213513930238671,0.01253812664428751,12721
FSH,hp_enz_pg_scale,-0.027971492028488913,0.027971492028488913,0.0016042141737391599,12721
FSH,hp_enz_pg_threshold,0.0007863154737036035,0.0007863154737036035,0.9293379879952507,12721
FSH,hp_oxt_pg_threshold,0.016237984838567296,0.016237984838567296,0.067043691522352,12721
FSH,pg_clearance,-0.029271057132627964,0.029271057132627964,0.0009607005544317968,12721
FSH,cl_formation_scale,0.007768934601688908,0.007768934601688908,0.38094026858742436,12721
FSH,hp_cl_self_scale,-0.009421154730104544,0.009421154730104544,0.2880056693906225,12721
FSH,hp_cl_self_threshold,0.0502358988231472,0.0502358988231472,1.4363381418708246e-08,12721
FSH,hp_iof_scale,0.011259524618018706,0.011259524618018706,0.20413874948158628,12721
FSH,hp_iof_threshold,-0.01667008816710634,0.01667008816710634,0.06009145973243543,12721
FSH,cl_to_p4_scale,0.05358858249237195,0.05358858249237195,1.4677407105049104e-09,12721
FSH,p4_clearance,-0.2504078567919356,0.2504078567919356,3.9860930571269363e-181,12721
FSH,p4_baseline,0.04264466881526723,0.04264466881526723,1.4980337314541877e-06,12721
FSH,follicle_to_e2_scale,-0.07885202942303518,0.07885202942303518,5.26632946828261e-19,12721
FSH,e2_clearance,0.075132953142257,0.075132953142257,2.1532386036287662e-17,12721
FSH,follicle_to_inhibin_scale,-0.04287724303775201,0.04287724303775201,1.313087686385705e-06,12721
FSH,inhibin_clearance,-0.2451212321275133,0.2451212321275133,2.0812696489642947e-173,12721
FSH,hp_p4_enz_scale,-0.00312726246334092,0.00312726246334092,0.7243268270844572,12721
FSH,hp_p4_enz_threshold,0.04219263794732949,0.04219263794732949,1.9316128352350296e-06,12721
FSH,enz_clearance,-0.007117046588555782,0.007117046588555782,0.4221802168038552,12721
FSH,hp_e2_oxt_scale,-0.015102661631826076,0.015102661631826076,0.08850822842483687,12721
FSH,hp_e2_oxt_threshold,0.01915555888848446,0.01915555888848446,0.03073461830167376,12721
FSH,oxt_clearance,0.0771279668962131,0.0771279668962131,3.007102093198006e-18,12721
FSH,lactation_oxt_scale,0.031193104130847502,0.031193104130847502,0.000433666957963895,12721
FSH,fat_mobilization_storage_threshold,-0.03666207566428741,0.03666207566428741,3.534050938464737e-05,12721
FSH,lactation_oxt_decay,0.05518360603366602,0.05518360603366602,4.719744630791311e-10,12721
FSH,hp_pg_iof_scale,0.10141678254008646,0.10141678254008646,1.932721140953126e-30,12721
FSH,hp_pg_iof_threshold,0.059398005044871215,0.059398005044871215,2.0194682571302363e-11,12721
FSH,hp_cl_iof_threshold,-0.01928952486920765,0.01928952486920765,0.02958487110828428,12721
FSH,iof_clearance,-0.024480426325546725,0.024480426325546725,0.005758475268005608,12721
FSH,hm_p4_igf_scale,-0.07696294122554308,0.07696294122554308,3.5457389246527316e-18,12721
FSH,hm_p4_igf_threshold,0.05417695213890729,0.05417695213890729,9.694024958129674e-10,12721
FSH,igf_clearance,0.0011848760302353707,0.0011848760302353707,0.8936983125078632,12721
FSH,igf_basal_release,0.07341413602306127,0.07341413602306127,1.1271168305960454e-16,12721
FSH,igf_lh_sensitivity_scale,-0.05300063973912948,0.05300063973912948,2.211986200694658e-09,12721
FSH,igf_lh_sensitivity_threshold,0.021789150013807105,0.021789150013807105,0.01398719590690008,12721
FSH,insulin_fsh_scale,0.21838365518492428,0.21838365518492428,3.5202114587012856e-137,12721
FSH,insulin_fsh_threshold,-0.10015278785666853,0.10015278785666853,1.0056336621071712e-29,12721
FSH,insulin_lh_scale,0.012957328438681633,0.012957328438681633,0.14392181377571164,12721
FSH,insulin_lh_threshold,0.11062820899105942,0.11062820899105942,6.206413802687783e-36,12721
FSH,insulin_igf_scale,0.01773380018497885,0.01773380018497885,0.04548837394235847,12721
FSH,insulin_igf_threshold,-0.012248068855289982,0.012248068855289982,0.16717320599709415,12721
FSH,feed_direct_blood_fraction,0.02747226980018874,0.02747226980018874,0.0019430186883235981,12721
FSH,fat_to_liver_max,-0.038544420998540524,0.038544420998540524,1.3706302809190124e-05,12721
FSH,storage_to_liver_threshold,0.03260126991949252,0.03260126991949252,0.0002354120422430347,12721
FSH,storage_to_liver_max,-0.032896276667831015,0.032896276667831015,0.00020650283741852285,12721
FSH,milk_storage_threshold,0.017714295494321946,0.017714295494321946,0.04572642514442884,12721
FSH,liver_to_storage_max,-0.018340495063165905,0.018340495063165905,0.038588555284293224,12721
FSH,blood_to_liver_glucose_threshold,-0.003147189210197635,0.003147189210197635,0.7226425428573997,12721
FSH,glucagon_secretion_max,-0.0013643666154588732,0.0013643666154588732,0.8777135575339108,12721
FSH,glucagon_clearance,-0.013809317029458744,0.013809317029458744,0.11936645593804127,12721
FSH,glucagon_glucose_threshold,0.0041953368170208755,0.0041953368170208755,0.6361156120793316,12721
FSH,hepatic_glucose_release,0.0029465085779041525,0.0029465085779041525,0.7396649014161375,12721
FSH,blood_to_liver_max,0.02928886750898414,0.02928886750898414,0.0009538398170688932,12721
FSH,milk_fat_threshold,0.04291320572098216,0.04291320572098216,1.2865265537185422e-06,12721
FSH,storage_fat_threshold,-0.00621763118364123,0.00621763118364123,0.4831729766430626,12721
FSH,insulin_glucose_threshold,-0.16856612764619006,0.16856612764619006,1.0168104667544605e-81,12721
FSH,blood_usage_glucose_threshold,0.21895195691594357,0.21895195691594357,6.67629215441316e-138,12721
FSH,blood_usage_max,-0.04704884179793187,0.04704884179793187,1.1026736841925271e-07,12721
FSH,liver_usage_rate,0.0304113113626165,0.0304113113626165,0.0006025379501110361,12721
FSH,milk_glucose_requirement,0.010515302968226158,0.010515302968226158,0.23565783058924492,12721
FSH,insulin_secretion_max,-0.05049126264126089,0.05049126264126089,1.2132532496548139e-08,12721
FSH,insulin_clearance,0.004053966932988849,0.004053966932988849,0.6475320559195112,12721
FSH,fat_glucose_transfer_threshold,-0.018306924307191504,0.018306924307191504,0.03894564766296822,12721
PGF,gnrh_hypo_max,-0.006267315337743177,0.006267315337743177,0.4796834735247465,12721
PGF,gnrh_syn,0.006217961664998005,0.006217961664998005,0.4831497202655065,12721
PGF,gnrh_release_scale,-0.021074627956187846,0.021074627956187846,0.017454887573087333,12721
PGF,hm_e2_1_threshold,0.0027404756488195255,0.0027404756488195255,0.7572748520948677,12721
PGF,hm_p4_1_threshold,0.011216991798874854,0.011216991798874854,0.20585307033671013,12721
PGF,hm_p4_2_scale,0.03427954093974595,0.03427954093974595,0.00011015661557074492,12721
PGF,hm_p4_2_threshold,0.026525297336850596,0.026525297336850596,0.002771998396301677,12721
PGF,hp_e2_1_scale,-0.07916740150634113,0.07916740150634113,3.8133985987231644e-19,12721
PGF,hp_e2_1_threshold,0.07796993127294523,0.07796993127294523,1.29032543420428e-18,12721
PGF,gnrh_clearance,0.02043869007538812,0.02043869007538812,0.021153069669501742,12721
PGF,fsh_syn_scale,0.02308536241776677,0.02308536241776677,0.009218864231515123,12721
PGF,hm_ih_2_threshold,0.022064478874443925,0.022064478874443925,0.012822775021358382,12721
PGF,hp_p4_fsh_scale,0.01002087845393015,0.01002087845393015,0.2584146075883255,12721
PGF,hp_p4_fsh_threshold,-0.019583623820293813,0.019583623820293813,0.02718987912235995,12721
PGF,hm_e2_fsh_scale,-0.009051500835807814,0.009051500835807814,0.3073416553131731,12721
PGF,hm_e2_fsh_threshold,-0.021166271904282736,0.021166271904282736,0.016971626851948623,12721
PGF,hp_gnrh_fsh_scale,0.012454426186997231,0.012454426186997231,0.16013462865374306,12721
PGF,hp_gnrh_fsh_threshold,0.005634950999791872,0.005634950999791872,0.5251061983124241,12721
PGF,fsh_clearance,-0.13962118483965327,0.13962118483965327,2.1416161152362043e-56,12721
PGF,fsh_basal_release,-0.0974016757608774,0.0974016757608774,3.3901351557949703e-28,12721
PGF,hp_e2_lh_scale,-0.006734204301258199,0.006734204301258199,0.4475729847238671,12721
PGF,hp_e2_lh_threshold,-0.02406069386124511,0.02406069386124511,0.006650235151796745,12721
PGF,hm_p4_lh_scale,-0.016253680680754504,0.016253680680754504,0.06678004496512467,12721
PGF,hm_p4_lh_threshold,-0.010316935255355302,0.010316935255355302,0.24461168304281616,12721
PGF,hp_gnrh_lh_scale,-0.029738217806049794,0.029738217806049794,0.0007950601508270153,12721
PGF,hp_gnrh_lh_threshold,0.07624071606037937,0.07624071606037937,7.262717899490075e-18,12721
PGF,lh_basal_release,-0.018461293777835817,0.018461293777835817,0.037326548144583645,12721
PGF,lh_clearance,-0.009837013469313875,0.009837013469313875,0.267253742518263,12721
PGF,hp_fsh_follicle_scale,0.1349582507629353,0.1349582507629353,8.902397682919867e-53,12721
PGF,hp_fsh_follicle_threshold,-0.04189021806236447,0.04189021806236447,2.286484084921479e-06,12721
PGF,hm_follicle_threshold,-0.16259427063140186,0.16259427063140186,4.353971719850625e-76,12721
PGF,hp_p4_follicle_scale,-0.12970112754120153,0.12970112754120153,7.548919571316816e-49,12721
PGF,hp_p4_follicle_threshold,0.04101419770582214,0.04101419770582214,3.703250377959381e-06,12721
PGF,hp_lh_follicle_scale,-0.0148716899721717,0.0148716899721717,0.09349021957711356,12721
PGF,hp_lh_follicle_threshold,0.017202242361340672,0.017202242361340672,0.052361552909693604,12721
PGF,hp_enz_pg_scale,0.0038948486961472256,0.0038948486961472256,0.6604815603489704,12721
PGF,hp_enz_pg_threshold,0.022636936463319393,0.022636936463319393,0.01067266330497449,12721
PGF,hp_oxt_pg_threshold,-0.10854330149818016,0.10854330149818016,1.1978298452057235e-34,12721
PGF,pg_clearance,-0.2024422889343,0.2024422889343,9.275654781900342e-118,12721
PGF,cl_formation_scale,0.05548182155573986,0.05548182155573986,3.8041410984048695e-10,12721
PGF,hp_cl_self_scale,0.09360476438433778,0.09360476438433778,3.7039633041440434e-26,12721
PGF,hp_cl_self_threshold,-0.007883579229257174,0.007883579229257174,0.3739520652721644,12721
PGF,hp_iof_scale,0.0012441520846523141,0.0012441520846523141,0.8884143074797465,12721
PGF,hp_iof_threshold,0.04645173744353249,0.04645173744353249,1.5928889270370822e-07,12721
PGF,cl_to_p4_scale,0.0089708169113187,0.0089708169113187,0.311673796265838,12721
PGF,p4_clearance,0.07122657687500057,0.07122657687500057,8.774566542612901e-16,12721
PGF,p4_baseline,-0.06713351987615067,0.06713351987615067,3.4655973011485196e-14,12721
PGF,follicle_to_e2_scale,0.039110979528717026,0.039110979528717026,1.0219285814362037e-05,12721
PGF,e2_clearance,-0.047901174767682186,0.047901174767682186,6.472843771483031e-08,12721
PGF,follicle_to_inhibin_scale,-0.0006301115105400029,0.0006301115105400029,0.9433486746962577,12721
PGF,inhibin_clearance,-0.08278135652238056,0.08278135652238056,8.614328907627637e-21,12721
PGF,hp_p4_enz_scale,0.013482924904391177,0.013482924904391177,0.1283542544298053,12721
PGF,hp_p4_enz_threshold,-0.001889508738331674,0.001889508738331674,0.8312551683927034,12721
PGF,enz_clearance,-0.004587435047623425,0.004587435047623425,0.6049071114368926,12721
PGF,hp_e2_oxt_scale,0.10194212587699304,0.10194212587699304,9.67862133198012e-31,12721
PGF,hp_e2_oxt_threshold,-0.075667774146424,0.075667774146424,1.2766361222834733e-17,12721
PGF,oxt_clearance,-0.16008293512619412,0.16008293512619412,8.780693318249535e-74,12721
PGF,lactation_oxt_scale,0.011355437632583348,0.011355437632583348,0.2003110640199414,12721
PGF,fat_mobilization_storage_threshold,-0.006017701625026517,0.006017701625026517,0.4973530422350415,12721
PGF,lactation_oxt_decay,0.019039917946468178,0.019039917946468178,0.031757739109941084,12721
PGF,hp_pg_iof_scale,-0.04228696054701602,0.04228696054701602,1.8322059639087246e-06,12721
PGF,hp_pg_iof_threshold,0.16405051232542625,0.16405051232542625,1.928722570693564e-77,12721
PGF,hp_cl_iof_threshold,0.009686662732773457,0.009686662732773457,0.27463453254053544,12721
PGF,iof_clearance,0.08180130252407707,0.08180130252407707,2.4479979910908316e-20,12721
PGF,hm_p4_igf_scale,-0.01678727847210277,0.01678727847210277,0.0583125339539896,12721
PGF,hm_p4_igf_threshold,0.008493814887601096,0.008493814887601096,0.3381038438799675,12721
PGF,igf_clearance,0.021746359866149145,0.021746359866149145,0.01417630669011335,12721
PGF,igf_basal_release,0.013636636966490444,0.013636636966490444,0.12405806822559962,12721
PGF,igf_lh_sensitivity_scale,-0.009157455460990246,0.009157455460990246,0.3017134901223929,12721
PGF,igf_lh_sensitivity_threshold,0.049839893282236265,0.049839893282236265,1.863098775772193e-08,12721
PGF,insulin_fsh_scale,-0.009126701168001728,0.009126701168001728,0.3033400041547987,12721
PGF,insulin_fsh_threshold,-0.037825722548593246,0.037825722548593246,1.9778817859745808e-05,12721
PGF,insulin_lh_scale,0.02218905371702383,0.02218905371702383,0.012324715107417315,12721
PGF,insulin_lh_threshold,0.02237723241514993,0.02237723241514993,0.011604836207523528,12721
PGF,insulin_igf_scale,0.004789457287550084,0.004789457287550084,0.5891001419230073,12721
PGF,insulin_igf_threshold,0.011606976631305716,0.011606976631305716,0.19052205926190435,12721
PGF,feed_direct_blood_fraction,-0.0005494911362315007,0.0005494911362315007,0.9505870435852946,12721
PGF,fat_to_liver_max,0.020100550999606285,0.020100550999606285,0.02338440202794729,12721
PGF,storage_to_liver_threshold,0.011293666313702511,0.011293666313702511,0.2027701730385382,12721
PGF,storage_to_liver_max,0.021194541978128,0.021194541978128,0.01682494052502795,12721
PGF,milk_storage_threshold,-0.010742760645100923,0.010742760645100923,0.22567930359759839,12721
PGF,liver_to_storage_max,-0.006484608494397126,0.006484608494397126,0.4645849271681708,12721
PGF,blood_to_liver_glucose_threshold,0.01926085360419021,0.01926085360419021,0.02982777870042771,12721
PGF,glucagon_secretion_max,-0.024647507534409818,0.024647507534409818,0.005434589677153051,12721
PGF,glucagon_clearance,0.0201342527565905,0.0201342527565905,0.023153198345177175,12721
PGF,glucagon_glucose_threshold,0.0010967207195020851,0.0010967207195020851,0.9015653442875239,12721
PGF,hepatic_glucose_release,0.06903687288503206,0.06903687288503206,6.4395254304258444e-15,12721
PGF,blood_to_liver_max,-0.009497305401456409,0.009497305401456409,0.28412654689066597,12721
PGF,milk_fat_threshold,0.02046283437945685,0.02046283437945685,0.021001086492533454,12721
PGF,storage_fat_threshold,0.008199572111321477,0.008199572111321477,0.355104719863804,12721
PGF,insulin_glucose_threshold,-0.06884340405880784,0.06884340405880784,7.657062055823005e-15,12721
PGF,blood_usage_glucose_threshold,0.00676214109723081,0.00676214109723081,0.44569115341362353,12721
PGF,blood_usage_max,-0.0152012861552614,0.0152012861552614,0.08644716323561312,12721
PGF,liver_usage_rate,-0.03294704642238617,0.03294704642238617,0.00020187714488237104,12721
PGF,milk_glucose_requirement,0.022293716654620474,0.022293716654620474,0.01191959042610344,12721
PGF,insulin_secretion_max,0.027944475372416653,0.027944475372416653,0.0016210585095485547,12721
PGF,insulin_clearance,-0.015943642232472244,0.015943642232472244,0.07214853557870703,12721
PGF,fat_glucose_transfer_threshold,-0.007792648710201536,0.007792648710201536,0.37948822765504264,12721
P4,gnrh_hypo_max,-0.022112346099669944,0.022112346099669944,0.01262932944868581,12721
P4,gnrh_syn,0.01741568011318515,0.01741568011318515,0.0495039589441573,12721
P4,gnrh_release_scale,0.02907523526594038,0.02907523526594038,0.0010392063191443936,12721
P4,hm_e2_1_threshold,-0.0323866299158406,0.0323866299158406,0.00025878708972860455,12721
P4,hm_p4_1_threshold,0.021165605951208755,0.021165605951208755,0.016975095802185494,12721
P4,hm_p4_2_scale,0.02402592061571331,0.02402592061571331,0.006729411607262712,12721
P4,hm_p4_2_threshold,0.0480093787162199,0.0480093787162199,6.045667081580478e-08,12721
P4,hp_e2_1_scale,-0.03590710490257903,0.03590710490257903,5.1047708021181744e-05,12721
P4,hp_e2_1_threshold,0.06050561756052269,0.06050561756052269,8.499815114556058e-12,12721
P4,gnrh_clearance,0.0031753944801481667,0.0031753944801481667,0.7202608235803962,12721
P4,fsh_syn_scale,-0.05608760836639648,0.05608760836639648,2.4462534490141233e-10,12721
P4,hm_ih_2_threshold,0.021716749221520205,0.021716749221520205,0.01430848791489204,12721
P4,hp_p4_fsh_scale,0.02512785394211767,0.02512785394211767,0.004592985137456888,12721
P4,hp_p4_fsh_threshold,-0.0030042288157355245,0.0030042288157355245,0.7347553861598564,12721
P4,hm_e2_fsh_scale,0.02969370865577716,0.02969370865577716,0.0008096166857730398,12721
P4,hm_e2_fsh_threshold,-0.05957538532677888,0.05957538532677888,1.759954008517824e-11,12721
P4,hp_gnrh_fsh_scale,-0.01962546070229621,0.01962546070229621,0.026863155836036032,12721
P4,hp_gnrh_fsh_threshold,-0.04067075995999939,0.04067075995999939,4.462341368828293e-06,12721
P4,fsh_clearance,-0.003401772334432553,0.003401772334432553,0.7012449178996485,12721
P4,fsh_basal_release,-0.08458117514687956,0.08458117514687956,1.2253704210785978e-21,12721
P4,hp_e2_lh_scale,0.019817205283992504,0.019817205283992504,0.025408742983489725,12721
P4,hp_e2_lh_threshold,-0.028923038117027,0.028923038117027,0.001104277466627716,12721
P4,hm_p4_lh_scale,0.021762052007913944,0.021762052007913944,0.01410669502149591,12721
P4,hm_p4_lh_threshold,-0.02748182957028089,0.02748182957028089,0.0019359563709346781,12721
P4,hp_gnrh_lh_scale,-0.09385401086337188,0.09385401086337188,2.737427284887769e-26,12721
P4,hp_gnrh_lh_threshold,0.04459241601555167,0.04459241601555167,4.867291583742715e-07,12721
P4,lh_basal_release,0.0029859434145941915,0.0029859434145941915,0.7363095275219216,12721
P4,lh_clearance,-0.02423158725636364,0.02423158725636364,0.006273162381047741,12721
P4,hp_fsh_follicle_scale,-0.04165791426574546,0.04165791426574546,2.600764990100427e-06,12721
P4,hp_fsh_follicle_threshold,0.016670601888256604,0.016670601888256604,0.060083564452206334,12721
P4,hm_follicle_threshold,-0.04173648683573613,0.04173648683573613,2.4900905450951442e-06,12721
P4,hp_p4_follicle_scale,-0.044677036295027506,0.044677036295027506,4.6303510640820977e-07,12721
P4,hp_p4_follicle_threshold,0.11017935746360147,0.11017935746360147,1.1794864515798438e-35,12721
P4,hp_lh_follicle_scale,0.060228253934015014,0.060228253934015014,1.0571904382886009e-11,12721
P4,hp_lh_follicle_threshold,-0.0037811377914337657,0.0037811377914337657,0.669798655868922,12721
P4,hp_enz_pg_scale,-0.0436505047031924,0.0436505047031924,8.432112401293331e-07,12721
P4,hp_enz_pg_threshold,-0.01109519481919342,0.01109519481919342,0.21081999991959435,12721
P4,hp_oxt_pg_threshold,0.13787525925790375,0.13787525925790375,5.0180533246311054e-55,12721
P4,pg_clearance,0.012477981334350062,0.012477981334350062,0.15934565540727624,12721
P4,cl_formation_scale,0.30436688239300935,0.30436688239300935,7.378504840700647e-271,12721
P4,hp_cl_self_scale,0.20258100647163305,0.20258100647163305,6.3861387219309865e-118,12721
P4,hp_cl_self_threshold,0.0169441404393417,0.0169441404393417,0.05600006938528555,12721
P4,hp_iof_scale,0.054997848232387854,0.054997848232387854,5.395296092215973e-10,12721
P4,hp_iof_threshold,0.04622650473755304,0.04622650473755304,1.8278505557931203e-07,12721
P4,cl_to_p4_scale,0.5110588849458592,0.5110588849458592,0.0,12721
P4,p4_clearance,-0.4067531340995795,0.4067531340995795,0.0,12721
P4,p4_baseline,-0.14891752564295252,0.14891752564295252,5.4566709330033004e-64,12721
P4,follicle_to_e2_scale,-0.17044864406782992,0.17044864406782992,1.540468938968536e-83,12721
P4,e2_clearance,0.12512722293555872,0.12512722293555872,1.4642900788769347e-45,12721
P4,follicle_to_inhibin_scale,0.006763500515713731,0.006763500515713731,0.4455996977105544,12721
P4,inhibin_clearance,-0.18077646682265341,0.18077646682265341,6.678252425908334e-94,12721
P4,hp_p4_enz_scale,-0.00596022630104413,0.00596022630104413,0.5014701288626076,12721
P4,hp_p4_enz_threshold,0.08768135005916679,0.08768135005916679,3.8632051697356176e-23,12721
P4,enz_clearance,0.022728965375608572,0.022728965375608572,0.010358677048981966,12721
P4,hp_e2_oxt_scale,-0.13657370296921864,0.13657370296921864,5.130203100417457e-54,12721
P4,hp_e2_oxt_threshold,0.057288264364266116,0.057288264364266116,1.0058416553030408e-10,12721
P4,oxt_clearance,0.13935608475479327,0.13935608475479327,3.4663698986896016e-56,12721
P4,lactation_oxt_scale,0.03348037393468717,0.03348037393468717,0.00015882280886045158,12721
P4,fat_mobilization_storage_threshold,0.015527885840081695,0.015527885840081695,0.07989708674823193,12721
P4,lactation_oxt_decay,0.02752316269935362,0.02752316269935362,0.00190569176809062,12721
P4,hp_pg_iof_scale,0.04019619203261464,0.04019619203261464,5.7600311478374e-06,12721
P4,hp_pg_iof_threshold,0.006169080862472234,0.006169080862472234,0.48659611623782617,12721
P4,hp_cl_iof_threshold,0.020832255549446857,0.020832255549446857,0.01879156420625595,12721
P4,iof_clearance,0.16802946294080473,0.16802946294080473,3.327103823880678e-81,12721
P4,hm_p4_igf_scale,0.10238521277261546,0.10238521277261546,5.386074300625671e-31,12721
P4,hm_p4_igf_threshold,0.040785899878937874,0.040785899878937874,4.192605689897527e-06,12721
P4,igf_clearance,-0.051429560949888944,0.051429560949888944,6.479850836517319e-09,12721
P4,igf_basal_release,0.016378414176188565,0.016378414176188565,0.06471507508514358,12721
P4,igf_lh_sensitivity_scale,-0.10688547269026417,0.10688547269026417,1.2105031854021536e-33,12721
P4,igf_lh_sensitivity_threshold,-0.06277622304529179,0.06277622304529179,1.3738553001862528e-12,12721
P4,insulin_fsh_scale,0.007926040688543474,0.007926040688543474,0.3713840670996369,12721
P4,insulin_fsh_threshold,0.03473576511075935,0.03473576511075935,8.908160857729549e-05,12721
P4,insulin_lh_scale,0.06389741931142999,0.06389741931142999,5.453650626625579e-13,12721
P4,insulin_lh_threshold,-0.08778538040849874,0.08778538040849874,3.4327050716654123e-23,12721
P4,insulin_igf_scale,0.06735967126675423,0.06735967126675423,2.844313671647977e-14,12721
P4,insulin_igf_threshold,-0.05404885821882829,0.05404885821882829,1.061411985663743e-09,12721
P4,feed_direct_blood_fraction,-0.020567456064295685,0.020567456064295685,0.020353457184934642,12721
P4,fat_to_liver_max,-0.04367934293065121,0.04367934293065121,8.292786344714798e-07,12721
P4,storage_to_liver_threshold,0.0011759326608502703,0.0011759326608502703,0.89449596084135,12721
P4,storage_to_liver_max,-0.00316551779954796,0.00316551779954796,0.7210945263083508,12721
P4,milk_storage_threshold,-0.03484801632928047,0.03484801632928047,8.451404851556843e-05,12721
P4,liver_to_storage_max,0.04131622653804331,0.04131622653804331,3.13939588410147e-06,12721
P4,blood_to_liver_glucose_threshold,0.006132851735898322,0.006132851735898322,0.48915903912584546,12721
P4,glucagon_secretion_max,-0.0008510509258878412,0.0008510509258878412,0.9235377155941384,12721
P4,glucagon_clearance,-0.038767119584733785,0.038767119584733785,1.2218208735328805e-05,12721
P4,glucagon_glucose_threshold,0.03444965360390384,0.03444965360390384,0.00010180095551791114,12721
P4,hepatic_glucose_release,0.022637065855615986,0.022637065855615986,0.010672215965223393,12721
P4,blood_to_liver_max,-0.016781360553777755,0.016781360553777755,0.058401306106629365,12721
P4,milk_fat_threshold,-0.029075929440133683,0.029075929440133683,0.0010389178305573493,12721
P4,storage_fat_threshold,0.004695994730987161,0.004695994730987161,0.5963893229501129,12721
P4,insulin_glucose_threshold,-0.10151661233939616,0.10151661233939616,1.695170762093225e-30,12721
P4,blood_usage_glucose_threshold,0.12529829821819186,0.12529829821819186,1.1087428197091438e-45,12721
P4,blood_usage_max,-0.008371325618822424,0.008371325618822424,0.34511655696615695,12721
P4,liver_usage_rate,0.02035730350525042,0.02035730350525042,0.021672460268248588,12721
P4,milk_glucose_requirement,0.0012415738878559979,0.0012415738878559979,0.8886440325620031,12721
P4,insulin_secretion_max,0.01484066437937155,0.01484066437937155,0.09417624485131022,12721
P4,insulin_clearance,0.014331371288248098,0.014331371288248098,0.10602462221232917,12721
P4,fat_glucose_transfer_threshold,-0.03632359104327892,0.03632359104327892,4.1710733308321826e-05,12721
E2,gnrh_hypo_max,-0.010170442404958097,0.010170442404958097,0.25137550248036095,12721
E2,gnrh_syn,-0.03436974538006619,0.03436974538006619,0.00010564852875479197,12721
E2,gnrh_release_scale,-0.04832186266860537,0.04832186266860537,4.9597487920847253e-08,12721
E2,hm_e2_1_threshold,-0.019466328607428886,0.019466328607428886,0.028124235306916722,12721
E2,hm_p4_1_threshold,-0.08531597468466023,0.08531597468466023,5.461176328658009e-22,12721
E2,hm_p4_2_scale,-0.02125179758129583,0.02125179758129583,0.016531260920843772,12721
E2,hm_p4_2_threshold,-0.005135696729777132,0.005135696729777132,0.5624617637858246,12721
E2,hp_e2_1_scale,-0.2377668824265444,0.2377668824265444,5.588055407650374e-163,12721
E2,hp_e2_1_threshold,0.24155003361622118,0.24155003361622118,2.672982981129177e-168,12721
E2,gnrh_clearance,-0.007313374984891949,0.007313374984891949,0.40949275556349796,12721
E2,fsh_syn_scale,0.0535161657434465,0.0535161657434465,1.5441570795938245e-09,12721
E2,hm_ih_2_threshold,0.07363896128073241,0.07363896128073241,9.09638863305813e-17,12721
E2,hp_p4_fsh_scale,0.0314222252628668,0.0314222252628668,0.00039327143803453144,12721
E2,hp_p4_fsh_threshold,-0.004397262935905223,0.004397262935905223,0.6199582198492661,12721
E2,hm_e2_fsh_scale,-0.06971832297455945,0.06971832297455945,3.4858108505715317e-15,12721
E2,hm_e2_fsh_threshold,-0.010601482476618431,0.010601482476618431,0.2318410359113443,12721
E2,hp_gnrh_fsh_scale,-0.0818497149604516,0.0818497149604516,2.3255759337600395e-20,12721
E2,hp_gnrh_fsh_threshold,0.0798199157722361,0.0798199157722361,1.9475366898126106e-19,12721
E2,fsh_clearance,-0.0686790204053428,0.0686790204053428,8.867509787108621e-15,12721
E2,fsh_basal_release,0.003894802573867756,0.003894802573867756,0.6604853289312701,12721
E2,hp_e2_lh_scale,-0.008908437916237128,0.008908437916237128,0.3150505550105178,12721
E2,hp_e2_lh_threshold,0.06802766580654904,0.06802766580654904,1.580874899707449e-14,12721
E2,hm_p4_lh_scale,-0.049737009846684485,0.049737009846684485,1.9927333156740453e-08,12721
E2,hm_p4_lh_threshold,-0.08021780578430253,0.08021780578430253,1.2893548324035978e-19,12721
E2,hp_gnrh_lh_scale,-0.0832165184264246,0.0832165184264246,5.396368590732927e-21,12721
E2,hp_gnrh_lh_threshold,0.19768311684039688,0.19768311684039688,2.8598122636464064e-112,12721
E2,lh_basal_release,0.03735067868306715,0.03735067868306715,2.5117352977347618e-05,12721
E2,lh_clearance,0.1057992877862908,0.1057992877862908,5.403555579779154e-33,12721
E2,hp_fsh_follicle_scale,0.32766796569963824,0.32766796569963824,0.0,12721
E2,hp_fsh_follicle_threshold,-0.061791420446460424,0.061791420446460424,3.0527276466326434e-12,12721
E2,hm_follicle_threshold,-0.1663078613841823,0.1663078613841823,1.451956471617776e-79,12721
E2,hp_p4_follicle_scale,0.3789955739523489,0.3789955739523489,0.0,12721
E2,hp_p4_follicle_threshold,0.2041909582645379,0.2041909582645379,8.223281336853166e-120,12721
E2,hp_lh_follicle_scale,-0.1703203642712996,0.1703203642712996,2.0526781062245097e-83,12721
E2,hp_lh_follicle_threshold,0.06177537077153079,0.06177537077153079,3.0923955947855466e-12,12721
E2,hp_enz_pg_scale,0.006734727565317599,0.006734727565317599,0.4475376960428322,12721
E2,hp_enz_pg_threshold,0.041875459650074685,0.041875459650074685,2.3053147719531065e-06,12721
E2,hp_oxt_pg_threshold,0.08881131605006513,0.08881131605006513,1.0625850338315131e-23,12721
E2,pg_clearance,-0.05034985020701139,0.05034985020701139,1.3322608355340696e-08,12721
E2,cl_formation_scale,0.05881142517919401,0.05881142517919401,3.173592523275949e-11,12721
E2,hp_cl_self_scale,0.03352017326091428,0.03352017326091428,0.00015598359886294141,12721
E2,hp_cl_self_threshold,-0.0020400435648231653,0.0020400435648231653,0.8180382617934516,12721
E2,hp_iof_scale,-0.025304448242446043,0.025304448242446043,0.0043145397406093924,12721
E2,hp_iof_threshold,-0.03386527164964803,0.03386527164964803,0.00013329125145817284,12721
E2,cl_to_p4_scale,-0.08245301330314354,0.08245301330314354,1.2240026130457538e-20,12721
E2,p4_clearance,0.12945594689383336,0.12945594689383336,1.1407425396812606e-48,12721
E2,p4_baseline,-0.06922657414815801,0.06922657414815801,5.431371624071228e-15,12721
E2,follicle_to_e2_scale,0.2550855493046796,0.2550855493046796,4.1325087059880576e-188,12721
E2,e2_clearance,-0.4131503743115825,0.4131503743115825,0.0,12721
E2,follicle_to_inhibin_scale,-0.24750667519109448,0.24750667519109448,7.22593243352598e-177,12721
E2,inhibin_clearance,0.5144336158322971,0.5144336158322971,0.0,12721
E2,hp_p4_enz_scale,0.06774737266878593,0.06774737266878593,2.024089365368328e-14,12721
E2,hp_p4_enz_threshold,0.004525184611577923,0.004525184611577923,0.609815866110532,12721
E2,enz_clearance,0.04084792940688299,0.04084792940688299,4.053838657848905e-06,12721
E2,hp_e2_oxt_scale,-0.0199135652450012,0.0199135652450012,0.02470391548193245,12721
E2,hp_e2_oxt_threshold,0.01390247399072354,0.01390247399072354,0.11689379935119222,12721
E2,oxt_clearance,-0.1463038424019173,0.1463038424019173,8.378319343358662e-62,12721
E2,lactation_oxt_scale,-0.0010418153552461617,0.0010418153552461617,0.9064700711522196,12721
E2,fat_mobilization_storage_threshold,-0.01440882786900479,0.01440882786900479,0.10414997929266606,12721
E2,lactation_oxt_decay,-0.04069808613203572,0.04069808613203572,4.39685955864013e-06,12721
E2,hp_pg_iof_scale,-0.07183309701432523,0.07183309701432523,4.997701206332842e-16,12721
E2,hp_pg_iof_threshold,0.033586196328033426,0.033586196328033426,0.00015137872567064502,12721
E2,hp_cl_iof_threshold,0.010686469965237509,0.010686469965237509,0.22812021845492314,12721
E2,iof_clearance,0.1017930677034099,0.1017930677034099,1.1781308581684304e-30,12721
E2,hm_p4_igf_scale,-0.09754393195870265,0.09754393195870265,2.833120664697328e-28,12721
E2,hm_p4_igf_threshold,-0.06947862993585917,0.06947862993585917,4.328649224038859e-15,12721
E2,igf_clearance,0.14195892933521306,0.14195892933521306,2.9428340300930216e-58,12721
E2,igf_basal_release,-0.09363888467747394,0.09363888467747394,3.553938163978395e-26,12721
E2,igf_lh_sensitivity_scale,0.288273626827761,0.288273626827761,5.90252038085239e-242,12721
E2,igf_lh_sensitivity_threshold,0.12624237558840318,0.12624237558840318,2.372371696796539e-46,12721
E2,insulin_fsh_scale,-0.016421888457541122,0.016421888457541122,0.06400785401700815,12721
E2,insulin_fsh_threshold,-0.09618653713133009,0.09618653713133009,1.5539065033277137e-27,12721
E2,insulin_lh_scale,-0.1612405667553842,0.1612405667553842,7.68852340433528e-75,12721
E2,insulin_lh_threshold,0.1053259886586404,0.1053259886586404,1.0320337807753677e-32,12721
E2,insulin_igf_scale,-0.0830573648664818,0.0830573648664818,6.404895215328644e-21,12721
E2,insulin_igf_threshold,0.03513305156045069,0.03513305156045069,7.388981978115325e-05,12721
E2,feed_direct_blood_fraction,-0.011496123064747052,0.011496123064747052,0.19479178843861827,12721
E2,fat_to_liver_max,0.05653778506324588,0.05653778506324588,1.75673544079691e-10,12721
E2,storage_to_liver_threshold,0.003543800366048976,0.003543800366048976,0.6894083976877136,12721
E2,storage_to_liver_max,0.152620241828849,0.152620241828849,3.723191647726411e-67,12721
E2,milk_storage_threshold,-0.009996818960143511,0.009996818960143511,0.25955958153291303,12721
E2,liver_to_storage_max,-0.0345580350994858,0.0345580350994858,9.679334085025894e-05,12721
E2,blood_to_liver_glucose_threshold,0.1134648453084686,0.1134648453084686,1.0092485480949384e-37,12721
E2,glucagon_secretion_max,0.05228984533449769,0.05228984533449769,3.6109975102252644e-09,12721
E2,glucagon_clearance,0.1320026509555258,0.1320026509555258,1.5058951415003293e-50,12721
E2,glucagon_glucose_threshold,0.02823320862954828,0.02823320862954828,0.001449179780223739,12721
E2,hepatic_glucose_release,0.032735125433191764,0.032735125433191764,0.00022185359078960497,12721
E2,blood_to_liver_max,-0.03991397829505104,0.03991397829505104,6.695477457608898e-06,12721
E2,milk_fat_threshold,0.08417771781435274,0.08417771781435274,1.904136878790035e-21,12721
E2,storage_fat_threshold,0.030804857970396223,0.030804857970396223,0.0005110755535734719,12721
E2,insulin_glucose_threshold,0.4313735126929563,0.4313735126929563,0.0,12721
E2,blood_usage_glucose_threshold,-0.28641846596655957,0.28641846596655957,9.625721047831467e-239,12721
E2,blood_usage_max,0.04354434656775465,0.04354434656775465,8.964673060912783e-07,12721
E2,liver_usage_rate,-0.061537291871548855,0.061537291871548855,3.74371214408024e-12,12721
E2,milk_glucose_requirement,-0.0390664031945578,0.0390664031945578,1.045957594615189e-05,12721
E2,insulin_secretion_max,0.10579807412368307,0.10579807412368307,5.412549019772381e-33,12721
E2,insulin_clearance,-0.024926795745919415,0.024926795745919415,0.0049297404235944834,12721
E2,fat_glucose_transfer_threshold,0.0008699254596912185,0.0008699254596912185,0.9218473156722522,12721
INH,gnrh_hypo_max,0.0434445780525776,0.0434445780525776,9.494594903583979e-07,12721
INH,gnrh_syn,-0.10872099032362001,0.10872099032362001,9.328169716706008e-35,12721
INH,gnrh_release_scale,-0.01972533248372005,0.01972533248372005,0.026096884675000386,12721
INH,hm_e2_1_threshold,0.007854494852871124,0.007854494852871124,0.37571736282714996,12721
INH,hm_p4_1_threshold,-0.05043747607485452,0.05043747607485452,1.2572479138225453e-08,12721
INH,hm_p4_2_scale,0.006358041717607979,0.006358041717607979,0.4733470459895911,12721
INH,hm_p4_2_threshold,-0.020077775506889634,0.020077775506889634,0.023541780732271454,12721
INH,hp_e2_1_scale,-0.1651692402683441,0.1651692402683441,1.7249535373527526e-78,12721
INH,hp_e2_1_threshold,0.2193361673672871,0.2193361673672871,2.1638393749527627e-138,12721
INH,gnrh_clearance,0.01064997800944043,0.01064997800944043,0.22971262040642268,12721
INH,fsh_syn_scale,0.17492942440450274,0.17492942440450274,5.899685812844514e-88,12721
INH,hm_ih_2_threshold,0.34370570468581824,0.34370570468581824,0.0,12721
INH,hp_p4_fsh_scale,0.07296821755686625,0.07296821755686625,1.7210558187282706e-16,12721
INH,hp_p4_fsh_threshold,0.029405634412633684,0.029405634412633684,0.0009099721204195088,12721
INH,hm_e2_fsh_scale,-0.02877495180152333,0.02877495180152333,0.0011711885544038684,12721
INH,hm_e2_fsh_threshold,0.0754015254042172,0.0754015254042172,1.6568563558211286e-17,12721
INH,hp_gnrh_fsh_scale,-0.015288148192423886,0.015288148192423886,0.08466417156007451,12721
INH,hp_gnrh_fsh_threshold,0.06237194940600979,0.06237194940600979,1.909541021674625e-12,12721
INH,fsh_clearance,-0.034724238886191375,0.034724238886191375,8.956359497588686e-05,12721
INH,fsh_basal_release,0.08410897894361369,0.08410897894361369,2.052213084087626e-21,12721
INH,hp_e2_lh_scale,-0.04692532935595022,0.04692532935595022,1.1902743875225074e-07,12721
INH,hp_e2_lh_threshold,0.04994619515734976,0.04994619515734976,1.737767624239612e-08,12721
INH,hm_p4_lh_scale,-0.07491619525707423,0.07491619525707423,2.6585900512150843e-17,12721
INH,hm_p4_lh_threshold,-0.025512131254742478,0.025512131254742478,0.004006712284352329,12721
INH,hp_gnrh_lh_scale,-0.06858357295542107,0.06858357295542107,9.654790316334336e-15,12721
INH,hp_gnrh_lh_threshold,0.157920952603091,0.157920952603091,7.89781586544827e-72,12721
INH,lh_basal_release,-0.05465367740041223,0.05465367740041223,6.904937078108536e-10,12721
INH,lh_clearance,0.02619540530762393,0.02619540530762393,0.003129442214365956,12721
INH,hp_fsh_follicle_scale,0.29513018288514575,0.29513018288514575,4.843940756208017e-254,12721
INH,hp_fsh_follicle_threshold,-0.09733417539582269,0.09733417539582269,3.691179552490165e-28,12721
INH,hm_follicle_threshold,0.01595803740542868,0.01595803740542868,0.07189168004598898,12721
INH,hp_p4_follicle_scale,0.3304376267132496,0.3304376267132496,0.0,12721
INH,hp_p4_follicle_threshold,0.2440042273664054,0.2440042273664054,8.41935886391429e-172,12721
INH,hp_lh_follicle_scale,-0.04385871015941382,0.04385871015941382,7.474712043299764e-07,12721
INH,hp_lh_follicle_threshold,-0.006682695257997711,0.006682695257997711,0.45105446196166055,12721
INH,hp_enz_pg_scale,0.0144292478543124,0.0144292478543124,0.1036601754732065,12721
INH,hp_enz_pg_threshold,0.04987897013133516,0.04987897013133516,1.816038937928969e-08,12721
INH,hp_oxt_pg_threshold,-0.008165543378229403,0.008165543378229403,0.35710506979246126,12721
INH,pg_clearance,-0.049295003139357356,0.049295003139357356,2.656457788184726e-08,12721
INH,cl_formation_scale,0.03034832397623832,0.03034832397623832,0.0006185187965053009,12721
INH,hp_cl_self_scale,-0.06950415349659582,0.06950415349659582,4.2301209519978715e-15,12721
INH,hp_cl_self_threshold,-0.0485338989004911,0.0485338989004911,4.333254265517041e-08,12721
INH,hp_iof_scale,-0.058127701428616826,0.058127701428616826,5.345661857220982e-11,12721
INH,hp_iof_threshold,-0.021406198939699982,0.021406198939699982,0.015761619414688628,12721
INH,cl_to_p4_scale,-0.04790556646468347,0.04790556646468347,6.454950399364358e-08,12721
INH,p4_clearance,0.2722467787719172,0.2722467787719172,5.29658553911418e-215,12721
INH,p4_baseline,-0.15735155665948958,0.15735155665948958,2.5556513377452294e-71,12721
INH,follicle_to_e2_scale,-0.2887138169128204,0.2887138169128204,1.0120803288311882e-242,12721
INH,e2_clearance,0.07995151281094792,0.07995151281094792,1.6995885691132147e-19,12721
INH,follicle_to_inhibin_scale,0.3541110124725113,0.3541110124725113,0.0,12721
INH,inhibin_clearance,0.34512893913979137,0.34512893913979137,0.0,12721
INH,hp_p4_enz_scale,-0.004474415561191864,0.004474415561191864,0.6138323073369807,12721
INH,hp_p4_enz_threshold,0.0034586840551036843,0.0034586840551036843,0.6964930292083158,12721
INH,enz_clearance,0.021379310665167014,0.021379310665167014,0.01589333881627615,12721
INH,hp_e2_oxt_scale,0.06945629716955719,0.06945629716955719,4.416710801405869e-15,12721
INH,hp_e2_oxt_threshold,0.06374736030503028,0.06374736030503028,6.177186984227575e-13,12721
INH,oxt_clearance,-0.1559112481605505,0.1559112481605505,4.886138453082742e-70,12721
INH,lactation_oxt_scale,-0.010634452198989177,0.010634452198989177,0.230392513252493,12721
INH,fat_mobilization_storage_threshold,-0.08302428698013883,0.08302428698013883,6.636811353948597e-21,12721
INH,lactation_oxt_decay,-0.005701034204111937,0.005701034204111937,0.5202585401807845,12721
INH,hp_pg_iof_scale,-0.04258961979881101,0.04258961979881101,1.545342177826274e-06,12721
INH,hp_pg_iof_threshold,0.06357269875563802,0.06357269875563802,7.138529103633394e-13,12721
INH,hp_cl_iof_threshold,0.022436669360117074,0.022436669360117074,0.01138534367556362,12721
INH,iof_clearance,-0.00885680163170957,0.00885680163170957,0.3178638968905445,12721
INH,hm_p4_igf_scale,-0.11430679947058092,0.11430679947058092,2.9121072087227517e-38,12721
INH,hm_p4_igf_threshold,-0.037227941848048285,0.037227941848048285,2.670490125943308e-05,12721
INH,igf_clearance,0.07405065833596672,0.07405065833596672,6.132811778567573e-17,12721
INH,igf_basal_release,-0.04136239312025925,0.04136239312025925,3.0608196811491135e-06,12721
INH,igf_lh_sensitivity_scale,0.18501820658257345,0.18501820658257345,2.403968674719739e-98,12721
INH,igf_lh_sensitivity_threshold,0.08608609627992866,0.08608609627992866,2.3237745765804416e-22,12721
INH,insulin_fsh_scale,0.1326534893875611,0.1326534893875611,4.914354144488521e-51,12721
INH,insulin_fsh_threshold,-0.11721530901181133,0.11721530901181133,3.701153694835628e-40,12721
INH,insulin_lh_scale,-0.12436647134296852,0.12436647134296852,5.020553461442741e-45,12721
INH,insulin_lh_threshold,0.14451172456842798,0.14451172456842798,2.506090588185058e-60,12721
INH,insulin_igf_scale,-0.07419142321571752,0.07419142321571752,5.356798450688906e-17,12721
INH,insulin_igf_threshold,0.014419614112952027,0.014419614112952027,0.10389102657400691,12721
INH,feed_direct_blood_fraction,0.09276118248408098,0.09276118248408098,1.0245775242244594e-25,12721
INH,fat_to_liver_max,0.0366111226005818,0.0366111226005818,3.6236499138648473e-05,12721
INH,storage_to_liver_threshold,0.06820752259014463,0.06820752259014463,1.3483325377779775e-14,12721
INH,storage_to_liver_max,0.07777673880167442,0.07777673880167442,1.5680515636031507e-18,12721
INH,milk_storage_threshold,0.0319522289122453,0.0319522289122453,0.00031290466793170807,12721
INH,liver_to_storage_max,-0.05009570037389732,0.05009570037389732,1.5752592861786912e-08,12721
INH,blood_to_liver_glucose_threshold,0.1761345618059632,0.1761345618059632,3.6493037759324416e-89,12721
INH,glucagon_secretion_max,0.040057518867318724,0.040057518867318724,6.202870317725116e-06,12721
INH,glucagon_clearance,0.06149198637040271,0.06149198637040271,3.88206880882649e-12,12721
INH,glucagon_glucose_threshold,-0.016831269218379654,0.016831269218379654,0.05765615500199652,12721
INH,hepatic_glucose_release,0.10688842884292449,0.10688842884292449,1.2055591926900332e-33,12721
INH,blood_to_liver_max,0.014354916589471562,0.014354916589471562,0.10545195777635903,12721
INH,milk_fat_threshold,0.05717592092207134,0.05717592092207134,1.0939013075857153e-10,12721
INH,storage_fat_threshold,0.02118840455968121,0.02118840455968121,0.016856691141813387,12721
INH,insulin_glucose_threshold,0.2045975083068806,0.2045975083068806,2.7237350267364764e-120,12721
INH,blood_usage_glucose_threshold,-0.19663100052750707,0.19663100052750707,4.475053315951991e-111,12721
INH,blood_usage_max,-0.05011080214264659,0.05011080214264659,1.559689728935081e-08,12721
INH,liver_usage_rate,-0.05933469692737033,0.05933469692737033,2.1208764655225203e-11,12721
INH,milk_glucose_requirement,0.010732371602437424,0.010732371602437424,0.22612839174627647,12721
INH,insulin_secretion_max,0.011546130610918966,0.011546130610918966,0.19285704551302832,12721
INH,insulin_clearance,-0.043864035625759884,0.043864035625759884,7.451652847168084e-07,12721
INH,fat_glucose_transfer_threshold,0.06656949934357362,0.06656949934357362,5.656351217586608e-14,12721
IGF1,gnrh_hypo_max,-0.010542469901853889,0.010542469901853889,0.23444986891413633,12721
IGF1,gnrh_syn,-0.08072659729668942,0.08072659729668942,7.586677863419706e-20,12721
IGF1,gnrh_release_scale,0.07693588953450425,0.07693588953450425,3.642692418710027e-18,12721
IGF1,hm_e2_1_threshold,0.08381202694904558,0.08381202694904558,2.8341588874881112e-21,12721
IGF1,hm_p4_1_threshold,0.0426705734567969,0.0426705734567969,1.4762563473052047e-06,12721
IGF1,hm_p4_2_scale,0.0150541873246999,0.0150541873246999,0.08953566840182786,12721
IGF1,hm_p4_2_threshold,-0.02832968445269168,0.02832968445269168,0.0013956020329468114,12721
IGF1,hp_e2_1_scale,0.025004468308358244,0.025004468308358244,0.004797084309014953,12721
IGF1,hp_e2_1_threshold,0.008336676478950499,0.008336676478950499,0.3471169860294956,12721
IGF1,gnrh_clearance,0.0425376486255065,0.0425376486255065,1.5913211891032463e-06,12721
IGF1,fsh_syn_scale,-0.005074336183518459,0.005074336183518459,0.567139963183766,12721
IGF1,hm_ih_2_threshold,0.002564184060158344,0.002564184060158344,0.7724438378148315,12721
IGF1,hp_p4_fsh_scale,0.0017506887990718395,0.0017506887990718395,0.8434860436847209,12721
IGF1,hp_p4_fsh_threshold,0.0531959795718107,0.0531959795718107,1.931112207181987e-09,12721
IGF1,hm_e2_fsh_scale,0.014234414093122531,0.014234414093122531,0.10840882432196508,12721
IGF1,hm_e2_fsh_threshold,0.023971790415028085,0.023971790415028085,0.006854349342215011,12721
IGF1,hp_gnrh_fsh_scale,0.03255314835716372,0.03255314835716372,0.00024047354398785555,12721
IGF1,hp_gnrh_fsh_threshold,-0.013219260222584777,0.013219260222584777,0.1359917546692028,12721
IGF1,fsh_clearance,0.0016196184459453724,0.0016196184459453724,0.855068930603516,12721
IGF1,fsh_basal_release,0.0077926137173765465,0.0077926137173765465,0.3794903677936171,12721
IGF1,hp_e2_lh_scale,-0.052100592033222225,0.052100592033222225,4.1099411368757484e-09,12721
IGF1,hp_e2_lh_threshold,0.026096894204269,0.026096894204269,0.0032440519155594416,12721
IGF1,hm_p4_lh_scale,-0.012674779151858117,0.012674779151858117,0.15286848585048682,12721
IGF1,hm_p4_lh_threshold,-0.031273207503827644,0.031273207503827644,0.00041912316894881916,12721
IGF1,hp_gnrh_lh_scale,-0.008620294538161896,0.008620294538161896,0.33095940698979054,12721
IGF1,hp_gnrh_lh_threshold,-0.011772113761335804,0.011772113761335804,0.18428987339788006,12721
IGF1,lh_basal_release,-0.05194298604335953,0.05194298604335953,4.57610800967963e-09,12721
IGF1,lh_clearance,-0.014782440430223531,0.014782440430223531,0.0954745579234705,12721
IGF1,hp_fsh_follicle_scale,-0.10854929207733813,0.10854929207733813,1.1877820888212797e-34,12721
IGF1,hp_fsh_follicle_threshold,0.0023036599939447295,0.0023036599939447295,0.7950190859867731,12721
IGF1,hm_follicle_threshold,0.060392673320261325,0.060392673320261325,9.290532509130447e-12,12721
IGF1,hp_p4_follicle_scale,-0.22543014156846225,0.22543014156846225,2.8053360082875177e-146,12721
IGF1,hp_p4_follicle_threshold,-0.0773253798571196,0.0773253798571196,2.4680106636777037e-18,12721
IGF1,hp_lh_follicle_scale,-0.007746794364128643,0.007746794364128643,0.3822990142999466,12721
IGF1,hp_lh_follicle_threshold,-0.04474913478152881,0.04474913478152881,4.437284179299631e-07,12721
IGF1,hp_enz_pg_scale,0.04043014768799001,0.04043014768799001,5.080677820712212e-06,12721
IGF1,hp_enz_pg_threshold,0.012164973459949316,0.012164973459949316,0.17007221989868354,12721
IGF1,hp_oxt_pg_threshold,-0.08056056985773749,0.08056056985773749,9.023349437962913e-20,12721
IGF1,pg_clearance,-0.0004528985950889002,0.0004528985950889002,0.9592647667498126,12721
IGF1,cl_formation_scale,-0.19040583260267824,0.19040583260267824,3.785398624016221e-104,12721
IGF1,hp_cl_self_scale,-0.031647991434546593,0.031647991434546593,0.00035692884337460584,12721
IGF1,hp_cl_self_threshold,0.011340557575841174,0.011340557575841174,0.20090143753928968,12721
IGF1,hp_iof_scale,0.0016291230671961609,0.0016291230671961609,0.8542279103463798,12721
IGF1,hp_iof_threshold,-0.03569366786050622,0.03569366786050622,5.65690249185453e-05,12721
IGF1,cl_to_p4_scale,-0.05089278070397749,0.05089278070397749,9.289149502807531e-09,12721
IGF1,p4_clearance,-0.013011442479237759,0.013011442479237759,0.14225509270980602,12721
IGF1,p4_baseline,0.09045457898009626,0.09045457898009626,1.578912871745339e-24,12721
IGF1,follicle_to_e2_scale,-0.07110783110427538,0.07110783110427538,9.791460876140196e-16,12721
IGF1,e2_clearance,0.062394700369072194,0.062394700369072194,1.8745887344766796e-12,12721
IGF1,follicle_to_inhibin_scale,0.062385710758222,0.062385710758222,1.8883238319177756e-12,12721
IGF1,inhibin_clearance,-0.2848963228887784,0.2848963228887784,3.989826025051179e-236,12721
IGF1,hp_p4_enz_scale,0.006615474122538368,0.006615474122538368,0.4556208791259213,12721
IGF1,hp_p4_enz_threshold,0.003171480208469981,0.003171480208469981,0.7205911923368341,12721
IGF1,enz_clearance,-0.017685827486839903,0.017685827486839903,0.046075755088453456,12721
IGF1,hp_e2_oxt_scale,-0.02217916908949633,0.02217916908949633,0.01236359925980351,12721
IGF1,hp_e2_oxt_threshold,0.026282787539287495,0.026282787539287495,0.0030308821700754853,12721
IGF1,oxt_clearance,0.04251300823555493,0.04251300823555493,1.6135773907146513e-06,12721
IGF1,lactation_oxt_scale,0.022787009466083162,0.022787009466083162,0.010164893376099774,12721
IGF1,fat_mobilization_storage_threshold,-0.02042665220480445,0.02042665220480445,0.021229202742979847,12721
IGF1,lactation_oxt_decay,-0.009033807476819092,0.009033807476819092,0.3082882313050891,12721
IGF1,hp_pg_iof_scale,0.031185504887326257,0.031185504887326257,0.00043507089211964505,12721
IGF1,hp_pg_iof_threshold,-0.012544361588237601,0.012544361588237601,0.15713808709328986,12721
IGF1,hp_cl_iof_threshold,0.011811461964475873,0.011811461964475873,0.18282740800243213,12721
IGF1,iof_clearance,-0.06591122255097459,0.06591122255097459,9.968585295650497e-14,12721
IGF1,hm_p4_igf_scale,0.18095576721833614,0.18095576721833614,4.355552032599794e-94,12721
IGF1,hm_p4_igf_threshold,0.1241952896569647,0.1241952896569647,6.617652552672783e-45,12721
IGF1,igf_clearance,-0.6605578826086255,0.6605578826086255,0.0,12721
IGF1,igf_basal_release,0.48028633466308046,0.48028633466308046,0.0,12721
IGF1,igf_lh_sensitivity_scale,-0.009239324744503606,0.009239324744503606,0.2974119802363642,12721
IGF1,igf_lh_sensitivity_threshold,-0.027145793339980424,0.027145793339980424,0.0021988762884541206,12721
IGF1,insulin_fsh_scale,0.06458665166544361,0.06458665166544361,3.066169901482063e-13,12721
IGF1,insulin_fsh_threshold,0.04130372834592398,0.04130372834592398,3.160998538614769e-06,12721
IGF1,insulin_lh_scale,0.024373210199959715,0.024373210199959715,0.005975377546752223,12721
IGF1,insulin_lh_threshold,0.08329918044357792,0.08329918044357792,4.936261380171053e-21,12721
IGF1,insulin_igf_scale,0.2160899263194834,0.2160899263194834,2.753439353018346e-134,12721
IGF1,insulin_igf_threshold,-0.13386286614281473,0.13386286614281473,6.0430236507776e-52,12721
IGF1,feed_direct_blood_fraction,-0.01844650646513156,0.01844650646513156,0.03747912245968489,12721
IGF1,fat_to_liver_max,0.03749230270656554,0.03749230270656554,2.3397068109577565e-05,12721
IGF1,storage_to_liver_threshold,0.054506049920650425,0.054506049920650425,7.67220413551927e-10,12721
IGF1,storage_to_liver_max,-0.0676062841986651,0.0676062841986651,2.2913557770565224e-14,12721
IGF1,milk_storage_threshold,-0.0007576753059118013,0.0007576753059118013,0.9319053529685808,12721
IGF1,liver_to_storage_max,0.01037369740124442,0.01037369740124442,0.24202552966328406,12721
IGF1,blood_to_liver_glucose_threshold,-0.07884719688349771,0.07884719688349771,5.29239174420266e-19,12721
IGF1,glucagon_secretion_max,-0.04615987489054792,0.04615987489054792,1.9035550662146434e-07,12721
IGF1,glucagon_clearance,-0.017718303534761868,0.017718303534761868,0.045677422253699904,12721
IGF1,glucagon_glucose_threshold,-0.052136186170219916,0.052136186170219916,4.011242922658149e-09,12721
IGF1,hepatic_glucose_release,-0.023922126610913075,0.023922126610913075,0.006970807099146215,12721
IGF1,blood_to_liver_max,-0.0027777398663552714,0.0027777398663552714,0.7540801708194872,12721
IGF1,milk_fat_threshold,0.015084618119985009,0.015084618119985009,0.08888955495141976,12721
IGF1,storage_fat_threshold,0.038054479785832526,0.038054479785832526,1.761166808604868e-05,12721
IGF1,insulin_glucose_threshold,-0.24202804474390335,0.24202804474390335,5.598486806435151e-169,12721
IGF1,blood_usage_glucose_threshold,0.12861506622383762,0.12861506622383762,4.6718678233669035e-48,12721
IGF1,blood_usage_max,-0.02463797230530642,0.02463797230530642,0.005452621599456288,12721
IGF1,liver_usage_rate,0.014932444810392544,0.014932444810392544,0.09215844682371754,12721
IGF1,milk_glucose_requirement,0.017073725254190538,0.017073725254190538,0.05414779377432088,12721
IGF1,insulin_secretion_max,-0.06373797646020055,0.06373797646020055,6.22543868996986e-13,12721
IGF1,insulin_clearance,0.04966630255465427,0.04966630255465427,2.086858334181634e-08,12721
IGF1,fat_glucose_transfer_threshold,0.040755956617919496,0.040755956617919496,4.261209974373383e-06,12721
Insulin,gnrh_hypo_max,0.009923806193961687,0.009923806193961687,0.2630556904318661,12721
Insulin,gnrh_syn,-0.08467527008624774,0.08467527008624774,1.105327172096553e-21,12721
Insulin,gnrh_release_scale,0.04289731791142044,0.04289731791142044,1.2981965452919276e-06,12721
Insulin,hm_e2_1_threshold,0.024760758211272174,0.024760758211272174,0.005224502059793193,12721
Insulin,hm_p4_1_threshold,0.0315677141299902,0.0315677141299902,0.00036947565873258456,12721
Insulin,hm_p4_2_scale,0.00499956262678378,0.00499956262678378,0.5728658615790638,12721
Insulin,hm_p4_2_threshold,0.014552373216442817,0.014552373216442817,0.10074550891759079,12721
Insulin,hp_e2_1_scale,0.03649554379840505,0.03649554379840505,3.834951196753199e-05,12721
Insulin,hp_e2_1_threshold,-0.010489502251241421,0.010489502251241421,0.2368091148691102,12721
Insulin,gnrh_clearance,0.08598633331806949,0.08598633331806949,2.5968863264750253e-22,12721
Insulin,fsh_syn_scale,-0.026539521121396268,0.026539521121396268,0.002757460337317002,12721
Insulin,hm_ih_2_threshold,-0.04790027818491212,0.04790027818491212,6.476502677327023e-08,12721
Insulin,hp_p4_fsh_scale,-0.01492563126584168,0.01492563126584168,0.09230703989487127,12721
Insulin,hp_p4_fsh_threshold,-0.06227754295144323,0.06227754295144323,2.061534019076177e-12,12721
Insulin,hm_e2_fsh_scale,0.06503074143052028,0.06503074143052028,2.1089796059617685e-13,12721
Insulin,hm_e2_fsh_threshold,0.023021316683218565,0.023021316683218565,0.009415049771746203,12721
Insulin,hp_gnrh_fsh_scale,0.022118208346344072,0.022118208346344072,0.012605816828386905,12721
Insulin,hp_gnrh_fsh_threshold,-0.06809199038275363,0.06809199038275363,1.4934980929372092e-14,12721
Insulin,fsh_clearance,0.05905199273486845,0.05905199273486845,2.6379511039689656e-11,12721
Insulin,fsh_basal_release,0.021312059511776952,0.021312059511776952,0.016227032875848195,12721
Insulin,hp_e2_lh_scale,-0.04528821795091699,0.04528821795091699,3.220553384479143e-07,12721
Insulin,hp_e2_lh_threshold,0.002532455599015497,0.002532455599015497,0.7751833548077198,12721
Insulin,hm_p4_lh_scale,-0.009185926886352886,0.009185926886352886,0.3002128949457427,12721
Insulin,hm_p4_lh_threshold,-0.019958534860118435,0.019958534860118435,0.024380821522284313,12721
Insulin,hp_gnrh_lh_scale,-0.011064808069178138,0.011064808069178138,0.2120725837428694,12721
Insulin,hp_gnrh_lh_threshold,-0.009068008728708641,0.009068008728708641,0.3064602372964692,12721
Insulin,lh_basal_release,-0.043623248238400004,0.043623248238400004,8.565866594176073e-07,12721
Insulin,lh_clearance,-0.06347127289946437,0.06347127289946437,7.762652921529637e-13,12721
Insulin,hp_fsh_follicle_scale,-0.22149704006363896,0.22149704006363896,3.678673489783073e-141,12721
Insulin,hp_fsh_follicle_threshold,0.05816715722402673,0.05816715722402673,5.188038189436353e-11,12721
Insulin,hm_follicle_threshold,0.17322027425493672,0.17322027425493672,2.950305672348766e-86,12721
Insulin,hp_p4_follicle_scale,-0.41252211201681144,0.41252211201681144,0.0,12721
Insulin,hp_p4_follicle_threshold,-0.194906482181739,0.194906482181739,3.924638670365553e-109,12721
Insulin,hp_lh_follicle_scale,0.008514243779518146,0.008514243779518146,0.33694322188054837,12721
Insulin,hp_lh_follicle_threshold,-0.03492987133593303,0.03492987133593303,8.132382399384181e-05,12721
Insulin,hp_enz_pg_scale,-0.022851997108978363,0.022851997108978363,0.009951763343038553,12721
Insulin,hp_enz_pg_threshold,-0.0417936783868457,0.0417936783868457,2.4123904468336992e-06,12721
Insulin,hp_oxt_pg_threshold,0.036359797520211005,0.036359797520211005,4.098056225454256e-05,12721
Insulin,pg_clearance,-0.006102500470738175,0.006102500470738175,0.49131173368814796,12721
Insulin,cl_formation_scale,-0.13243837579181889,0.13243837579181889,7.11997209987359e-51,12721
Insulin,hp_cl_self_scale,-0.1566121296511711,0.1566121296511711,1.1665882620863248e-70,12721
Insulin,hp_cl_self_threshold,-0.012030389703238989,0.012030389703238989,0.17484722691743987,12721
Insulin,hp_iof_scale,0.02204139966539318,0.02204139966539318,0.012916978177720598,12721
Insulin,hp_iof_threshold,0.020659328430804057,0.020659328430804057,0.019799183624514115,12721
Insulin,cl_to_p4_scale,0.03572288250243017,0.03572288250243017,5.578120308301041e-05,12721
Insulin,p4_clearance,-0.14795908083702855,0.14795908083702855,3.4937174530392526e-63,12721
Insulin,p4_baseline,0.0255719323628921,0.0255719323628921,0.003921848849605949,12721
Insulin,follicle_to_e2_scale,-0.16248886829750941,0.16248886829750941,5.449651071272361e-76,12721
Insulin,e2_clearance,0.1113319138143722,0.1113319138143722,2.256050204267971e-36,12721
Insulin,follicle_to_inhibin_scale,0.15982544637287818,0.15982544637287818,1.505575162847963e-73,12721
Insulin,inhibin_clearance,-0.6071670547742083,0.6071670547742083,0.0,12721
Insulin,hp_p4_enz_scale,-0.044267168696230014,0.044267168696230014,5.891599317268336e-07,12721
Insulin,hp_p4_enz_threshold,-0.0471922409693276,0.0471922409693276,1.0087838069165399e-07,12721
Insulin,enz_clearance,-0.056565593461364486,0.056565593461364486,1.7210265018254457e-10,12721
Insulin,hp_e2_oxt_scale,-0.10556668873054292,0.10556668873054292,7.429176701735022e-33,12721
Insulin,hp_e2_oxt_threshold,0.0737892856799694,0.0737892856799694,7.878863711219808e-17,12721
Insulin,oxt_clearance,0.1690396576215276,0.1690396576215276,3.560766918728477e-82,12721
Insulin,lactation_oxt_scale,0.01898281399491329,0.01898281399491329,0.03227363945639155,12721
Insulin,fat_mobilization_storage_threshold,-0.021785677370594846,0.021785677370594846,0.014002459787897272,12721
Insulin,lactation_oxt_decay,0.05366124017163792,0.05366124017163792,1.3947783408557945e-09,12721
Insulin,hp_pg_iof_scale,0.08730648933054656,0.08730648933054656,5.906621889521439e-23,12721
Insulin,hp_pg_iof_threshold,-0.06846657411558112,0.06846657411558112,1.0714119924102197e-14,12721
Insulin,hp_cl_iof_threshold,0.006677965168282577,0.006677965168282577,0.4513749334621949,12721
Insulin,iof_clearance,-0.08213364594766334,0.08213364594766334,1.7202667313829542e-20,12721
Insulin,hm_p4_igf_scale,-0.007824807867708838,0.007824807867708838,0.37752453301731825,12721
Insulin,hm_p4_igf_threshold,0.0671242854014212,0.0671242854014212,3.493619602924006e-14,12721
Insulin,igf_clearance,-0.0008296038878671954,0.0008296038878671954,0.9254589272751091,12721
Insulin,igf_basal_release,0.07053056181462664,0.07053056181462664,1.6643510771660524e-15,12721
Insulin,igf_lh_sensitivity_scale,-0.1451597937752769,0.1451597937752769,7.370133415896777e-61,12721
Insulin,igf_lh_sensitivity_threshold,-0.00947736563977844,0.00947736563977844,0.28513884618792595,12721
Insulin,insulin_fsh_scale,0.047734193812626745,0.047734193812626745,7.189992214228172e-08,12721
Insulin,insulin_fsh_threshold,0.0703142673159686,0.0703142673159686,2.0281364597981405e-15,12721
Insulin,insulin_lh_scale,-0.037473566933042594,0.037473566933042594,2.3618037105078013e-05,12721
Insulin,insulin_lh_threshold,0.08282701754806393,0.08282701754806393,8.202721065727113e-21,12721
Insulin,insulin_igf_scale,0.013448264540699317,0.013448264540699317,0.12933879066112614,12721
Insulin,insulin_igf_threshold,-0.048550904771592004,0.048550904771592004,4.2864732337065294e-08,12721
Insulin,feed_direct_blood_fraction,0.025395956276179264,0.025395956276179264,0.004176356609645744,12721
Insulin,fat_to_liver_max,9.331672273495535e-05,9.331672273495535e-05,0.9916032838663906,12721
Insulin,storage_to_liver_threshold,0.00852848726136956,0.00852848726136956,0.3361355275417841,12721
Insulin,storage_to_liver_max,-0.1310728709530958,0.1310728709530958,7.384111164137285e-50,12721
Insulin,milk_storage_threshold,0.008101951901820654,0.008101951901820654,0.3608622183775472,12721
Insulin,liver_to_storage_max,0.01956442011663603,0.01956442011663603,0.027340994199433814,12721
Insulin,blood_to_liver_glucose_threshold,-0.06162965648241162,0.06162965648241162,3.4764498977655405e-12,12721
Insulin,glucagon_secretion_max,0.0030357079025451557,0.0030357079025451557,0.7320824122963517,12721
Insulin,glucagon_clearance,-0.0820466744895059,0.0820466744895059,1.8869066913355765e-20,12721
Insulin,glucagon_glucose_threshold,0.054137630411365684,0.054137630411365684,9.967868394822952e-10,12721
Insulin,hepatic_glucose_release,-0.021050710433113688,0.021050710433113688,0.01758297874097881,12721
Insulin,blood_to_liver_max,0.009498487960660287,0.009498487960660287,0.28406658737560125,12721
Insulin,milk_fat_threshold,-0.028057875882343136,0.028057875882343136,0.0015514306972778953,12721
Insulin,storage_fat_threshold,-0.010552610804946292,0.010552610804946292,0.2340000856460603,12721
Insulin,insulin_glucose_threshold,-0.5843366580400341,0.5843366580400341,0.0,12721
Insulin,blood_usage_glucose_threshold,0.4131155596484905,0.4131155596484905,0.0,12721
Insulin,blood_usage_max,-0.040068519931960485,0.040068519931960485,6.166582479329125e-06,12721
Insulin,liver_usage_rate,-0.028377586242380046,0.028377586242380046,0.001369683893135237,12721
Insulin,milk_glucose_requirement,0.053311857635783055,0.053311857635783055,1.7812496357859251e-09,12721
Insulin,insulin_secretion_max,0.0037970963147866605,0.0037970963147866605,0.6684879569212754,12721
Insulin,insulin_clearance,-0.000307529935814963,0.000307529935814963,0.9723332364400677,12721
Insulin,fat_glucose_transfer_threshold,0.023483564604605964,0.023483564604605964,0.008078877683189715,12721
Glucose,gnrh_hypo_max,0.012123767128516014,0.012123767128516014,0.17152371677763245,12721
Glucose,gnrh_syn,0.006302836917907754,0.006302836917907754,0.4771971122468257,12721
Glucose,gnrh_release_scale,-0.026628897850765235,0.026628897850765235,0.002667691282536295,12721
Glucose,hm_e2_1_threshold,0.011960533377810065,0.011960533377810065,0.1773648248132286,12721
Glucose,hm_p4_1_threshold,-0.004087196943214507,0.004087196943214507,0.6448409456771458,12721
Glucose,hm_p4_2_scale,0.01169654576387831,0.01169654576387831,0.18712278280910272,12721
Glucose,hm_p4_2_threshold,-0.03943972986242452,0.03943972986242452,8.603076205932747e-06,12721
Glucose,hp_e2_1_scale,-0.05669710983888413,0.05669710983888413,1.5615287616532624e-10,12721
Glucose,hp_e2_1_threshold,-0.01780644042252295,0.01780644042252295,0.04461097982540724,12721
Glucose,gnrh_clearance,-0.04203235403165766,0.04203235403165766,2.1125301725661025e-06,12721
Glucose,fsh_syn_scale,0.0056524705564267004,0.0056524705564267004,0.5238187699674445,12721
Glucose,hm_ih_2_threshold,0.06480531590064141,0.06480531590064141,2.550980180139839e-13,12721
Glucose,hp_p4_fsh_scale,-0.023422750769804608,0.023422750769804608,0.008244379991369798,12721
Glucose,hp_p4_fsh_threshold,-0.016746900376039875,0.016746900376039875,0.05892046090878727,12721
Glucose,hm_e2_fsh_scale,-0.002298950378223327,0.002298950378223327,0.7954288357606849,12721
Glucose,hm_e2_fsh_threshold,-0.013014218080048568,0.013014218080048568,0.1421700050085463,12721
Glucose,hp_gnrh_fsh_scale,0.011462153055242782,0.011462153055242782,0.1961141506104022,12721
Glucose,hp_gnrh_fsh_threshold,0.04343453529235982,0.04343453529235982,9.549577443916653e-07,12721
Glucose,fsh_clearance,-0.02694138330811004,0.02694138330811004,0.0023744222117865177,12721
Glucose,fsh_basal_release,-0.03343069706964279,0.03343069706964279,0.00016243490941064505,12721
Glucose,hp_e2_lh_scale,0.031793537117066284,0.031793537117066284,0.0003351910956421462,12721
Glucose,hp_e2_lh_threshold,-0.02882568322460958,0.02882568322460958,0.0011478554164930032,12721
Glucose,hm_p4_lh_scale,-0.03495215812675901,0.03495215812675901,8.047513299800897e-05,12721
Glucose,hm_p4_lh_threshold,0.044228235131994635,0.044228235131994635,6.027317634193008e-07,12721
Glucose,hp_gnrh_lh_scale,-0.049245788453878704,0.049245788453878704,2.7424527903002833e-08,12721
Glucose,hp_gnrh_lh_threshold,0.059185668728448534,0.059185668728448534,2.3796785445088068e-11,12721
Glucose,lh_basal_release,-0.011060864859776042,0.011060864859776042,0.21223552159148432,12721
Glucose,lh_clearance,0.04414905265298735,0.04414905265298735,6.31269568607444e-07,12721
Glucose,hp_fsh_follicle_scale,-0.03190519391678673,0.03190519391678673,0.00031936117767623196,12721
Glucose,hp_fsh_follicle_threshold,0.06517327104241426,0.06517327104241426,1.8693074750710346e-13,12721
Glucose,hm_follicle_threshold,-0.036834518232978036,0.036834518232978036,3.246170253727488e-05,12721
Glucose,hp_p4_follicle_scale,0.003676012452473645,0.003676012452473645,0.6784577501409172,12721
Glucose,hp_p4_follicle_threshold,-0.010352272311553388,0.010352272311553388,0.24299941405669226,12721
Glucose,hp_lh_follicle_scale,-0.015870719089983082,0.015870719089983082,0.07346128518789072,12721
Glucose,hp_lh_follicle_threshold,0.024016215509506406,0.024016215509506406,0.00675166022091209,12721
Glucose,hp_enz_pg_scale,-0.003134820758707217,0.003134820758707217,0.7236878137023228,12721
Glucose,hp_enz_pg_threshold,-0.01968556568313216,0.01968556568313216,0.026399703815896937,12721
Glucose,hp_oxt_pg_threshold,0.024055342310578452,0.024055342310578452,0.0066623655084648474,12721
Glucose,pg_clearance,-0.02705366722427766,0.02705366722427766,0.0022764665992129887,12721
Glucose,cl_formation_scale,0.03129171202029062,0.03129171202029062,0.00041582882720299006,12721
Glucose,hp_cl_self_scale,0.04641639927899071,0.04641639927899071,1.6277171880728329e-07,12721
Glucose,hp_cl_self_threshold,0.018685518684350054,0.018685518684350054,0.03507701997144042,12721
Glucose,hp_iof_scale,-0.04186493547714601,0.04186493547714601,2.3188337169011165e-06,12721
Glucose,hp_iof_threshold,0.031319665065597926,0.031319665065597926,0.0004108981959722477,12721
Glucose,cl_to_p4_scale,0.00666868303460894,0.00666868303460894,0.45200418779414286,12721
Glucose,p4_clearance,-0.052994981414409496,0.052994981414409496,2.2206883890097285e-09,12721
Glucose,p4_baseline,-0.0033418850699912356,0.0033418850699912356,0.7062578972165167,12721
Glucose,follicle_to_e2_scale,-0.0014722519139269048,0.0014722519139269048,0.8681292067231963,12721
Glucose,e2_clearance,0.05682409568462046,0.05682409568462046,1.4212740919708734e-10,12721
Glucose,follicle_to_inhibin_scale,0.016402514876342474,0.016402514876342474,0.06432222298190646,12721
Glucose,inhibin_clearance,-0.008879840850963551,0.008879840850963551,0.31660660466470175,12721
Glucose,hp_p4_enz_scale,-0.022646132346702267,0.022646132346702267,0.010640912442384352,12721
Glucose,hp_p4_enz_threshold,0.010423632391802828,0.010423632391802828,0.23976638490407703,12721
Glucose,enz_clearance,0.0005757872294664285,0.0005757872294664285,0.9482256145167599,12721
Glucose,hp_e2_oxt_scale,-0.005336338530805257,0.005336338530805257,0.5472959941111638,12721
Glucose,hp_e2_oxt_threshold,-0.010860889792166538,0.010860889792166538,0.22061765387580873,12721
Glucose,oxt_clearance,0.07123864003672828,0.07123864003672828,8.677277704945545e-16,12721
Glucose,lactation_oxt_scale,0.0007113408311192458,0.0007113408311192458,0.9360603617701511,12721
Glucose,fat_mobilization_storage_threshold,-0.009215867831663772,0.009215867831663772,0.2986402237206928,12721
Glucose,lactation_oxt_decay,0.00018558942732477705,0.00018558942732477705,0.9833014201878221,12721
Glucose,hp_pg_iof_scale,0.01593597602645941,0.01593597602645941,0.0722856313658841,12721
Glucose,hp_pg_iof_threshold,-0.012143931237776498,0.012143931237776498,0.17081227983795802,12721
Glucose,hp_cl_iof_threshold,0.08212929767588138,0.08212929767588138,1.728241322231284e-20,12721
Glucose,iof_clearance,-0.012677392399204937,0.012677392399204937,0.15278384450714136,12721
Glucose,hm_p4_igf_scale,-0.019050124927694978,0.019050124927694978,0.031666273847748595,12721
Glucose,hm_p4_igf_threshold,-0.012597081452783576,0.012597081452783576,0.15540139061292174,12721
Glucose,igf_clearance,0.01968504128225202,0.01968504128225202,0.026403717256673103,12721
Glucose,igf_basal_release,0.004940026281161841,0.004940026281161841,0.577444473548612,12721
Glucose,igf_lh_sensitivity_scale,0.023107656709064464,0.023107656709064464,0.009151432996400883,12721
Glucose,igf_lh_sensitivity_threshold,-0.055525018543432135,0.055525018543432135,3.6867980286157927e-10,12721
Glucose,insulin_fsh_scale,-0.005085928371545234,0.005085928371545234,0.5662547346690545,12721
Glucose,insulin_fsh_threshold,0.0010988272815370599,0.0010988272815370599,0.9013772375288086,12721
Glucose,insulin_lh_scale,-0.013487756246943079,0.013487756246943079,0.12821748273367078,12721
Glucose,insulin_lh_threshold,0.016603155298169626,0.016603155298169626,0.061127519318002047,12721
Glucose,insulin_igf_scale,0.0116312572468618,0.0116312572468618,0.18959611547159155,12721
Glucose,insulin_igf_threshold,0.015637290097184318,0.015637290097184318,0.07779530971576115,12721
Glucose,feed_direct_blood_fraction,0.0062791523743893525,0.0062791523743893525,0.478854146581696,12721
Glucose,fat_to_liver_max,0.019045523173022046,0.019045523173022046,0.031707482398509304,12721
Glucose,storage_to_liver_threshold,0.007936626017557503,0.007936626017557503,0.3707455915487028,12721
Glucose,storage_to_liver_max,0.01807613619814991,0.01807613619814991,0.0414773007869888,12721
Glucose,milk_storage_threshold,0.016234523237547885,0.016234523237547885,0.06710195196543128,12721
Glucose,liver_to_storage_max,0.010950944529590705,0.010950944529590705,0.21681400472958853,12721
Glucose,blood_to_liver_glucose_threshold,0.26328351398765093,0.26328351398765093,1.047524110712148e-200,12721
Glucose,glucagon_secretion_max,0.09599542837574825,0.09599542837574825,1.9708692482790402e-27,12721
Glucose,glucagon_clearance,-0.1437688743038176,0.1437688743038176,1.012105161656321e-59,12721
Glucose,glucagon_glucose_threshold,0.06086157996328811,0.06086157996328811,6.415046276074016e-12,12721
Glucose,hepatic_glucose_release,0.14745062782613944,0.14745062782613944,9.308221632620853e-63,12721
Glucose,blood_to_liver_max,-0.10912476310311084,0.10912476310311084,5.276591377716599e-35,12721
Glucose,milk_fat_threshold,0.028689487777797753,0.028689487777797753,0.001211489726298406,12721
Glucose,storage_fat_threshold,0.018442564153114818,0.018442564153114818,0.03751988840801003,12721
Glucose,insulin_glucose_threshold,0.5828266109228755,0.5828266109228755,0.0,12721
Glucose,blood_usage_glucose_threshold,0.674012339263273,0.674012339263273,0.0,12721
Glucose,blood_usage_max,-0.1327533733907262,0.1327533733907262,4.136303040146649e-51,12721
Glucose,liver_usage_rate,-0.13707665048762097,0.13707665048762097,2.0949542929387975e-54,12721
Glucose,milk_glucose_requirement,-0.046761630143419934,0.046761630143419934,1.3168081268140572e-07,12721
Glucose,insulin_secretion_max,-0.1775206102939094,0.1775206102939094,1.449736275126e-90,12721
Glucose,insulin_clearance,0.1435213000914495,0.1435213000914495,1.608973578886051e-59,12721
Glucose,fat_glucose_transfer_threshold,0.02012958331929074,0.02012958331929074,0.023185113107078447,12721
Glucagon,gnrh_hypo_max,-0.008482997107201146,0.008482997107201146,0.33871947039375916,12721
Glucagon,gnrh_syn,0.011698648051362314,0.011698648051362314,0.18704353941517793,12721
Glucagon,gnrh_release_scale,-0.04129893708081569,0.04129893708081569,3.1693178037081862e-06,12721
Glucagon,hm_e2_1_threshold,-0.04592459787919235,0.04592459787919235,2.1958814996228282e-07,12721
Glucagon,hm_p4_1_threshold,-0.009406230303429365,0.009406230303429365,0.28877008706884194,12721
Glucagon,hm_p4_2_scale,0.018429887947796087,0.018429887947796087,0.037651224011622235,12721
Glucagon,hm_p4_2_threshold,0.030562561050103798,0.030562561050103798,0.0005657194060536714,12721
Glucagon,hp_e2_1_scale,-0.010694398716896062,0.010694398716896062,0.22777527325574756,12721
Glucagon,hp_e2_1_threshold,-0.01808475731547752,0.01808475731547752,0.04138028437106609,12721
Glucagon,gnrh_clearance,0.018312266707632998,0.018312266707632998,0.038888633420195634,12721
Glucagon,fsh_syn_scale,-0.08859218271936647,0.08859218271936647,1.3665841528669414e-23,12721
Glucagon,hm_ih_2_threshold,0.00542997823347971,0.00542997823347971,0.5402880136504442,12721
Glucagon,hp_p4_fsh_scale,-0.014116774626831677,0.014116774626831677,0.11135834563283074,12721
Glucagon,hp_p4_fsh_threshold,-0.01959180335476525,0.01959180335476525,0.02712573307653641,12721
Glucagon,hm_e2_fsh_scale,-0.0014112697575171629,0.0014112697575171629,0.8735444723991849,12721
Glucagon,hm_e2_fsh_threshold,-0.0293200940628509,0.0293200940628509,0.0009419204473653127,12721
Glucagon,hp_gnrh_fsh_scale,-0.006863209792444382,0.006863209792444382,0.4389209101942372,12721
Glucagon,hp_gnrh_fsh_threshold,-0.020423864865649004,0.020423864865649004,0.02124686515728107,12721
Glucagon,fsh_clearance,0.03872178812486971,0.03872178812486971,1.2508030985553458e-05,12721
Glucagon,fsh_basal_release,-0.05946280717312856,0.05946280717312856,1.9205862752145602e-11,12721
Glucagon,hp_e2_lh_scale,0.017516365932796863,0.017516365932796863,0.04820202883325417,12721
Glucagon,hp_e2_lh_threshold,0.013310217437164902,0.013310217437164902,0.13331833881570876,12721
Glucagon,hm_p4_lh_scale,0.028844152665020967,0.028844152665020967,0.0011394678990870816,12721
Glucagon,hm_p4_lh_threshold,-0.043015115284307244,0.043015115284307244,1.2140359182623295e-06,12721
Glucagon,hp_gnrh_lh_scale,0.002703323790189278,0.002703323790189278,0.760464033667956,12721
Glucagon,hp_gnrh_lh_threshold,-0.09620249019644768,0.09620249019644768,1.5233442860985834e-27,12721
Glucagon,lh_basal_release,0.05485726861883756,0.05485726861883756,5.968392034725595e-10,12721
Glucagon,lh_clearance,0.008332820303777036,0.008332820303777036,0.3473400733100225,12721
Glucagon,hp_fsh_follicle_scale,0.041572601259619785,0.041572601259619785,2.7262759770884875e-06,12721
Glucagon,hp_fsh_follicle_threshold,-0.012051638925211838,0.012051638925211838,0.1740867276851717,12721
Glucagon,hm_follicle_threshold,0.0014359862310568958,0.0014359862310568958,0.8713489004506867,12721
Glucagon,hp_p4_follicle_scale,0.001234922827545969,0.001234922827545969,0.8892367051567516,12721
Glucagon,hp_p4_follicle_threshold,0.024708997075920353,0.024708997075920353,0.005319594871262024,12721
Glucagon,hp_lh_follicle_scale,0.030833578673492713,0.030833578673492713,0.0005049350248012588,12721
Glucagon,hp_lh_follicle_threshold,0.04920428875600486,0.04920428875600486,2.817060779138474e-08,12721
Glucagon,hp_enz_pg_scale,-0.04912203328219033,0.04912203328219033,2.9708027637817363e-08,12721
Glucagon,hp_enz_pg_threshold,-0.0252179376531789,0.0252179376531789,0.00444897449107755,12721
Glucagon,hp_oxt_pg_threshold,0.008672978465936537,0.008672978465936537,0.32801247842435555,12721
Glucagon,pg_clearance,0.05376992541315824,0.05376992541315824,1.2921923800615998e-09,12721
Glucagon,cl_formation_scale,0.012019645521295835,0.012019645521295835,0.17523269843083283,12721
Glucagon,hp_cl_self_scale,-0.021887037641086727,0.021887037641086727,0.01356293265035828,12721
Glucagon,hp_cl_self_threshold,0.06729731992766906,0.06729731992766906,3.0037334843370554e-14,12721
Glucagon,hp_iof_scale,0.06914924643387184,0.06914924643387184,5.822042288257286e-15,12721
Glucagon,hp_iof_threshold,0.04565360678230866,0.04565360678230866,2.5864296173523274e-07,12721
Glucagon,cl_to_p4_scale,0.01890037176535314,0.01890037176535314,0.03303111306871848,12721
Glucagon,p4_clearance,0.011120371384632162,0.011120371384632162,0.2097862473985631,12721
Glucagon,p4_baseline,-0.018882591161969428,0.018882591161969428,0.033196460023010896,12721
Glucagon,follicle_to_e2_scale,-0.07036699476887069,0.07036699476887069,1.932823832996896e-15,12721
Glucagon,e2_clearance,-0.004701980369341137,0.004701980369341137,0.5959212717127169,12721
Glucagon,follicle_to_inhibin_scale,-0.039647537521274555,0.039647537521274555,7.710729284883313e-06,12721
Glucagon,inhibin_clearance,0.002530348040829156,0.002530348040829156,0.7753654263592539,12721
Glucagon,hp_p4_enz_scale,-0.01125095706038892,0.01125095706038892,0.2044832340112126,12721
Glucagon,hp_p4_enz_threshold,-0.02630243031252977,0.02630243031252977,0.003009120135444042,12721
Glucagon,enz_clearance,-0.05045477207422404,0.05045477207422404,1.2429342691555199e-08,12721
Glucagon,hp_e2_oxt_scale,-0.0030789400307784666,0.0030789400307784666,0.7284167528935594,12721
Glucagon,hp_e2_oxt_threshold,0.03600164913379551,0.03600164913379551,4.8768800391707527e-05,12721
Glucagon,oxt_clearance,0.04821405979315018,0.04821405979315018,5.311080195007741e-08,12721
Glucagon,lactation_oxt_scale,-0.020986688905184847,0.020986688905184847,0.01792991089738794,12721
Glucagon,fat_mobilization_storage_threshold,0.010017544928816163,0.010017544928816163,0.2585730383878046,12721
Glucagon,lactation_oxt_decay,-0.005095414842763585,0.005095414842763585,0.5655308011923712,12721
Glucagon,hp_pg_iof_scale,-0.029101797499517218,0.029101797499517218,0.0010282201279079872,12721
Glucagon,hp_pg_iof_threshold,-0.006214665143070632,0.006214665143070632,0.48338172775007515,12721
Glucagon,hp_cl_iof_threshold,0.060023272610745866,0.060023272610745866,1.2413702411444723e-11,12721
Glucagon,iof_clearance,-0.06958821278034322,0.06958821278034322,3.920980156639371e-15,12721
Glucagon,hm_p4_igf_scale,0.021190729259232714,0.021190729259232714,0.01684465862610993,12721
Glucagon,hm_p4_igf_threshold,0.01096857027046909,0.01096857027046909,0.21607509902339705,12721
Glucagon,igf_clearance,-0.019036587046287346,0.019036587046287346,0.03178763644822996,12721
Glucagon,igf_basal_release,-0.09260892077804408,0.09260892077804408,1.2299150353401292e-25,12721
Glucagon,igf_lh_sensitivity_scale,0.043849171739242805,0.043849171739242805,7.516185187352682e-07,12721
Glucagon,igf_lh_sensitivity_threshold,0.02585740704391358,0.02585740704391358,0.0035387946344750173,12721
Glucagon,insulin_fsh_scale,0.004812342378399147,0.004812342378399147,0.5873216090286029,12721
Glucagon,insulin_fsh_threshold,-0.01947251426523424,0.01947251426523424,0.0280742789904008,12721
Glucagon,insulin_lh_scale,0.004301547434073447,0.004301547434073447,0.6275947967405009,12721
Glucagon,insulin_lh_threshold,-0.02031961841620879,0.02031961841620879,0.021916694100971273,12721
Glucagon,insulin_igf_scale,-0.059220353652395565,0.059220353652395565,2.3168154106837523e-11,12721
Glucagon,insulin_igf_threshold,0.013621620180815851,0.013621620180815851,0.12447277130619498,12721
Glucagon,feed_direct_blood_fraction,0.02064583027720738,0.02064583027720738,0.019879784137562785,12721
Glucagon,fat_to_liver_max,-0.0463473147037484,0.0463473147037484,1.6979437479711613e-07,12721
Glucagon,storage_to_liver_threshold,0.011431923258969986,0.011431923258969986,0.1972964363021807,12721
Glucagon,storage_to_liver_max,-0.00718545761917752,0.00718545761917752,0.4177333113911522,12721
Glucagon,milk_storage_threshold,0.019279920704149238,0.019279920704149238,0.02966604898676269,12721
Glucagon,liver_to_storage_max,0.07425090181227043,0.07425090181227043,5.058786199724103e-17,12721
Glucagon,blood_to_liver_glucose_threshold,-0.1736406059916049,0.1736406059916049,1.131507513673636e-86,12721
Glucagon,glucagon_secretion_max,0.5521554138639658,0.5521554138639658,0.0,12721
Glucagon,glucagon_clearance,-0.542612944623965,0.542612944623965,0.0,12721
Glucagon,glucagon_glucose_threshold,0.527128544868879,0.527128544868879,0.0,12721
Glucagon,hepatic_glucose_release,-0.07100105964732371,0.07100105964732371,1.0804397685436668e-15,12721
Glucagon,blood_to_liver_max,0.13803241946255718,0.13803241946255718,3.784082474273501e-55,12721
Glucagon,milk_fat_threshold,-0.030848898565808202,0.030848898565808202,0.0005016878035502836,12721
Glucagon,storage_fat_threshold,-0.010134430465004092,0.010134430465004092,0.2530580242354316,12721
Glucagon,insulin_glucose_threshold,-0.09519799004524522,0.09519799004524522,5.2868488848064025e-27,12721
Glucagon,blood_usage_glucose_threshold,-0.25529585436325763,0.25529585436325763,1.9895558858517725e-188,12721
Glucagon,blood_usage_max,0.015135315477580357,0.015135315477580357,0.0878214838094805,12721
Glucagon,liver_usage_rate,0.11190811358950473,0.11190811358950473,9.803635795495431e-37,12721
Glucagon,milk_glucose_requirement,-0.03494433812606601,0.03494433812606601,8.077196427679737e-05,12721
Glucagon,insulin_secretion_max,0.033704916521804615,0.033704916521804615,0.00014341866721627686,12721
Glucagon,insulin_clearance,0.017419063108700186,0.017419063108700186,0.04945974064375506,12721
Glucagon,fat_glucose_transfer_threshold,0.007779963781588847,0.007779963781588847,0.38026451593573085,12721
