parameter,classification,best_multiplier,best_value,min_total_loss,profile_span,admissible_fraction,worst_species
insulin_glucose_threshold,practically identifiable,1.0,0.5,85.071113518,60.364961810425456,0.5714285714285714,PGF
blood_usage_glucose_threshold,practically identifiable,1.0,0.5,85.10925900429558,293.3653145201931,0.7142857142857143,PGF
inhibin_clearance,practically identifiable,1.0,0.475,86.19721356626087,258.2174001292001,0.8571428571428571,PGF
blood_to_liver_glucose_threshold,boundary-limited,0.9,0.405,87.52547321822404,3.4197797423758374,1.0,FSH
hp_p4_follicle_scale,practically identifiable,1.0,1.1,87.16156804063132,460.78888321894885,1.0,FSH
hm_ih_2_threshold,practically identifiable,1.0,0.118,86.4763546358138,71.16370997137355,1.0,FSH
follicle_to_e2_scale,practically identifiable,1.0,2.19,86.343609328031,43.67487324986439,1.0,FSH
hp_fsh_follicle_scale,practically identifiable,1.0,0.562,86.0391782051882,188.20936595629354,1.0,FSH
follicle_to_inhibin_scale,practically identifiable,1.0,1.41,86.64749463265737,51.68343533468759,1.0,FSH
hm_follicle_threshold,practically identifiable,1.0,0.322,86.21058070948129,12.339306379227224,1.0,FSH
insulin_fsh_scale,practically identifiable,1.0333333333333334,3.1000000000000005,84.21364845293361,32.91274367389882,1.0,FSH
hp_fsh_follicle_threshold,practically identifiable,1.0,1.497,82.5678138172467,46.98142359444893,1.0,FSH
fsh_basal_release,practically identifiable,1.0,0.948,87.06637675345354,120.05350369369336,1.0,FSH
hp_e2_oxt_scale,practically identifiable,0.9666666666666667,1.5370000000000001,84.9772623287416,44.35032351382995,1.0,FSH
hp_oxt_pg_threshold,practically identifiable,1.0333333333333334,1.1232333333333333,85.38650614226293,42.91725977312345,1.0,FSH
cl_formation_scale,practically identifiable,1.0,0.4,86.63878360610477,64.01570232487225,1.0,FSH
e2_clearance,practically identifiable,1.0,1.23,86.6688595853854,123.81060912011975,1.0,FSH
hepatic_glucose_release,practically identifiable,0.9333333333333333,0.06384000000000001,86.38169235871777,2.79543928360296,1.0,FSH
glucagon_glucose_threshold,practically identifiable,1.0,0.5,87.35458867477539,43.20279501359519,1.0,FSH
igf_lh_sensitivity_threshold,boundary-limited,1.1,0.55,83.08036062648134,13.651857406304728,1.0,FSH
pg_clearance,practically identifiable,1.0,1.23,84.09047751209195,35.52198840997343,1.0,FSH
igf_lh_sensitivity_scale,practically identifiable,0.9666666666666667,0.9666666666666667,85.74123004087,10.762112519149383,1.0,FSH
liver_usage_rate,practically identifiable,1.0666666666666669,5.333333333333334,85.3906640476007,4.3028607618059596,1.0,FSH
hp_lh_follicle_scale,practically identifiable,1.0,3.49,86.69026313555308,6.86877812211705,1.0,FSH
hp_cl_self_scale,practically identifiable,1.0,0.0335,86.83839736437837,41.45573269744362,1.0,FSH
hp_e2_oxt_threshold,practically identifiable,1.0333333333333334,0.14776666666666666,85.41102153074154,12.80719073852903,1.0,FSH
p4_clearance,practically identifiable,1.0,1.41,86.67538100832269,63.84016745739052,1.0,FSH
fsh_clearance,practically identifiable,1.0,2.73,86.70882768506912,37.37460537318124,1.0,FSH
igf_clearance,practically identifiable,1.0,1.7,86.53432630128687,48.63440043230882,1.0,FSH
insulin_lh_scale,practically identifiable,0.9666666666666667,1.0150000000000001,85.61385916193407,47.43531306486909,1.0,FSH
oxt_clearance,practically identifiable,1.0333333333333334,0.6654666666666668,84.94019451258688,18.784994139688322,1.0,FSH
hp_e2_1_threshold,practically identifiable,1.0,0.648,86.44306532181758,30.98470414619237,1.0,FSH
hp_gnrh_lh_threshold,practically identifiable,1.0333333333333334,0.713,85.10530787296793,6.402603881037265,1.0,FSH
hm_e2_fsh_scale,practically identifiable,0.9666666666666667,0.38280000000000003,86.7062360645305,10.810467481455106,1.0,FSH
p4_baseline,practically identifiable,1.0333333333333334,0.10333333333333335,83.45531210971487,25.766459800413855,1.0,FSH
lh_clearance,practically identifiable,1.0,2.0,85.05752806359564,6.483038521665719,1.0,FSH
hm_p4_lh_threshold,practically identifiable,0.9666666666666667,0.026003333333333333,85.49114049867435,5.548971913136242,1.0,FSH
insulin_igf_scale,practically identifiable,0.9666666666666667,0.3866666666666667,86.41479210146773,5.918039340310941,1.0,FSH
hp_e2_1_scale,practically identifiable,1.0,0.99,85.82785925350588,5.327742649320598,1.0,FSH
gnrh_syn,practically identifiable,0.9666666666666667,2.658333333333333,86.18718412836854,16.708325504570084,1.0,FSH
igf_basal_release,practically identifiable,1.0,0.4,85.91883144042436,34.58015365159706,1.0,FSH
hp_e2_lh_scale,practically identifiable,1.0,0.376,84.02470808185883,6.028773012515842,1.0,FSH
iof_clearance,practically identifiable,1.0666666666666669,0.31786666666666674,86.05371685735037,19.812264282084755,1.0,FSH
hp_e2_lh_threshold,practically identifiable,0.9666666666666667,0.2349,85.74299152163533,2.1372772625416303,1.0,FSH
hp_p4_follicle_threshold,practically identifiable,1.0,0.126,87.62822975047851,28.038315833612103,1.0,FSH
hp_p4_fsh_scale,practically identifiable,1.0333333333333334,0.3027666666666667,86.122346449166,3.1155255531577097,1.0,FSH
hm_p4_lh_scale,practically identifiable,1.0,2.71,82.50667029178996,6.020440364899343,1.0,FSH
hp_gnrh_lh_scale,practically identifiable,1.0333333333333334,2.2940000000000005,84.78986865136713,5.189318844648952,1.0,FSH
insulin_igf_threshold,weakly identifiable,0.9666666666666667,14.5,86.08263681709153,2.360441920993381,1.0,FSH
cl_to_p4_scale,practically identifiable,1.0333333333333334,2.325,85.82491769896589,21.698643698765025,1.0,FSH
hp_pg_iof_threshold,practically identifiable,1.0333333333333334,1.2606666666666668,87.1322885870108,7.393224591425053,1.0,FSH
feed_direct_blood_fraction,flat/non-identifiable,0.9,0.07200000000000001,86.15768273151409,0.4880282621570444,1.0,FSH
hp_enz_pg_threshold,boundary-limited,0.9,1.287,82.28698214367375,5.6927421340044475,1.0,FSH
gnrh_clearance,boundary-limited,1.1,1.793,82.92383142682552,5.445553594672276,1.0,FSH
enz_clearance,practically identifiable,1.0333333333333334,3.0793333333333335,81.34769536386514,6.504667845145946,1.0,FSH
hp_p4_enz_scale,boundary-limited,1.1,3.9380000000000006,82.43451856974252,4.615265571360652,1.0,FSH
hp_cl_self_threshold,practically identifiable,0.9333333333333333,0.2619866666666667,82.49593768973128,5.044484758773876,1.0,FSH
hp_iof_threshold,boundary-limited,1.1,2.0020000000000002,85.56328140083244,2.3948838481607595,1.0,FSH
hp_gnrh_fsh_scale,practically identifiable,1.0,1.23,82.18313568127488,6.620245443187628,1.0,FSH
lh_basal_release,flat/non-identifiable,0.9333333333333333,0.01316,86.29337109193807,1.1524766464587088,1.0,FSH
