param,parameter,sensitivity_raw,sensitivity_0to1,nullspace_raw,nullspace_0to1,identifiable_raw,identifiable_0to1,recommendation,recommendation_3class
insulin_glucose_threshold,insulin_glucose_threshold,372.99356627824426,1.0,3.8424022942046365e-05,3.6873969105732034e-05,0.9999999992617978,0.9999999992629991,ESTIMATE_candidate,Estimate
blood_usage_glucose_threshold,blood_usage_glucose_threshold,254.72459763524145,0.6829195478541391,0.0012436216433600743,0.0012420734577167382,0.9999992267023056,0.9999992267035068,ESTIMATE_candidate,Estimate
inhibin_clearance,inhibin_clearance,207.62453027892656,0.5566437307501536,8.12212784118172e-06,6.5720270334938186e-06,0.9999999999670155,0.9999999999682168,ESTIMATE_candidate,Estimate
blood_to_liver_glucose_threshold,blood_to_liver_glucose_threshold,80.63850340458615,0.21619274618917086,0.0034552594295836395,0.0034537146722296666,0.9999940305733203,0.9999940305745215,ESTIMATE_candidate,Estimate
hp_p4_follicle_scale,hp_p4_follicle_scale,74.57907281203929,0.19994734374695644,8.834408806119166e-05,8.679411160663907e-05,0.9999999960976609,0.9999999960988621,ESTIMATE_candidate,Estimate
hm_ih_2_threshold,hm_ih_2_threshold,68.79007937732642,0.1844269864054724,7.793936624487766e-06,6.2438353080662626e-06,0.9999999999696272,0.9999999999708284,ESTIMATE_candidate,Estimate
insulin_clearance,insulin_clearance,60.10680293595798,0.16114702335406972,0.9999832671901935,0.9999832671642555,0.0057849234762617115,0.005784923476268661,COMPENSATORY_high_impact,Fix (anchor)
insulin_secretion_max,insulin_secretion_max,60.05626430347794,0.16101152870469998,0.9999999887709994,0.9999999887709817,0.0001498599378139437,0.00014985993781412374,COMPENSATORY_high_impact,Fix (anchor)
follicle_to_e2_scale,follicle_to_e2_scale,56.5374100672445,0.15157744041372806,0.0011825354141394978,0.0011809871338055796,0.9999993008047527,0.999999300805954,ESTIMATE_candidate,Estimate
hp_fsh_follicle_scale,hp_fsh_follicle_scale,55.858250644219176,0.14975660626422244,0.00014312145354122843,0.00014157156199780396,0.9999999897581249,0.9999999897593261,ESTIMATE_candidate,Estimate
follicle_to_inhibin_scale,follicle_to_inhibin_scale,51.433078902489584,0.13789267041705952,0.000771914838601729,0.0007703659217593551,0.9999997020736967,0.999999702074898,ESTIMATE_candidate,Estimate
hm_follicle_threshold,hm_follicle_threshold,42.61053473443002,0.11423932900398497,9.901904450260799e-05,9.74690845954484e-05,0.9999999950976144,0.9999999950988157,ESTIMATE_candidate,Estimate
insulin_fsh_scale,insulin_fsh_scale,42.10157380772682,0.1128747989618675,0.5944180270509236,0.5944173983528733,0.8041562094001932,0.8041562094011592,ESTIMATE_candidate,Estimate
fsh_syn_scale,fsh_syn_scale,42.101573775982935,0.11287479887676177,0.8195323437648019,0.8195320640194699,0.5730329288298972,0.5730329288305855,COMPENSATORY_high_impact,Fix (anchor)
hp_fsh_follicle_threshold,hp_fsh_follicle_threshold,42.04773846877384,0.11273046580489067,0.00015753513413972755,0.0001559852649391425,0.9999999875913411,0.9999999875925424,ESTIMATE_candidate,Estimate
insulin_fsh_threshold,insulin_fsh_threshold,41.35901437089176,0.11088398865314188,0.9874224270340837,0.9874224075374191,0.15810423963359999,0.15810423963378992,COMPENSATORY_high_impact,Fix (anchor)
blood_usage_max,blood_usage_max,41.267346375204056,0.11063822571250359,0.9999446171296882,0.9999446170438382,0.01052438470229173,0.010524384702304372,COMPENSATORY_high_impact,Fix (anchor)
fsh_basal_release,fsh_basal_release,39.836607773683504,0.10680239922413662,0.00687229060595384,0.006870751145385674,0.9999763855320924,0.9999763855332937,ESTIMATE_candidate,Estimate
glucagon_clearance,glucagon_clearance,38.19303829080906,0.10239597071848143,0.9999803549515938,0.9999803549211415,0.00626815051560823,0.006268150515615759,COMPENSATORY_high_impact,Fix (anchor)
glucagon_secretion_max,glucagon_secretion_max,38.19224343531994,0.1023938397018608,0.999999999466886,0.999999999466885,3.265318052245148e-05,3.265318052249071e-05,COMPENSATORY_high_impact,Fix (anchor)
hp_e2_oxt_scale,hp_e2_oxt_scale,38.07378229505129,0.10207624403539754,0.10407143768531482,0.10407004889444678,0.9945698245262178,0.9945698245274125,ESTIMATE_candidate,Estimate
hp_oxt_pg_threshold,hp_oxt_pg_threshold,38.06262090113125,0.10204632021115732,0.07719328829022917,0.07719185783518165,0.9970161464304089,0.9970161464316066,ESTIMATE_candidate,Estimate
cl_formation_scale,cl_formation_scale,37.64330064223056,0.10092211782052443,0.0038705337719360136,0.003868989658304362,0.9999925094561058,0.9999925094573071,ESTIMATE_candidate,Estimate
e2_clearance,e2_clearance,37.33193429517469,0.10008734109726161,3.83333134485425e-05,3.6783259471618165e-05,0.9999999992652788,0.9999999992664801,ESTIMATE_candidate,Estimate
hepatic_glucose_release,hepatic_glucose_release,36.45493985848387,0.0977361090225598,0.001842673479039154,0.0018411262219940943,0.9999983022757838,0.999998302276985,ESTIMATE_candidate,Estimate
glucagon_glucose_threshold,glucagon_glucose_threshold,36.351367645895685,0.09745843074080918,0.0014972203825366194,0.0014956725900000865,0.9999988791649357,0.999998879166137,ESTIMATE_or_constrain,Estimate
insulin_lh_threshold,insulin_lh_threshold,35.83655579625461,0.09607821430764679,0.9884405028864082,0.9884404849678766,0.15160927495923573,0.15160927495941787,FIX_anchor_compensation,Fix (anchor)
igf_lh_sensitivity_threshold,igf_lh_sensitivity_threshold,35.723118380881004,0.0957740873048529,0.011485003628188243,0.011483471317848331,0.9999340451708106,0.9999340451720118,ESTIMATE_or_constrain,Estimate
pg_clearance,pg_clearance,35.49175125435516,0.09515378940311041,0.00010636695690498185,0.00010481700838791974,0.9999999943430354,0.9999999943442367,ESTIMATE_candidate,Estimate
igf_lh_sensitivity_scale,igf_lh_sensitivity_scale,34.58069755885912,0.0927112440675793,0.02743039927501692,0.027428891681848432,0.9996237158029081,0.9996237158041089,ESTIMATE_or_constrain,Estimate
liver_usage_rate,liver_usage_rate,34.39195066832233,0.09220521150401495,0.05913649015326549,0.059135031708133265,0.9982499063522883,0.9982499063534874,ESTIMATE_or_constrain,Estimate
hp_lh_follicle_scale,hp_lh_follicle_scale,33.853966850224744,0.09076287075946639,0.05141328540697541,0.051411814990000027,0.9986774624890962,0.9986774624902959,ESTIMATE_or_constrain,Estimate
hp_cl_self_scale,hp_cl_self_scale,33.06272225013774,0.0886415349734846,0.0003295847714159107,0.0003280351689117734,0.9999999456869381,0.9999999456881393,ESTIMATE_candidate,Estimate
hp_e2_oxt_threshold,hp_e2_oxt_threshold,32.27156565798948,0.0865204351377891,0.0004195202634506546,0.00041797080035672847,0.9999999120013708,0.9999999120025721,ESTIMATE_candidate,Estimate
p4_clearance,p4_clearance,30.433754478404207,0.08159324243062507,9.22582012464307e-06,7.675721027803364e-06,0.9999999999574423,0.9999999999586435,ESTIMATE_candidate,Estimate
fsh_clearance,fsh_clearance,28.437390759463636,0.07624096855936122,0.0012552381550081802,0.0012536899873717546,0.9999992121882771,0.9999992121894784,ESTIMATE_candidate,Estimate
igf_clearance,igf_clearance,28.202656436130116,0.07561164316462127,0.00040294528743535876,0.0004013957986483402,0.9999999188175442,0.9999999188187455,ESTIMATE_candidate,Estimate
blood_to_liver_max,blood_to_liver_max,22.423017604068924,0.060116365619405594,0.9293168510530536,0.9293167414861572,0.36928334696928367,0.36928334696972726,FIX_anchor_compensation,Fix (anchor)
insulin_lh_scale,insulin_lh_scale,22.321754125408706,0.05984487707961486,0.3165647351640841,0.3165636757619234,0.9485709084989339,0.9485709085000734,ESTIMATE_or_constrain,Estimate
oxt_clearance,oxt_clearance,21.71825624643188,0.05822689239157166,0.0013482922292366154,0.0013467442058445569,0.9999990910536195,0.9999990910548208,ESTIMATE_or_constrain,Estimate
hp_e2_1_threshold,hp_e2_1_threshold,19.43916309705935,0.052116617696719734,0.005153935042812539,0.005152392918598393,0.9999867183885871,0.9999867183897884,ESTIMATE_or_constrain,Estimate
hp_gnrh_lh_threshold,hp_gnrh_lh_threshold,16.823878633181582,0.045105010258089474,0.034702460652549554,0.03470096433190084,0.9993976882225907,0.9993976882237912,ESTIMATE_or_constrain,Estimate
hm_e2_fsh_scale,hm_e2_fsh_scale,16.61956767411435,0.0445572502495031,0.007666424339845275,0.007664886110274449,0.9999706125371094,0.9999706125383107,ESTIMATE_or_constrain,Estimate
p4_baseline,p4_baseline,16.401787390953395,0.043973378829591,1.5501109950592645e-06,0.0,0.9999999999987987,1.0,ESTIMATE_candidate,Estimate
lh_clearance,lh_clearance,16.258630886374522,0.0435895746101046,0.045648987527673254,0.045647508175382503,0.9989575416091006,0.9989575416103006,ESTIMATE_or_constrain,Estimate
hm_p4_lh_threshold,hm_p4_lh_threshold,16.18273691922191,0.04338610201965247,0.0028397400240587943,0.002838194312579944,0.9999959679301689,0.9999959679313701,ESTIMATE_or_constrain,Estimate
insulin_igf_scale,insulin_igf_scale,15.804147332023451,0.042371099023820524,0.1582886829087685,0.15828737816077865,0.9873928766519472,0.9873928766531334,ESTIMATE_or_constrain,Estimate
hm_p4_igf_scale,hm_p4_igf_scale,15.804147300122635,0.04237109893829407,0.9874418530372279,0.9874418335706758,0.15798286891434082,0.1579828689145306,FIX_anchor_compensation,Fix (anchor)
hp_e2_1_scale,hp_e2_1_scale,15.448990134638096,0.04141891853199827,0.03343142264775421,0.03342992435685245,0.9994410137570636,0.9994410137582642,ESTIMATE_or_constrain,Estimate
gnrh_syn,gnrh_syn,15.119131494488142,0.040534563760302594,0.03678941785857371,0.03678792477294532,0.9993230402295479,0.9993230402307484,ESTIMATE_or_constrain,Estimate
igf_basal_release,igf_basal_release,13.174659639235928,0.035321412566692766,9.365814997757308e-05,9.210818176041907e-05,0.9999999956140755,0.9999999956152767,ESTIMATE_candidate,Estimate
hp_e2_lh_scale,hp_e2_lh_scale,12.604447125029822,0.03379266632075687,0.09897029473625599,0.09896889803803792,0.995090388236073,0.9950903882372684,ESTIMATE_or_constrain,Estimate
iof_clearance,iof_clearance,11.951283052307174,0.03204152600152841,0.0007200831904546312,0.0007185341932673249,0.9999997407400657,0.999999740741267,ESTIMATE_candidate,Estimate
hp_e2_lh_threshold,hp_e2_lh_threshold,11.518845271700389,0.030882155385778442,0.011435337923008743,0.011433805535681355,0.9999346143856547,0.9999346143868558,ESTIMATE_or_constrain,Estimate
hp_p4_follicle_threshold,hp_p4_follicle_threshold,11.416755658852917,0.030608451970821102,1.915945216442297e-05,1.7609368465839376e-05,0.9999999998164575,0.9999999998176587,ESTIMATE_candidate,Estimate
hp_p4_fsh_scale,hp_p4_fsh_scale,10.40039506603292,0.027883577644002774,0.0007842930803170557,0.00078274418266236,0.9999996924421349,0.9999996924433362,ESTIMATE_candidate,Estimate
hm_p4_lh_scale,hm_p4_lh_scale,9.72365651317022,0.026069233874979506,0.48680351539026356,0.4868027198775169,0.8735114981519602,0.8735114981530094,ESTIMATE_or_constrain,Estimate
hp_gnrh_lh_scale,hp_gnrh_lh_scale,9.624672163366817,0.02580385570561569,0.04076067085422035,0.04075918392448444,0.9991689385241689,0.9991689385253691,ESTIMATE_or_constrain,Estimate
insulin_igf_threshold,insulin_igf_threshold,7.745332608338787,0.020765324950835624,0.7534118579117923,0.7534114756722093,0.6575489125212676,0.6575489125220575,ESTIMATE_or_constrain,Estimate
cl_to_p4_scale,cl_to_p4_scale,5.466062068758774,0.014654574670816769,0.044332406080556275,0.04433092468741499,0.9990168355794155,0.9990168355806155,ESTIMATE_or_constrain,Estimate
hp_pg_iof_threshold,hp_pg_iof_threshold,4.978848977911666,0.013348350824361307,0.0033720578339868634,0.0033705129476609822,0.9999943145968204,0.9999943145980217,ESTIMATE_or_constrain,Estimate
hp_enz_pg_scale,hp_enz_pg_scale,4.112677845734164,0.011026136152349087,0.9970065372596403,0.9970065326194334,0.07731729859185014,0.07731729859194303,FIX_anchor_compensation,Fix (anchor)
feed_direct_blood_fraction,feed_direct_blood_fraction,3.4210321274031594,0.00917182610289624,0.009147031311852145,0.009145495377390022,0.999958165034008,0.9999581650352093,ESTIMATE_or_constrain,Estimate
hp_enz_pg_threshold,hp_enz_pg_threshold,2.8518648048107718,0.007645882027582612,0.20674487607018674,0.20674364643479112,0.9783948876699654,0.9783948876711407,ESTIMATE_or_constrain,Estimate
gnrh_clearance,gnrh_clearance,2.797668194624263,0.007500580298313429,0.010018824170057856,0.010017289586973522,0.9999498103216226,0.9999498103228237,ESTIMATE_or_constrain,Estimate
enz_clearance,enz_clearance,2.768528981288842,0.007422457735433393,0.30933430723428645,0.3093332366241425,0.9509533565679678,0.9509533565691101,ESTIMATE_or_constrain,Estimate
hp_p4_enz_scale,hp_p4_enz_scale,2.73495103474206,0.0073324348782516325,0.21404651153458937,0.2140452932175567,0.9768234696708878,0.9768234696720612,ESTIMATE_or_constrain,Estimate
hp_cl_self_threshold,hp_cl_self_threshold,2.1031251821260244,0.005638502570194852,0.009365930962001,0.009364395366858158,0.999956138706701,0.9999561387079022,ESTIMATE_or_constrain,Estimate
hp_iof_threshold,hp_iof_threshold,1.9883995074302863,0.005330921729483634,0.03907254236252674,0.039071052816000235,0.9992363766563592,0.9992363766575596,ESTIMATE_or_constrain,Estimate
hp_gnrh_fsh_scale,hp_gnrh_fsh_scale,1.8595446143662084,0.004985460293379518,0.009616633630408142,0.009615098423882865,0.9999537591096991,0.9999537591109002,ESTIMATE_or_constrain,Estimate
lh_basal_release,lh_basal_release,1.801679427441146,0.004830323068085138,0.0010827103541818806,0.0010811619191077994,0.9999994138689724,0.9999994138701737,ESTIMATE_candidate,Estimate
hp_pg_iof_scale,hp_pg_iof_scale,1.746798064355069,0.004683185508492121,0.991902632543668,0.9919026199918299,0.1270006596555367,0.12700065965568927,FIX_anchor_compensation,Fix (anchor)
hm_p4_igf_threshold,hm_p4_igf_threshold,1.7466956263679692,0.004682910871081825,1.2600621589677872e-05,1.1050527724163131e-05,0.9999999999206118,0.9999999999218131,FIX_low_sensitivity,Fix (irrelevant)
storage_to_liver_max,storage_to_liver_max,1.7356232488685583,0.004653225700879315,0.9999892749665561,0.9999892749499308,0.004631409273917256,0.004631409273922819,FIX_low_sensitivity,Fix (irrelevant)
liver_to_storage_max,liver_to_storage_max,1.7353456172042643,0.004652481367224811,0.999396651287715,0.999396650352456,0.03473231053214385,0.034732310532185576,FIX_low_sensitivity,Fix (irrelevant)
hp_p4_fsh_threshold,hp_p4_fsh_threshold,1.6602739608157395,0.004451213401298228,0.0006685306556520822,0.0006669815785525011,0.9999997765333564,0.9999997765345576,FIX_low_sensitivity,Fix (irrelevant)
hp_p4_enz_threshold,hp_p4_enz_threshold,1.2447062766638222,0.00333707170631276,0.03100904490704292,0.03100754286118097,0.9995191039364644,0.9995191039376651,FIX_low_sensitivity,Fix (irrelevant)
hp_cl_iof_threshold,hp_cl_iof_threshold,1.2387001644352722,0.0033209692510117765,0.027530515200967984,0.027529007762990533,0.999620963532063,0.9996209635332638,FIX_low_sensitivity,Fix (irrelevant)
hp_iof_scale,hp_iof_scale,1.1057384491204985,0.002964497377672311,0.9841869640222202,0.9841869395102211,0.1771327746317001,0.17713277463191288,FIX_low_sensitivity,Fix (irrelevant)
gnrh_hypo_max,gnrh_hypo_max,0.6829701094654426,0.0018310506432595228,0.9998114931844048,0.9998114928921976,0.01941592378364898,0.019415923783672306,FIX_low_sensitivity,Fix (irrelevant)
hm_e2_fsh_threshold,hm_e2_fsh_threshold,0.41686027352832067,0.001117607141827623,0.003835683904127634,0.0038341397364747357,0.9999926437374365,0.9999926437386377,FIX_low_sensitivity,Fix (irrelevant)
hm_p4_2_scale,hm_p4_2_scale,0.34674655092197837,0.0009296314528474031,0.7592677680675349,0.7592673949052767,0.6507783465771916,0.6507783465779733,FIX_low_sensitivity,Fix (irrelevant)
gnrh_release_scale,gnrh_release_scale,0.338226396688064,0.0009067888222923266,0.6776091862683391,0.6776086865260192,0.7354221853362587,0.7354221853371421,FIX_low_sensitivity,Fix (irrelevant)
hp_gnrh_fsh_threshold,hp_gnrh_fsh_threshold,0.29473996310410516,0.0007902011984953012,0.005423675634223884,0.005422133928138242,0.9999852917631419,0.9999852917643431,FIX_low_sensitivity,Fix (irrelevant)
hm_p4_2_threshold,hm_p4_2_threshold,0.24964288964933515,0.0006692954308576667,0.14507324600784516,0.1450719207744295,0.9894209181600859,0.9894209181612745,FIX_low_sensitivity,Fix (irrelevant)
storage_fat_threshold,storage_fat_threshold,0.20151610423831348,0.0005402669709535614,0.9999995084877225,0.9999995084869603,0.0009914758263114328,0.000991475826312624,FIX_low_sensitivity,Fix (irrelevant)
hm_p4_1_threshold,hm_p4_1_threshold,0.18899599421466082,0.0005067004133622893,0.10923063118836197,0.1092292503948289,0.9940164330684845,0.9940164330696786,FIX_low_sensitivity,Fix (irrelevant)
hm_e2_1_threshold,hm_e2_1_threshold,0.08866253501354447,0.00023770526633535644,0.014413324478948003,0.014411796707837474,0.9998961226434797,0.9998961226446809,FIX_low_sensitivity,Fix (irrelevant)
hp_lh_follicle_threshold,hp_lh_follicle_threshold,0.020190048772882874,5.412975074701847e-05,0.09844828844786653,0.09844689094047952,0.9951421679848989,0.9951421679860942,FIX_low_sensitivity,Fix (irrelevant)
milk_storage_threshold,milk_storage_threshold,6.910574842345822e-08,1.852732987139703e-10,0.9999999999998401,0.9999999999998399,5.647265753571956e-07,5.64726575357874e-07,FIX_low_sensitivity,Fix (irrelevant)
milk_fat_threshold,milk_fat_threshold,1.160495271746954e-09,3.1113010428744296e-12,0.9999999999997666,0.9999999999997664,6.833314142475776e-07,6.833314142483985e-07,FIX_low_sensitivity,Fix (irrelevant)
fat_mobilization_storage_threshold,fat_mobilization_storage_threshold,0.0,0.0,1.0000000000000002,1.0,7.245911717030584e-16,7.245911717039288e-16,FIX_low_sensitivity,Fix (irrelevant)
storage_to_liver_threshold,storage_to_liver_threshold,0.0,0.0,1.0000000000000002,1.0,4.038968316395905e-28,4.038968316400757e-28,FIX_low_sensitivity,Fix (irrelevant)
lactation_oxt_scale,lactation_oxt_scale,0.0,0.0,1.0,0.9999999999999998,1.6149550172018378e-15,1.6149550172037778e-15,FIX_low_sensitivity,Fix (irrelevant)
fat_to_liver_max,fat_to_liver_max,0.0,0.0,1.0,0.9999999999999998,1.0587916889387344e-22,1.0587916889400063e-22,FIX_low_sensitivity,Fix (irrelevant)
fat_glucose_transfer_threshold,fat_glucose_transfer_threshold,0.0,0.0,1.0,0.9999999999999998,0.0,0.0,FIX_low_sensitivity,Fix (irrelevant)
lactation_oxt_decay,lactation_oxt_decay,0.0,0.0,0.9999999999999996,0.9999999999999993,5.248553624572329e-16,5.2485536245786335e-16,FIX_low_sensitivity,Fix (irrelevant)
