biomarker,day,q05,median,q95,interval_width,samples
FSH,55,0.2511961978813931,0.34479049226691516,0.4554703787851681,0.20427418090377503,7874
FSH,56,0.9684922110645614,1.1759440820044427,1.353797070370412,0.3853048593058507,7874
FSH,57,1.742527692364305,1.8431454146732924,1.89552918268238,0.15300149031807497,7874
FSH,58,1.1723881651267067,1.3700383762725483,1.5757041581865607,0.403315993059854,7874
FSH,59,0.382310409638149,0.4788894912691308,0.617418862097754,0.235108452459605,7874
FSH,60,0.13969707322700933,0.1578274749055795,0.19284246341118771,0.05314539018417838,7874
FSH,61,0.16992936032431347,0.2197614890302264,0.28810103286704797,0.1181716725427345,7874
FSH,62,0.6579613504198,0.8420966471239895,1.0173960939685551,0.35943474354875515,7874
FSH,63,1.465779973585916,1.5788086541613704,1.6125226383954487,0.14674266480953269,7874
FSH,64,0.8408551977882838,0.9675454005509531,1.1208917190098777,0.28003652122159395,7874
FSH,65,0.20072370197313838,0.2794832118104635,0.4000344386493277,0.19931073667618932,7874
FSH,66,0.02973976942886732,0.0439243309911853,0.06799503622210536,0.03825526679323804,7874
FSH,67,0.00370388501108147,0.005492144494685399,0.008828002020244965,0.0051241170091634956,7874
FSH,68,0.001541006821909435,0.0018234023503323,0.00262499963239203,0.001083992810482595,7874
FSH,69,0.00613549382114277,0.01215766755076775,0.022014620781012788,0.015879126959870017,7874
FSH,70,0.05861922940115565,0.11462279371050424,0.19791133237252506,0.1392921029713694,7874
FSH,71,0.43591847852355703,0.690306495681569,0.9520259568959661,0.5161074783724091,7874
FSH,72,1.3450846643856158,1.6123334145298445,1.80026981078045,0.4551851463948342,7874
FSH,73,1.6980171058444453,1.8642592796856965,1.909024268031307,0.21100716218686166,7874
FSH,74,0.6786776868754929,0.9168637835276661,1.2455535543449126,0.5668758674694196,7874
FSH,75,0.20527826266597118,0.28187070031442635,0.41393258992775517,0.20865432726178398,7874
FSH,76,0.1260370269230888,0.13366235299384385,0.14912224520298906,0.02308521827990026,7874
FSH,77,0.24969196921219597,0.4005128020333407,0.5934290319404045,0.3437370627282086,7874
FSH,78,0.9637713849922699,1.2657223479597428,1.5125148547045444,0.5487434697122745,7874
FSH,79,1.7395382768886825,1.8572267657328927,1.891098037790141,0.1515597609014585,7874
FSH,80,0.9777540339562196,1.2640454325369865,1.579184747788155,0.6014307138319355,7874
FSH,81,0.30557960271454254,0.4254416688037786,0.6209793114874178,0.31539970877287526,7874
FSH,82,0.13222595352879024,0.14755214180600745,0.19413219509955046,0.06190624157076022,7874
FSH,83,0.16997960903438417,0.2517180936551062,0.3758151567256278,0.20583554769124365,7874
FSH,84,0.6551352328659776,0.9285472021596971,1.1785792036616918,0.5234439707957141,7874
FSH,85,1.4602600465711812,1.5687324247004668,1.6049908557202843,0.14473080914910308,7874
FSH,86,0.6968364801196217,0.9041255648144028,1.1262099836486164,0.4293735035289946,7874
FSH,87,0.14447008958713065,0.2365490557839193,0.4041243445026686,0.25965425491553795,7874
FSH,88,0.02041301642661234,0.03608440926892765,0.06883269127590398,0.04841967484929165,7874
FSH,89,0.0026530123887769,0.0044792017877678,0.008947451205534704,0.006294438816757804,7874
FSH,90,0.00154768674803174,0.0020163959079029002,0.0036770817577602244,0.0021293950097284846,7874
PGF,55,0.009116984922224366,0.01211838832884635,0.016141716648462034,0.007024731726237668,7874
PGF,56,0.002685877095674095,0.00358430627865715,0.004783537695471074,0.002097660599796979,7874
PGF,57,0.000784110529175245,0.0010476630727337,0.0013975862243646847,0.0006134756951894397,7874
PGF,58,0.00028780582798328504,0.00042524467353795,0.00108235793163502,0.0007945521036517349,7874
PGF,59,0.073352779439116,0.2786350826078263,0.7039523028831738,0.6305995234440578,7874
PGF,60,1.093436203381751,1.3691891510671903,1.662864122767891,0.56942791938614,7874
PGF,61,0.32208259433733255,0.4114613415134729,0.5460635890404012,0.22398099470306865,7874
PGF,62,0.09414283381864871,0.12027770370477164,0.15971222771552426,0.06556939389687555,7874
PGF,63,0.02753088150824102,0.03513172853451535,0.04673526911289329,0.01920438760465227,7874
PGF,64,0.008050190337635375,0.01026575100194785,0.013652059924967874,0.005601869587332499,7874
PGF,65,0.00235263625190581,0.0029994903377678498,0.003996085295025259,0.0016434490431194494,7874
PGF,66,0.00068747605740892,0.0008766936204361499,0.001168038127313665,0.000480562069904745,7874
PGF,67,0.000204638773830065,0.00025848316132925,0.00034235875414873995,0.00013771998031867494,7874
PGF,68,6.173443453035994e-05,7.843517768443999e-05,0.00010354957558,4.181514104964006e-05,7874
PGF,69,1.8058920268915633e-05,2.3001182466174032e-05,3.055332159438954e-05,1.249440132547391e-05,7874
PGF,70,5.27093816394502e-06,6.7269477514137985e-06,8.945158957694929e-06,3.6742207937499094e-06,7874
PGF,71,1.5377123578707538e-06,1.9663897552119307e-06,2.617094423137096e-06,1.0793820652663424e-06,7874
PGF,72,4.4827529604266206e-07,5.753035137044661e-07,7.651665825385355e-07,3.1689128649587345e-07,7874
PGF,73,1.3138097993362847e-07,1.6811245693851142e-07,2.2374035885724842e-07,9.235937892361995e-08,7874
PGF,74,3.9791277290361093e-07,1.3617109736622824e-05,0.00015731248682259496,0.00015691457404969135,7874
PGF,75,0.0014963907149105951,0.0068330312382576,0.0172788136092394,0.015782422894328803,7874
PGF,76,0.019481877028413946,0.0262547022092612,0.034848395436984834,0.015366518408570888,7874
PGF,77,0.0076419395726743805,0.010675598187996401,0.01499718366793731,0.00735524409526293,7874
PGF,78,0.002240645128325055,0.0031419444831924503,0.004445141508148629,0.002204496379823574,7874
PGF,79,0.000654350631992735,0.0009181520105839001,0.0012988356704328149,0.0006444850384400799,7874
PGF,80,0.000290010320321655,0.0005490147747176999,0.00470597776010612,0.004415967439784465,7874
PGF,81,0.0699160547662239,0.43641547639533684,1.3048044951808875,1.2348884404146636,7874
PGF,82,0.8756850902565538,1.2286734049032804,1.6627274541870243,0.7870423639304704,7874
PGF,83,0.2566764568133782,0.3649283549421682,0.5512212832013207,0.2945448263879425,7874
PGF,84,0.075048855057212,0.10664604697702915,0.16136488792722667,0.08631603287001467,7874
PGF,85,0.02192850282876371,0.03119130669922795,0.047143284205487156,0.025214781376723446,7874
PGF,86,0.00641009838272269,0.009113783661591799,0.013774854940700824,0.007364756557978134,7874
PGF,87,0.001874994054382285,0.0026641561265559497,0.004022964991541765,0.00214797093715948,7874
PGF,88,0.000548640579784525,0.0007784393226562001,0.0011766352103341098,0.0006279946305495849,7874
PGF,89,0.000165013925203685,0.0002302508009594,0.0003447050140788849,0.00017969108887519992,7874
PGF,90,4.9334762288688774e-05,6.971771318867576e-05,0.00010415361788549996,5.481885559681118e-05,7874
P4,55,0.9842141697369962,1.012421154991085,1.037184281857613,0.05297011212061675,7874
P4,56,1.066743599560498,1.096261384945521,1.1222665748032707,0.05552297524277283,7874
P4,57,1.1528187236090583,1.183776394810831,1.210950184613295,0.05813146100423672,7874
P4,58,1.2424911410282713,1.274904139951695,1.3031817787814413,0.06069063775316996,7874
P4,59,1.3356565920987085,1.3695172712627295,1.399041352068926,0.06338475997021753,7874
P4,60,0.5281637414525719,0.6931588244111411,0.9613697383799985,0.43320599692742656,7874
P4,61,0.1826094712014552,0.2228433853794436,0.2885647925871455,0.1059553213856903,7874
P4,62,0.09817717308508599,0.108007510766048,0.12415400757338663,0.02597683448830064,7874
P4,63,0.07748455024089157,0.07998252248095195,0.08398081825454028,0.006496268013648707,7874
P4,64,0.07230814000515677,0.07316160559645091,0.07425767842472321,0.0019495384195664378,7874
P4,65,0.07250486948371593,0.0808535343104495,0.10223882810208187,0.029733958618365947,7874
P4,66,0.19374800628529806,0.24002358634773752,0.27581573430161876,0.0820677280163207,7874
P4,67,0.3258543956102194,0.35394364054325356,0.3759324101141239,0.05007801450390453,7874
P4,68,0.3953366912512929,0.41879944199549946,0.4383059362067018,0.04296924495540888,7874
P4,69,0.45065934715322237,0.47431854068539686,0.49437824287495796,0.043718895721735596,7874
P4,70,0.5055076336251203,0.530688849250931,0.5518960013505754,0.04638836772545507,7874
P4,71,0.5631994348475996,0.5899505051093158,0.6124853124914779,0.04928587764387826,7874
P4,72,0.6242706081638999,0.6527191739653635,0.6765866494583254,0.052316041294425464,7874
P4,73,0.688931914228085,0.719041938827621,0.7442153941405873,0.055283479912502376,7874
P4,74,0.7570887263616038,0.7889351503751731,0.8155105462655488,0.058421819903944905,7874
P4,75,0.828851688861802,0.8623591294418571,0.8904099024745715,0.061558213612769475,7874
P4,76,0.9041903872570652,0.9393704787065761,0.9688767831269346,0.06468639586986935,7874
P4,77,0.9831215320307927,1.019951928669138,1.0509951553562051,0.06787362332541247,7874
P4,78,1.0656953524994999,1.104121295275426,1.1366792354462798,0.07098388294677993,7874
P4,79,1.151800528289489,1.191863936471886,1.2260292913160444,0.07422876302655546,7874
P4,80,1.241603103683974,1.283230505155879,1.3189118323242526,0.07730872864027849,7874
P4,81,1.3347824665094583,1.378167072024041,1.4142623107684569,0.07947984425899857,7874
P4,82,0.4232641649996343,0.6138024828060926,0.9700987799733476,0.5468346149737133,7874
P4,83,0.1570784670813328,0.20360181778174305,0.29040810821075813,0.13332964112942533,7874
P4,84,0.09193349885909684,0.10333452443520219,0.124605664587149,0.03267216572805216,7874
P4,85,0.0759850522771893,0.07882945588580925,0.08407838351566195,0.008093331238472654,7874
P4,86,0.07195405576357676,0.07288699107753605,0.07425378540418269,0.0022997296406059298,7874
P4,87,0.07248524162972045,0.08888858318425795,0.13152195066796574,0.05903670903824529,7874
P4,88,0.19253710947329286,0.2553311885707573,0.30009336541411985,0.10755625594082699,7874
P4,89,0.3251891252027764,0.36130751308023723,0.3885045080158912,0.06331538281311483,7874
P4,90,0.3950662291069409,0.4242475744371129,0.44841829093571356,0.05335206182877267,7874
E2,55,0.02336071989754018,0.028445208145827898,0.0357632762973846,0.01240255639984442,7874
E2,56,0.012866017177075705,0.0133321403160291,0.01482381732719212,0.001957800150116415,7874
E2,57,0.03700532165145819,0.053330405322723304,0.07108493070780729,0.0340796090563491,7874
E2,58,0.13622066142654976,0.1621388898250768,0.18290810392587167,0.04668744249932191,7874
E2,59,0.2009470701681601,0.2110033965148982,0.21635714868125283,0.015410078513092729,7874
E2,60,0.09614557513435742,0.1141218461275069,0.13662229264560724,0.040476717511249816,7874
E2,61,0.0331352689229747,0.0405612623347827,0.051032141926927614,0.017896873003952915,7874
E2,62,0.01467218188578894,0.0152382909017847,0.01748479228471304,0.0028126103989241005,7874
E2,63,0.03870381997387101,0.07046846411138995,0.11666020383497674,0.07795638386110573,7874
E2,64,0.38349193641894724,0.55275349342817,0.7308320926740052,0.34734015625505793,7874
E2,65,1.21234022744857,1.3259609161076318,1.3598446492096883,0.14750442176111833,7874
E2,66,0.42833475571834567,0.5612195817556774,0.7599516938011132,0.3316169380827675,7874
E2,67,0.12743350954540722,0.1686509673440178,0.23445720842568682,0.1070236988802796,7874
E2,68,0.037465352615104905,0.04972607349846975,0.06939558890383735,0.03193023628873244,7874
E2,69,0.010971189781800415,0.01458911848051445,0.02039472095389134,0.009423531172090924,7874
E2,70,0.0032081260822534948,0.00426965537061755,0.005973986528101214,0.0027658604458477196,7874
E2,71,0.00142660939502551,0.00154025396983005,0.00186204458471458,0.00043543518968906987,7874
E2,72,0.005865091009743211,0.014894983781357451,0.029217820506354963,0.023352729496611754,7874
E2,73,0.06285946975753577,0.09825468628497219,0.1322490393154684,0.06938956955793261,7874
E2,74,0.17719172576679446,0.20671946403557806,0.22150610623375572,0.04431438046696126,7874
E2,75,0.1512718459842448,0.1812917281197907,0.2080935806825427,0.05682173469829788,7874
E2,76,0.05775030161963301,0.07630157320908015,0.10378787421170595,0.04603757259207294,7874
E2,77,0.01914582903630383,0.02548713116314855,0.03606783793456625,0.016922008898262418,7874
E2,78,0.012922867698696695,0.01381744304452085,0.01859287658648711,0.005670008887790415,7874
E2,79,0.03666779256689234,0.061956561047087244,0.09068892540825799,0.05402113284136564,7874
E2,80,0.13549135081441788,0.1726328535844594,0.1991557577054427,0.06366440689102482,7874
E2,81,0.18453508626116832,0.2062796064295894,0.21553980128621483,0.03100471502504651,7874
E2,82,0.08004467885730178,0.1041996717665758,0.13717990461506557,0.057135225757763794,7874
E2,83,0.027018510904536264,0.036391626681342396,0.05132073799472087,0.02430222709018461,7874
E2,84,0.01461768201069863,0.01538785130428355,0.01799272688820299,0.0033750448775043615,7874
E2,85,0.03816885592268853,0.0907612114831983,0.17888513714758986,0.14071628122490132,7874
E2,86,0.37867820247168843,0.6363767838905243,0.9216188315803806,0.5429406291086922,7874
E2,87,1.053487087533066,1.2917574512888723,1.3594428340276299,0.3059557464945639,7874
E2,88,0.3425145992930543,0.5001329417207321,0.7662540297002459,0.42373943040719164,7874
E2,89,0.10164488766834509,0.1497774077880677,0.23643262379455618,0.1347877361262111,7874
E2,90,0.02984753474288944,0.0441122868593097,0.06999715021132834,0.0401496154684389,7874
INH,55,0.1140224138140585,0.12353238874550145,0.13525360468325373,0.021231190869195227,7874
INH,56,0.07700113927284823,0.08066269285361341,0.08661612993405664,0.009614990661208411,7874
INH,57,0.08020259513540197,0.0899805041309734,0.1024316446907253,0.02222904955532333,7874
INH,58,0.15614924282656453,0.18153567939254617,0.20384440584399624,0.04769516301743171,7874
INH,59,0.2524993489437648,0.2614529777553921,0.2670875675984097,0.01458821865464488,7874
INH,60,0.20066232386809715,0.21524906278605244,0.23058428453153557,0.029921960663438413,7874
INH,61,0.1298057925874955,0.1411873154692062,0.15463748057691612,0.02483168798942062,7874
INH,62,0.08484341768923073,0.0905548374020361,0.09856775349037432,0.013724335801143586,7874
INH,63,0.08702876528507268,0.1072001837753496,0.14004918195423519,0.053020416669162504,7874
INH,64,0.3543071037441768,0.5012274094231457,0.6612440483628068,0.30693694461863,7874
INH,65,1.2492184037630152,1.3541767338189845,1.377386956564244,0.12816855280122885,7874
INH,66,0.9224640637883359,1.0344747056078027,1.176408030437987,0.253943966649651,7874
INH,67,0.5757786700549039,0.6484816456862763,0.7451370173532261,0.16935834729832222,7874
INH,68,0.3581079571422171,0.40386224224948064,0.4645919563492161,0.10648399920699897,7874
INH,69,0.22260455190769993,0.2512293578072575,0.2891491406818127,0.06654458877411276,7874
INH,70,0.13832516918119298,0.1562355835264846,0.17992951819547828,0.04160434901428531,7874
INH,71,0.08660840131797817,0.0973133179618247,0.11197273308314834,0.025364331765170167,7874
INH,72,0.0711008250786854,0.072403737996621,0.07640944274017078,0.005308617661485382,7874
INH,73,0.09542410718574919,0.12244994055527975,0.15180872911211138,0.05638462192636219,7874
INH,74,0.1965757912909181,0.2321633428420823,0.25668473371516004,0.060108942424241946,7874
INH,75,0.24364417630007543,0.2589398517072071,0.2676560949305438,0.024011918630468393,7874
INH,76,0.16524976054129228,0.18480764725661813,0.20859475253395166,0.04334499199265937,7874
INH,77,0.10487063089928075,0.11809429392849219,0.1354620559504597,0.030591425051178955,7874
INH,78,0.07517559165981166,0.0783699219106183,0.08673591909110788,0.011560327431296216,7874
INH,79,0.08000802984143074,0.0956559619121791,0.11713777088802056,0.03712974104658982,7874
INH,80,0.15542636969620635,0.19264331462159479,0.22354720434846745,0.0681208346522611,7874
INH,81,0.2521386254138933,0.26068405079996537,0.26608847669365776,0.013949851279764447,7874
INH,82,0.18662329403236394,0.207456333446679,0.23060397766111523,0.043980683628751294,7874
INH,83,0.11962071122128577,0.13501595507111375,0.15491580914532152,0.03529509792403575,7874
INH,84,0.08142219599228605,0.0872829254757681,0.09872928869120745,0.017307092698921403,7874
INH,85,0.08674450045093907,0.12121372118826315,0.18735433620077963,0.10060983574984056,7874
INH,86,0.35095990612024686,0.5763912712141819,0.8400259627071668,0.48906605658691993,7874
INH,87,1.244708863459932,1.3503164781691122,1.3826202727279429,0.13791140926801093,7874
INH,88,0.8457547140593359,0.9896403327521707,1.1797872901151985,0.33403257605586256,7874
INH,89,0.5273401992036516,0.6192255867371601,0.7476777526640963,0.2203375534604447,7874
INH,90,0.327941825294672,0.3855807114686241,0.46618428358175973,0.13824245828708775,7874
IGF1,55,0.23650733546438477,0.2381341310367796,0.23977209811872913,0.003264762654344361,7874
IGF1,56,0.23572707592581005,0.2373486376059074,0.238974325518766,0.003247249592955942,7874
IGF1,57,0.23518340857641157,0.2368016938817637,0.23842093715193594,0.0032375285755243677,7874
IGF1,58,0.23478969183879037,0.23641227645952112,0.23803129527256556,0.003241603433775192,7874
IGF1,59,0.23450632349908856,0.2361319182979849,0.2377466594141715,0.003240335915082937,7874
IGF1,60,0.2355366176079039,0.23824146894913076,0.243127989012094,0.0075913714041901115,7874
IGF1,61,0.293640246153929,0.34320926271595387,0.3874927884749239,0.09385254232099494,7874
IGF1,62,0.46009683532467216,0.48456616445921685,0.5003964972914983,0.040299661966826106,7874
IGF1,63,0.5132160048232007,0.5213415679918845,0.5278632982816864,0.0146472934584857,7874
IGF1,64,0.5237472346645714,0.5288611307293051,0.5338216869079654,0.010074452243393983,7874
IGF1,65,0.5257409700983404,0.5302781123549131,0.5347454151702835,0.00900444507194309,7874
IGF1,66,0.477377230370108,0.4992498637699553,0.5158772836706149,0.03850005330050693,7874
IGF1,67,0.36984945466985497,0.3912782480395737,0.41892449005336896,0.04907503538351399,7874
IGF1,68,0.31196718651412364,0.32406302304363666,0.3407277306318594,0.028760544117735765,7874
IGF1,69,0.28323532569119164,0.2905563408770586,0.30073789420893227,0.017502568517740624,7874
IGF1,70,0.26660815439094987,0.2715500335627852,0.2782360591753139,0.01162790478436404,7874
IGF1,71,0.25608307835334976,0.25958568224424794,0.26416682210464093,0.008083743751291173,7874
IGF1,72,0.2490740559045292,0.25175674519232827,0.2550189709457625,0.00594491504123329,7874
IGF1,73,0.24439667559952663,0.24657604045744907,0.24901604246269832,0.004619366863171687,7874
IGF1,74,0.24120501460836258,0.2431071871006689,0.2450944621355,0.003889447527137435,7874
IGF1,75,0.23901118734997853,0.24075047004442984,0.2425270928817544,0.003515905531775859,7874
IGF1,76,0.23749431447911462,0.2391577642741612,0.24084914274676303,0.0033548282676484076,7874
IGF1,77,0.23642765913552985,0.2380623618326093,0.2397161691187766,0.003288509983246757,7874
IGF1,78,0.23566927379125807,0.2372958270243457,0.23892699846489732,0.003257724673639245,7874
IGF1,79,0.23514391022529227,0.23676458662478495,0.23838193807537686,0.0032380278500845905,7874
IGF1,80,0.23476542484913404,0.23638443366201684,0.23799889613412165,0.0032334712849876046,7874
IGF1,81,0.234488826325191,0.23611115625613271,0.2377290008595102,0.0032401745343192123,7874
IGF1,82,0.23565676101278132,0.23971890212277958,0.2526720481460502,0.017015287133268886,7874
IGF1,83,0.29242038911677587,0.36283934383733696,0.4195276676476236,0.12710727853084774,7874
IGF1,84,0.45948341049649505,0.49101963322459163,0.5089011180062738,0.04941770750977875,7874
IGF1,85,0.5131585428743036,0.5226867633744212,0.5296161059432641,0.016457563068960512,7874
IGF1,86,0.5237793854659063,0.5291055959338906,0.5341498995549785,0.010370514089072191,7874
IGF1,87,0.525716552472607,0.5299513147187856,0.5341223641655433,0.008405811692936305,7874
IGF1,88,0.4553801370118803,0.48986389589668494,0.5159242867414136,0.06054414972953326,7874
IGF1,89,0.355785409070845,0.38236682872491656,0.41944071282142603,0.06365530375058104,7874
IGF1,90,0.3054143897450158,0.31978906779766436,0.34093699712306474,0.035522607378048965,7874
Insulin,55,14.91424444025474,15.243409278664029,15.58117603288641,0.6669315926316699,7874
Insulin,56,14.914244440254743,15.243409278664032,15.581176032886415,0.6669315926316717,7874
Insulin,57,14.914244440254754,15.243409278664029,15.581176032886404,0.6669315926316504,7874
Insulin,58,14.91424444025475,15.243409278664018,15.581176032886408,0.6669315926316575,7874
Insulin,59,14.914244440254736,15.243409278664023,15.581176032889388,0.6669315926346524,7874
Insulin,60,14.914244440254773,15.24340927866401,15.581176032886408,0.6669315926316344,7874
Insulin,61,14.914244440254754,15.243409278664032,15.581176032886408,0.6669315926316539,7874
Insulin,62,14.914244440254755,15.24340927866404,15.581176032886413,0.6669315926316575,7874
Insulin,63,14.914244440254743,15.24340927866404,15.581176032886413,0.6669315926316699,7874
Insulin,64,14.914244440254718,15.24340927866404,15.581176032886404,0.6669315926316859,7874
Insulin,65,14.914244440254757,15.243409278664036,15.581176032886415,0.6669315926316575,7874
Insulin,66,14.914244440254755,15.243409278664032,15.581176032886415,0.6669315926316592,7874
Insulin,67,14.91424444025475,15.243409278664034,15.581176032886415,0.6669315926316646,7874
Insulin,68,14.914244440254748,15.243409278664032,15.581176032886411,0.6669315926316628,7874
Insulin,69,14.91424444025474,15.243409278664025,15.581176032886408,0.6669315926316681,7874
Insulin,70,14.914244440254754,15.243409278664032,15.581176032886406,0.6669315926316521,7874
Insulin,71,14.91424444025474,15.243409278664029,15.581176032886415,0.6669315926316752,7874
Insulin,72,14.914244440254746,15.243409278664029,15.581176032886411,0.6669315926316646,7874
Insulin,73,14.914244440254748,15.243409278664036,15.581176032886415,0.6669315926316663,7874
Insulin,74,14.914244440254736,15.243409278664036,15.581176032886411,0.6669315926316752,7874
Insulin,75,14.914244440254748,15.24340927866404,15.581176032886411,0.6669315926316628,7874
Insulin,76,14.914244440254738,15.243409278664032,15.581176032886415,0.666931592631677,7874
Insulin,77,14.914244440254738,15.243409278664029,15.581176032886411,0.6669315926316735,7874
Insulin,78,14.914244440254745,15.24340927866403,15.581176032886408,0.6669315926316628,7874
Insulin,79,14.914244440254738,15.24340927866403,15.581176032886402,0.6669315926316646,7874
Insulin,80,14.914244440254748,15.243409278664021,15.581176032886411,0.6669315926316628,7874
Insulin,81,14.914244440254746,15.243409278664235,15.581176032886425,0.6669315926316788,7874
Insulin,82,14.914244440255159,15.24340927866401,15.58117603288641,0.6669315926312507,7874
Insulin,83,14.914244440254762,15.243409278664032,15.581176032886411,0.6669315926316486,7874
Insulin,84,14.914244440254759,15.243409278664032,15.581176032886406,0.6669315926316468,7874
Insulin,85,14.914244440254752,15.243409278664025,15.581176032886487,0.6669315926317356,7874
Insulin,86,14.914244440254754,15.24340927866403,15.581176032886415,0.666931592631661,7874
Insulin,87,14.91424444025476,15.243409278664036,15.58117603288637,0.6669315926316095,7874
Insulin,88,14.914244440254746,15.243409278664032,15.581176032886413,0.6669315926316663,7874
Insulin,89,14.91424444025474,15.24340927866404,15.581176032886406,0.6669315926316663,7874
Insulin,90,14.914244440254745,15.24340927866404,15.58117603288641,0.6669315926316646,7874
Glucose,55,0.47495761314687684,0.47642059608758947,0.47790407056924383,0.002946457422366988,7874
Glucose,56,0.47495761314687684,0.4764205960875896,0.4779040705692439,0.0029464574223670437,7874
Glucose,57,0.4749576131468768,0.47642059608758947,0.47790407056924383,0.0029464574223670437,7874
Glucose,58,0.47495761314687684,0.4764205960875894,0.4779040705692439,0.0029464574223670437,7874
Glucose,59,0.4749576131468769,0.47642059608758947,0.47790407056924367,0.002946457422366766,7874
Glucose,60,0.4749576131468768,0.4764205960875895,0.47790407056924383,0.0029464574223670437,7874
Glucose,61,0.4749576131468768,0.4764205960875896,0.4779040705692439,0.002946457422367099,7874
Glucose,62,0.47495761314687684,0.4764205960875896,0.47790407056924394,0.002946457422367099,7874
Glucose,63,0.47495761314687684,0.47642059608758947,0.47790407056924417,0.0029464574223673212,7874
Glucose,64,0.4749576131468767,0.47642059608758947,0.47790407056924383,0.0029464574223671547,7874
Glucose,65,0.4749576131468768,0.47642059608758947,0.47790407056924383,0.0029464574223670437,7874
Glucose,66,0.47495761314687684,0.4764205960875895,0.4779040705692439,0.0029464574223670437,7874
Glucose,67,0.4749576131468768,0.47642059608758947,0.4779040705692439,0.002946457422367099,7874
Glucose,68,0.4749576131468769,0.47642059608758947,0.47790407056924394,0.0029464574223670437,7874
Glucose,69,0.4749576131468768,0.4764205960875893,0.4779040705692438,0.002946457422366988,7874
Glucose,70,0.4749576131468769,0.4764205960875894,0.4779040705692438,0.002946457422366877,7874
Glucose,71,0.4749576131468768,0.4764205960875894,0.47790407056924383,0.0029464574223670437,7874
Glucose,72,0.47495761314687684,0.4764205960875896,0.4779040705692439,0.0029464574223670437,7874
Glucose,73,0.47495761314687684,0.4764205960875894,0.47790407056924383,0.002946457422366988,7874
Glucose,74,0.4749576131468768,0.4764205960875894,0.47790407056924405,0.0029464574223672657,7874
Glucose,75,0.4749576131468768,0.4764205960875894,0.47790407056924383,0.0029464574223670437,7874
Glucose,76,0.4749576131468768,0.47642059608758947,0.47790407056924383,0.0029464574223670437,7874
Glucose,77,0.4749576131468768,0.4764205960875894,0.4779040705692439,0.002946457422367099,7874
Glucose,78,0.47495761314687673,0.47642059608758947,0.47790407056924394,0.00294645742236721,7874
Glucose,79,0.4749576131468768,0.47642059608758947,0.4779040705692439,0.002946457422367099,7874
Glucose,80,0.4749576131468768,0.4764205960875893,0.4779040705692436,0.0029464574223668216,7874
Glucose,81,0.47495761314687707,0.4764205960875895,0.4779040705692426,0.002946457422365545,7874
Glucose,82,0.47495761314687596,0.4764205960875897,0.47790407056924394,0.0029464574223679874,7874
Glucose,83,0.47495761314687673,0.47642059608758963,0.4779040705692439,0.0029464574223671547,7874
Glucose,84,0.4749576131468769,0.47642059608758963,0.47790407056924394,0.0029464574223670437,7874
Glucose,85,0.4749576131468774,0.4764205960875896,0.4779040705692443,0.002946457422366877,7874
Glucose,86,0.4749576131468768,0.47642059608758947,0.47790407056924383,0.0029464574223670437,7874
Glucose,87,0.4749576131468768,0.4764205960875896,0.47790407056924417,0.0029464574223673767,7874
Glucose,88,0.47495761314687673,0.4764205960875896,0.4779040705692439,0.0029464574223671547,7874
Glucose,89,0.4749576131468768,0.4764205960875896,0.47790407056924383,0.0029464574223670437,7874
Glucose,90,0.4749576131468768,0.47642059608758947,0.4779040705692438,0.002946457422366988,7874
