biomarker,parameter,variance_screening_score,method,sampling_design,samples
E2,insulin_glucose_threshold,0.5085281619162774,equal-count-bin estimate of Var(E[AUC|parameter])/Var(AUC),ordinary independent uniform Monte Carlo; not Sobol/Saltelli,10000
E2,blood_usage_glucose_threshold,0.22021065805601392,equal-count-bin estimate of Var(E[AUC|parameter])/Var(AUC),ordinary independent uniform Monte Carlo; not Sobol/Saltelli,10000
E2,blood_to_liver_glucose_threshold,0.020820179668523696,equal-count-bin estimate of Var(E[AUC|parameter])/Var(AUC),ordinary independent uniform Monte Carlo; not Sobol/Saltelli,10000
E2,insulin_lh_threshold,0.016580319471501515,equal-count-bin estimate of Var(E[AUC|parameter])/Var(AUC),ordinary independent uniform Monte Carlo; not Sobol/Saltelli,10000
E2,insulin_clearance,0.013450792478889993,equal-count-bin estimate of Var(E[AUC|parameter])/Var(AUC),ordinary independent uniform Monte Carlo; not Sobol/Saltelli,10000
E2,insulin_secretion_max,0.011239545033942904,equal-count-bin estimate of Var(E[AUC|parameter])/Var(AUC),ordinary independent uniform Monte Carlo; not Sobol/Saltelli,10000
E2,e2_clearance,0.011234847769498799,equal-count-bin estimate of Var(E[AUC|parameter])/Var(AUC),ordinary independent uniform Monte Carlo; not Sobol/Saltelli,10000
E2,insulin_lh_scale,0.009486105563859436,equal-count-bin estimate of Var(E[AUC|parameter])/Var(AUC),ordinary independent uniform Monte Carlo; not Sobol/Saltelli,10000
E2,hp_e2_1_scale,0.009273177735044626,equal-count-bin estimate of Var(E[AUC|parameter])/Var(AUC),ordinary independent uniform Monte Carlo; not Sobol/Saltelli,10000
E2,hp_e2_1_threshold,0.0081317346738264,equal-count-bin estimate of Var(E[AUC|parameter])/Var(AUC),ordinary independent uniform Monte Carlo; not Sobol/Saltelli,10000
FSH,hp_fsh_follicle_scale,0.2663373594214251,equal-count-bin estimate of Var(E[AUC|parameter])/Var(AUC),ordinary independent uniform Monte Carlo; not Sobol/Saltelli,10000
FSH,insulin_glucose_threshold,0.1505679114729996,equal-count-bin estimate of Var(E[AUC|parameter])/Var(AUC),ordinary independent uniform Monte Carlo; not Sobol/Saltelli,10000
FSH,hp_fsh_follicle_threshold,0.14657649936101855,equal-count-bin estimate of Var(E[AUC|parameter])/Var(AUC),ordinary independent uniform Monte Carlo; not Sobol/Saltelli,10000
FSH,hp_p4_follicle_scale,0.08667694826304202,equal-count-bin estimate of Var(E[AUC|parameter])/Var(AUC),ordinary independent uniform Monte Carlo; not Sobol/Saltelli,10000
FSH,blood_usage_glucose_threshold,0.05472872439318972,equal-count-bin estimate of Var(E[AUC|parameter])/Var(AUC),ordinary independent uniform Monte Carlo; not Sobol/Saltelli,10000
FSH,fsh_clearance,0.025251584891761443,equal-count-bin estimate of Var(E[AUC|parameter])/Var(AUC),ordinary independent uniform Monte Carlo; not Sobol/Saltelli,10000
FSH,hm_follicle_threshold,0.020908692010473698,equal-count-bin estimate of Var(E[AUC|parameter])/Var(AUC),ordinary independent uniform Monte Carlo; not Sobol/Saltelli,10000
FSH,p4_clearance,0.01765679534061276,equal-count-bin estimate of Var(E[AUC|parameter])/Var(AUC),ordinary independent uniform Monte Carlo; not Sobol/Saltelli,10000
FSH,fsh_syn_scale,0.014512334564245223,equal-count-bin estimate of Var(E[AUC|parameter])/Var(AUC),ordinary independent uniform Monte Carlo; not Sobol/Saltelli,10000
FSH,insulin_fsh_scale,0.011314821300426504,equal-count-bin estimate of Var(E[AUC|parameter])/Var(AUC),ordinary independent uniform Monte Carlo; not Sobol/Saltelli,10000
Glucose,blood_usage_glucose_threshold,0.659250717614733,equal-count-bin estimate of Var(E[AUC|parameter])/Var(AUC),ordinary independent uniform Monte Carlo; not Sobol/Saltelli,10000
Glucose,insulin_glucose_threshold,0.1977154273691857,equal-count-bin estimate of Var(E[AUC|parameter])/Var(AUC),ordinary independent uniform Monte Carlo; not Sobol/Saltelli,10000
Glucose,blood_to_liver_glucose_threshold,0.06279702609146683,equal-count-bin estimate of Var(E[AUC|parameter])/Var(AUC),ordinary independent uniform Monte Carlo; not Sobol/Saltelli,10000
Glucose,blood_usage_max,0.02205020970555008,equal-count-bin estimate of Var(E[AUC|parameter])/Var(AUC),ordinary independent uniform Monte Carlo; not Sobol/Saltelli,10000
Glucose,liver_usage_rate,0.018584445199564044,equal-count-bin estimate of Var(E[AUC|parameter])/Var(AUC),ordinary independent uniform Monte Carlo; not Sobol/Saltelli,10000
Glucose,glucagon_clearance,0.016674405008091947,equal-count-bin estimate of Var(E[AUC|parameter])/Var(AUC),ordinary independent uniform Monte Carlo; not Sobol/Saltelli,10000
Glucose,glucagon_glucose_threshold,0.015126931410235623,equal-count-bin estimate of Var(E[AUC|parameter])/Var(AUC),ordinary independent uniform Monte Carlo; not Sobol/Saltelli,10000
Glucose,glucagon_secretion_max,0.013611241462838654,equal-count-bin estimate of Var(E[AUC|parameter])/Var(AUC),ordinary independent uniform Monte Carlo; not Sobol/Saltelli,10000
Glucose,hepatic_glucose_release,0.012124858695507645,equal-count-bin estimate of Var(E[AUC|parameter])/Var(AUC),ordinary independent uniform Monte Carlo; not Sobol/Saltelli,10000
Glucose,insulin_secretion_max,0.009869198022319236,equal-count-bin estimate of Var(E[AUC|parameter])/Var(AUC),ordinary independent uniform Monte Carlo; not Sobol/Saltelli,10000
IGF1,igf_clearance,0.3463050699928838,equal-count-bin estimate of Var(E[AUC|parameter])/Var(AUC),ordinary independent uniform Monte Carlo; not Sobol/Saltelli,10000
IGF1,igf_basal_release,0.1896849139599108,equal-count-bin estimate of Var(E[AUC|parameter])/Var(AUC),ordinary independent uniform Monte Carlo; not Sobol/Saltelli,10000
IGF1,insulin_glucose_threshold,0.18858704561835854,equal-count-bin estimate of Var(E[AUC|parameter])/Var(AUC),ordinary independent uniform Monte Carlo; not Sobol/Saltelli,10000
IGF1,blood_usage_glucose_threshold,0.09064517657741186,equal-count-bin estimate of Var(E[AUC|parameter])/Var(AUC),ordinary independent uniform Monte Carlo; not Sobol/Saltelli,10000
IGF1,insulin_igf_scale,0.03334202999632649,equal-count-bin estimate of Var(E[AUC|parameter])/Var(AUC),ordinary independent uniform Monte Carlo; not Sobol/Saltelli,10000
IGF1,hm_p4_igf_scale,0.03286946264831095,equal-count-bin estimate of Var(E[AUC|parameter])/Var(AUC),ordinary independent uniform Monte Carlo; not Sobol/Saltelli,10000
IGF1,hm_p4_igf_threshold,0.0132353250057109,equal-count-bin estimate of Var(E[AUC|parameter])/Var(AUC),ordinary independent uniform Monte Carlo; not Sobol/Saltelli,10000
IGF1,inhibin_clearance,0.01288576739631161,equal-count-bin estimate of Var(E[AUC|parameter])/Var(AUC),ordinary independent uniform Monte Carlo; not Sobol/Saltelli,10000
IGF1,blood_to_liver_glucose_threshold,0.01069927089910218,equal-count-bin estimate of Var(E[AUC|parameter])/Var(AUC),ordinary independent uniform Monte Carlo; not Sobol/Saltelli,10000
IGF1,insulin_igf_threshold,0.008931824654294535,equal-count-bin estimate of Var(E[AUC|parameter])/Var(AUC),ordinary independent uniform Monte Carlo; not Sobol/Saltelli,10000
INH,insulin_glucose_threshold,0.3445017569889007,equal-count-bin estimate of Var(E[AUC|parameter])/Var(AUC),ordinary independent uniform Monte Carlo; not Sobol/Saltelli,10000
INH,blood_usage_glucose_threshold,0.14655760170751048,equal-count-bin estimate of Var(E[AUC|parameter])/Var(AUC),ordinary independent uniform Monte Carlo; not Sobol/Saltelli,10000
INH,follicle_to_inhibin_scale,0.07349262196857247,equal-count-bin estimate of Var(E[AUC|parameter])/Var(AUC),ordinary independent uniform Monte Carlo; not Sobol/Saltelli,10000
INH,follicle_to_e2_scale,0.03156470449927353,equal-count-bin estimate of Var(E[AUC|parameter])/Var(AUC),ordinary independent uniform Monte Carlo; not Sobol/Saltelli,10000
INH,insulin_lh_threshold,0.027431962297929484,equal-count-bin estimate of Var(E[AUC|parameter])/Var(AUC),ordinary independent uniform Monte Carlo; not Sobol/Saltelli,10000
INH,hp_fsh_follicle_scale,0.02456085014206712,equal-count-bin estimate of Var(E[AUC|parameter])/Var(AUC),ordinary independent uniform Monte Carlo; not Sobol/Saltelli,10000
INH,hp_p4_follicle_scale,0.017237414709353558,equal-count-bin estimate of Var(E[AUC|parameter])/Var(AUC),ordinary independent uniform Monte Carlo; not Sobol/Saltelli,10000
INH,hm_ih_2_threshold,0.016924172332886577,equal-count-bin estimate of Var(E[AUC|parameter])/Var(AUC),ordinary independent uniform Monte Carlo; not Sobol/Saltelli,10000
INH,hp_p4_follicle_threshold,0.014942026954126157,equal-count-bin estimate of Var(E[AUC|parameter])/Var(AUC),ordinary independent uniform Monte Carlo; not Sobol/Saltelli,10000
INH,hp_e2_1_threshold,0.01424291352728473,equal-count-bin estimate of Var(E[AUC|parameter])/Var(AUC),ordinary independent uniform Monte Carlo; not Sobol/Saltelli,10000
Insulin,insulin_glucose_threshold,0.6007783730092318,equal-count-bin estimate of Var(E[AUC|parameter])/Var(AUC),ordinary independent uniform Monte Carlo; not Sobol/Saltelli,10000
Insulin,blood_usage_glucose_threshold,0.2933028756117539,equal-count-bin estimate of Var(E[AUC|parameter])/Var(AUC),ordinary independent uniform Monte Carlo; not Sobol/Saltelli,10000
Insulin,blood_to_liver_glucose_threshold,0.027329599113523825,equal-count-bin estimate of Var(E[AUC|parameter])/Var(AUC),ordinary independent uniform Monte Carlo; not Sobol/Saltelli,10000
Insulin,insulin_clearance,0.019913508628520843,equal-count-bin estimate of Var(E[AUC|parameter])/Var(AUC),ordinary independent uniform Monte Carlo; not Sobol/Saltelli,10000
Insulin,insulin_secretion_max,0.014574285986999837,equal-count-bin estimate of Var(E[AUC|parameter])/Var(AUC),ordinary independent uniform Monte Carlo; not Sobol/Saltelli,10000
Insulin,blood_usage_max,0.009421434169369329,equal-count-bin estimate of Var(E[AUC|parameter])/Var(AUC),ordinary independent uniform Monte Carlo; not Sobol/Saltelli,10000
Insulin,hepatic_glucose_release,0.008597739207266947,equal-count-bin estimate of Var(E[AUC|parameter])/Var(AUC),ordinary independent uniform Monte Carlo; not Sobol/Saltelli,10000
Insulin,glucagon_clearance,0.007338205223487275,equal-count-bin estimate of Var(E[AUC|parameter])/Var(AUC),ordinary independent uniform Monte Carlo; not Sobol/Saltelli,10000
Insulin,glucagon_glucose_threshold,0.006705852497175851,equal-count-bin estimate of Var(E[AUC|parameter])/Var(AUC),ordinary independent uniform Monte Carlo; not Sobol/Saltelli,10000
Insulin,liver_usage_rate,0.005695384787933935,equal-count-bin estimate of Var(E[AUC|parameter])/Var(AUC),ordinary independent uniform Monte Carlo; not Sobol/Saltelli,10000
P4,inhibin_clearance,0.10144730206621384,equal-count-bin estimate of Var(E[AUC|parameter])/Var(AUC),ordinary independent uniform Monte Carlo; not Sobol/Saltelli,10000
P4,cl_to_p4_scale,0.08220253388791317,equal-count-bin estimate of Var(E[AUC|parameter])/Var(AUC),ordinary independent uniform Monte Carlo; not Sobol/Saltelli,10000
P4,insulin_glucose_threshold,0.06299239700231143,equal-count-bin estimate of Var(E[AUC|parameter])/Var(AUC),ordinary independent uniform Monte Carlo; not Sobol/Saltelli,10000
P4,cl_formation_scale,0.055103314988518864,equal-count-bin estimate of Var(E[AUC|parameter])/Var(AUC),ordinary independent uniform Monte Carlo; not Sobol/Saltelli,10000
P4,p4_clearance,0.048098289310508524,equal-count-bin estimate of Var(E[AUC|parameter])/Var(AUC),ordinary independent uniform Monte Carlo; not Sobol/Saltelli,10000
P4,hp_cl_self_scale,0.0349365834953726,equal-count-bin estimate of Var(E[AUC|parameter])/Var(AUC),ordinary independent uniform Monte Carlo; not Sobol/Saltelli,10000
P4,hp_fsh_follicle_scale,0.0322520672645847,equal-count-bin estimate of Var(E[AUC|parameter])/Var(AUC),ordinary independent uniform Monte Carlo; not Sobol/Saltelli,10000
P4,follicle_to_e2_scale,0.030653113153951694,equal-count-bin estimate of Var(E[AUC|parameter])/Var(AUC),ordinary independent uniform Monte Carlo; not Sobol/Saltelli,10000
P4,hp_p4_follicle_threshold,0.02140864420602033,equal-count-bin estimate of Var(E[AUC|parameter])/Var(AUC),ordinary independent uniform Monte Carlo; not Sobol/Saltelli,10000
P4,hp_p4_follicle_scale,0.021146613023348755,equal-count-bin estimate of Var(E[AUC|parameter])/Var(AUC),ordinary independent uniform Monte Carlo; not Sobol/Saltelli,10000
PGF,insulin_glucose_threshold,0.082218151505382,equal-count-bin estimate of Var(E[AUC|parameter])/Var(AUC),ordinary independent uniform Monte Carlo; not Sobol/Saltelli,10000
PGF,blood_usage_glucose_threshold,0.017561885477221487,equal-count-bin estimate of Var(E[AUC|parameter])/Var(AUC),ordinary independent uniform Monte Carlo; not Sobol/Saltelli,10000
PGF,hp_p4_follicle_scale,0.01667553347731061,equal-count-bin estimate of Var(E[AUC|parameter])/Var(AUC),ordinary independent uniform Monte Carlo; not Sobol/Saltelli,10000
PGF,hp_fsh_follicle_scale,0.015260107732421093,equal-count-bin estimate of Var(E[AUC|parameter])/Var(AUC),ordinary independent uniform Monte Carlo; not Sobol/Saltelli,10000
PGF,hp_e2_oxt_scale,0.008106130681916712,equal-count-bin estimate of Var(E[AUC|parameter])/Var(AUC),ordinary independent uniform Monte Carlo; not Sobol/Saltelli,10000
PGF,hp_oxt_pg_threshold,0.007787895434000886,equal-count-bin estimate of Var(E[AUC|parameter])/Var(AUC),ordinary independent uniform Monte Carlo; not Sobol/Saltelli,10000
PGF,fsh_clearance,0.007711307682667053,equal-count-bin estimate of Var(E[AUC|parameter])/Var(AUC),ordinary independent uniform Monte Carlo; not Sobol/Saltelli,10000
PGF,hm_follicle_threshold,0.007544327618077741,equal-count-bin estimate of Var(E[AUC|parameter])/Var(AUC),ordinary independent uniform Monte Carlo; not Sobol/Saltelli,10000
PGF,hp_e2_oxt_threshold,0.00672746323775409,equal-count-bin estimate of Var(E[AUC|parameter])/Var(AUC),ordinary independent uniform Monte Carlo; not Sobol/Saltelli,10000
PGF,inhibin_clearance,0.006646483107870665,equal-count-bin estimate of Var(E[AUC|parameter])/Var(AUC),ordinary independent uniform Monte Carlo; not Sobol/Saltelli,10000
