biomarker,parameter,prcc,abs_prcc,samples,identifiability_class,spearman_rho,abs_spearman_rho
FSH,gnrh_clearance,-0.01869570303470925,0.01869570303470925,7874,Boundary-limited,0.002132248135278268,0.002132248135278268
FSH,lh_basal_release,0.00010134573458495115,0.00010134573458495115,7874,Weak/flat,-0.014914753877290108,0.014914753877290108
FSH,hp_p4_follicle_scale,0.8062259936379371,0.8062259936379371,7874,Practically identifiable,0.293744450244527,0.293744450244527
FSH,hp_iof_threshold,0.00013133944585233035,0.00013133944585233035,7874,Boundary-limited,0.001884886357713417,0.001884886357713417
FSH,inhibin_clearance,0.5961376951313253,0.5961376951313253,7874,Practically identifiable,0.02893424511977099,0.02893424511977099
FSH,insulin_igf_threshold,-0.0050636899455308,0.0050636899455308,7874,Weak/flat,0.0219075683558878,0.0219075683558878
FSH,feed_direct_blood_fraction,0.035842510327781546,0.035842510327781546,7874,Weak/flat,-0.0027667653551271248,0.0027667653551271248
FSH,blood_to_liver_glucose_threshold,0.4277218919085063,0.4277218919085063,7874,Boundary-limited,0.05258292612834613,0.05258292612834613
FSH,insulin_glucose_threshold,-0.8983028363825328,0.8983028363825328,7874,Practically identifiable,-0.3920953414787743,0.3920953414787743
PGF,gnrh_clearance,0.02337922569483878,0.02337922569483878,7874,Boundary-limited,0.014540420906309201,0.014540420906309201
PGF,lh_basal_release,-0.006647888017802561,0.006647888017802561,7874,Weak/flat,-0.0064660255765927755,0.0064660255765927755
PGF,hp_p4_follicle_scale,-0.27955011510346384,0.27955011510346384,7874,Practically identifiable,-0.22198012900346173,0.22198012900346173
PGF,hp_iof_threshold,0.026477735694274196,0.026477735694274196,7874,Boundary-limited,0.024335883968048776,0.024335883968048776
PGF,inhibin_clearance,-0.28956838665723134,0.28956838665723134,7874,Practically identifiable,-0.19269253766915656,0.19269253766915656
PGF,insulin_igf_threshold,0.020053881751935673,0.020053881751935673,7874,Weak/flat,0.010176317783396515,0.010176317783396515
PGF,feed_direct_blood_fraction,-0.002894456441791497,0.002894456441791497,7874,Weak/flat,0.0020226404843705637,0.0020226404843705637
PGF,blood_to_liver_glucose_threshold,-0.06285411509705825,0.06285411509705825,7874,Boundary-limited,-0.020558170123761633,0.020558170123761633
PGF,insulin_glucose_threshold,0.25614483523423753,0.25614483523423753,7874,Practically identifiable,0.12270768589363083,0.12270768589363083
P4,gnrh_clearance,0.05914323016018219,0.05914323016018219,7874,Boundary-limited,0.0180658922451073,0.0180658922451073
P4,lh_basal_release,-0.0033514029603401913,0.0033514029603401913,7874,Weak/flat,0.0063774678423532,0.0063774678423532
P4,hp_p4_follicle_scale,-0.26201431121076724,0.26201431121076724,7874,Practically identifiable,-0.1441700688205983,0.1441700688205983
P4,hp_iof_threshold,0.041879397803618275,0.041879397803618275,7874,Boundary-limited,0.033272029099434317,0.033272029099434317
P4,inhibin_clearance,-0.4294814935442475,0.4294814935442475,7874,Practically identifiable,-0.3241697924039882,0.3241697924039882
P4,insulin_igf_threshold,-0.0124961852609326,0.0124961852609326,7874,Weak/flat,0.0010210043977393515,0.0010210043977393515
P4,feed_direct_blood_fraction,0.0036071943645420938,0.0036071943645420938,7874,Weak/flat,-0.009849194318724564,0.009849194318724564
P4,blood_to_liver_glucose_threshold,0.17655231276930172,0.17655231276930172,7874,Boundary-limited,0.030999354185507137,0.030999354185507137
P4,insulin_glucose_threshold,-0.6086847630542416,0.6086847630542416,7874,Practically identifiable,-0.3533315924943258,0.3533315924943258
E2,gnrh_clearance,0.07633438298270695,0.07633438298270695,7874,Boundary-limited,0.008657205418515886,0.008657205418515886
E2,lh_basal_release,0.026928129784787227,0.026928129784787227,7874,Weak/flat,0.010410377150633997,0.010410377150633997
E2,hp_p4_follicle_scale,-0.3903459750276189,0.3903459750276189,7874,Practically identifiable,0.011926825454492846,0.011926825454492846
E2,hp_iof_threshold,-0.012696933425555484,0.012696933425555484,7874,Boundary-limited,-0.013005734698301427,0.013005734698301427
E2,inhibin_clearance,-0.6861688486218066,0.6861688486218066,7874,Practically identifiable,0.07566129838429649,0.07566129838429649
E2,insulin_igf_threshold,0.128087669939009,0.128087669939009,7874,Weak/flat,0.005964958886762444,0.005964958886762444
E2,feed_direct_blood_fraction,-0.04979094621901113,0.04979094621901113,7874,Weak/flat,0.002550043130679065,0.002550043130679065
E2,blood_to_liver_glucose_threshold,-0.7240042850268517,0.7240042850268517,7874,Boundary-limited,-0.08755964966485284,0.08755964966485284
E2,insulin_glucose_threshold,0.974239053083318,0.974239053083318,7874,Practically identifiable,0.6314765940105812,0.6314765940105812
INH,gnrh_clearance,0.06996983908429932,0.06996983908429932,7874,Boundary-limited,0.0031854182676508435,0.0031854182676508435
INH,lh_basal_release,0.021145064452440875,0.021145064452440875,7874,Weak/flat,0.02072163870736867,0.02072163870736867
INH,hp_p4_follicle_scale,0.3053918244313063,0.3053918244313063,7874,Practically identifiable,0.15627305567886768,0.15627305567886768
INH,hp_iof_threshold,0.0029737695184158647,0.0029737695184158647,7874,Boundary-limited,-0.014562166630094362,0.014562166630094362
INH,inhibin_clearance,-0.4028736173723621,0.4028736173723621,7874,Practically identifiable,0.10177332064776448,0.10177332064776448
INH,insulin_igf_threshold,0.10078702487790958,0.10078702487790958,7874,Weak/flat,0.012655332605494434,0.012655332605494434
INH,feed_direct_blood_fraction,-0.02880980504749934,0.02880980504749934,7874,Weak/flat,-0.0017354358036303426,0.0017354358036303426
INH,blood_to_liver_glucose_threshold,-0.516520834801033,0.516520834801033,7874,Boundary-limited,-0.060546185130692924,0.060546185130692924
INH,insulin_glucose_threshold,0.9307525175289996,0.9307525175289996,7874,Practically identifiable,0.5108841256804769,0.5108841256804769
IGF1,gnrh_clearance,-0.008032655976533281,0.008032655976533281,7874,Boundary-limited,0.0073499194821631236,0.0073499194821631236
IGF1,lh_basal_release,-0.008520998905929104,0.008520998905929104,7874,Weak/flat,-0.015335706711695764,0.015335706711695764
IGF1,hp_p4_follicle_scale,-0.1844103035338055,0.1844103035338055,7874,Practically identifiable,-0.09540366339823121,0.09540366339823121
IGF1,hp_iof_threshold,-0.031363148732943186,0.031363148732943186,7874,Boundary-limited,-0.0021852464313518566,0.0021852464313518566
IGF1,inhibin_clearance,0.5102922834171371,0.5102922834171371,7874,Practically identifiable,-0.022082551641481263,0.022082551641481263
IGF1,insulin_igf_threshold,-0.4586572638395245,0.4586572638395245,7874,Weak/flat,-0.0898696543221203,0.0898696543221203
IGF1,feed_direct_blood_fraction,0.024078280121063476,0.024078280121063476,7874,Weak/flat,-0.004029464968415641,0.004029464968415641
IGF1,blood_to_liver_glucose_threshold,0.4789636155319269,0.4789636155319269,7874,Boundary-limited,0.03210187898570713,0.03210187898570713
IGF1,insulin_glucose_threshold,-0.9091126133627241,0.9091126133627241,7874,Practically identifiable,-0.28482900323020316,0.28482900323020316
Insulin,gnrh_clearance,0.0036150283857901764,0.0036150283857901764,7874,Boundary-limited,0.0011969428418785227,0.0011969428418785227
Insulin,lh_basal_release,0.0017295924134290287,0.0017295924134290287,7874,Weak/flat,0.0004736536666071705,0.0004736536666071705
Insulin,hp_p4_follicle_scale,0.04548858060004527,0.04548858060004527,7874,Practically identifiable,-0.07324078290584891,0.07324078290584891
Insulin,hp_iof_threshold,-0.014766353694142975,0.014766353694142975,7874,Boundary-limited,0.004427966685428995,0.004427966685428995
Insulin,inhibin_clearance,0.10120819092206826,0.10120819092206826,7874,Practically identifiable,-0.23246056568639906,0.23246056568639906
Insulin,insulin_igf_threshold,0.002917723448299913,0.002917723448299913,7874,Weak/flat,0.020092914750979834,0.020092914750979834
Insulin,feed_direct_blood_fraction,0.046486838918600476,0.046486838918600476,7874,Weak/flat,-0.005024002578667517,0.005024002578667517
Insulin,blood_to_liver_glucose_threshold,0.7752308133232063,0.7752308133232063,7874,Boundary-limited,0.09041787946405455,0.09041787946405455
Insulin,insulin_glucose_threshold,-0.9809883228462427,0.9809883228462427,7874,Practically identifiable,-0.7052830811426595,0.7052830811426595
Glucose,gnrh_clearance,-0.008115371306088266,0.008115371306088266,7874,Boundary-limited,0.007129297350633195,0.007129297350633195
Glucose,lh_basal_release,-0.015928139393936676,0.015928139393936676,7874,Weak/flat,0.0006647367740853317,0.0006647367740853317
Glucose,hp_p4_follicle_scale,-0.0057247268167314215,0.0057247268167314215,7874,Practically identifiable,-0.026684644125543805,0.026684644125543805
Glucose,hp_iof_threshold,0.0050010780524911164,0.0050010780524911164,7874,Boundary-limited,0.006786592594868701,0.006786592594868701
Glucose,inhibin_clearance,0.0024492323804012534,0.0024492323804012534,7874,Practically identifiable,-0.035474429166032155,0.035474429166032155
Glucose,insulin_igf_threshold,0.015250898191546151,0.015250898191546151,7874,Weak/flat,0.0014964947744003985,0.0014964947744003985
Glucose,feed_direct_blood_fraction,0.09176688562530336,0.09176688562530336,7874,Weak/flat,0.020474587040468617,0.020474587040468617
Glucose,blood_to_liver_glucose_threshold,0.8729568192933019,0.8729568192933019,7874,Boundary-limited,0.2163440668239444,0.2163440668239444
Glucose,insulin_glucose_threshold,0.9413856112562456,0.9413856112562456,7874,Practically identifiable,0.5978407316663665,0.5978407316663665
